x,y,z
99156.181600000,85020.815900000,172.187800000
99157.110353929,85020.445223553,172.101914008
99158.037261224,85020.069953025,172.113973938
99158.964168519,85019.694682497,172.126033867
99159.891075814,85019.319411969,172.138093796
99160.817983109,85018.944141442,172.150153726
99161.744890404,85018.568870914,172.162213655
99162.671506157,85018.192881861,172.174321534
99163.597840219,85017.816198562,172.186475741
99164.524174281,85017.439515262,172.198629949
99165.450506355,85017.062827077,172.210760125
99166.376608380,85016.685573658,172.220110045
99167.302710405,85016.308320240,172.229459964
99168.228813909,85015.931070455,172.238883882
99169.155089028,85015.554242234,172.256894855
99170.081364146,85015.177414013,172.274905828
99171.007639264,85014.800585792,172.292916801
99171.933914382,85014.423757571,172.310927774
99172.860480221,85014.047645526,172.325950347
99173.787327052,85013.672225688,172.338084535
99174.714173883,85013.296805851,172.350218724
99175.641025635,85012.921398190,172.362414844
99176.568452703,85012.547414050,172.381851379
99177.495879771,85012.173429909,172.401287915
99178.423311905,85011.799458363,172.420696746
99179.351337803,85011.426962678,172.436858877
99180.279363700,85011.054466993,172.453021009
99181.207389598,85010.681971307,172.469183140
99182.135415496,85010.309475622,172.485345271
99183.063594236,85009.937361168,172.500768561
99183.991920745,85009.565615295,172.515477524
99184.920247255,85009.193869422,172.530186488
99185.848573765,85008.822123549,172.544895451
99186.776900274,85008.450377676,172.559604415
99187.705223595,85008.078623851,172.574315411
99188.633169894,85007.705929916,172.589266711
99189.561116192,85007.333235981,172.604218011
99190.489062491,85006.960542046,172.619169311
99191.416738714,85006.587177048,172.626969386
99192.344153742,85006.213163053,172.627853381
99193.271564702,85005.839138990,172.628840279
99194.198492223,85005.463918422,172.642056158
99195.125419743,85005.088697855,172.655272037
99196.052101823,85004.712872079,172.664282789
99196.978546497,85004.336460909,172.669226093
99197.904991171,85003.960049740,172.674169398
99198.831286007,85003.583270194,172.679334647
99199.757434725,85003.206131421,172.684783185
99200.683442606,85002.828646976,172.698439772
99201.609450488,85002.451162532,172.712096358
99202.535458195,85002.073677659,172.725708114
99203.461444962,85001.696141424,172.733944031
99204.387431730,85001.318605188,172.742179949
99205.313483296,85000.941227961,172.747369915
99206.239597558,85000.564004584,172.749612758
99207.165711820,85000.186781207,172.751855601
99208.091828147,84999.809562906,172.754077580
99209.018193584,84999.432956770,172.753783296
99209.944559020,84999.056350635,172.753489012
99210.870924456,84998.679744500,172.753194728
99211.797400171,84998.303409849,172.753736066
99212.723982605,84997.927337920,172.755086055
99213.650646816,84997.551467600,172.759342518
99214.577390170,84997.175792397,172.766411833
99215.504133524,84996.800117194,172.773481147
99216.430876878,84996.424441990,172.780550462
99217.357620232,84996.048766787,172.787619777
99218.284365354,84995.673095950,172.794670130
99219.211306202,84995.297908305,172.799600099
99220.138247049,84994.922720661,172.804530068
99221.065189794,84994.547537709,172.809512067
99221.992364328,84994.172927931,172.820848626
99222.919538862,84993.798318153,172.832185185
99223.846714621,84993.423711409,172.843440752
99224.774040525,84993.049476495,172.844769315
99225.701366429,84992.675241582,172.846097879
99226.628692333,84992.301006669,172.847426442
99227.555995149,84991.926714556,172.851294380
99228.483275611,84991.552367060,172.857621004
99229.410556074,84991.178019565,172.863947629
99230.337723241,84990.803391674,172.870737139
99231.264780706,84990.428492274,172.877974862
99232.191838171,84990.053592875,172.885212585
99233.118895635,84989.678693475,172.892450308
99234.045950770,84989.303788319,172.899651568
99234.972717572,84988.928170966,172.902341549
99235.899484375,84988.552553613,172.905031530
99236.826250013,84988.176933388,172.907745075
99237.752871203,84987.800956963,172.913381688
99238.679492394,84987.424980537,172.919018301
99239.606113760,84987.049004545,172.924636869
99240.532757003,84986.673082475,172.928008852
99241.459400246,84986.297160405,172.931380834
99242.386145954,84985.921491105,172.936897890
99243.312990918,84985.546066657,172.944492829
99244.239835881,84985.170642210,172.952087767
99245.166680845,84984.795217762,172.959682705
99246.093738009,84984.420318033,173.008894456
99247.021030044,84984.045999222,173.064378377
99247.948379841,84983.671823519,173.052723359
99248.875729638,84983.297647815,173.041068341
99249.803079435,84982.923472112,173.029413323
99250.730429231,84982.549296409,173.017758304
99251.657779028,84982.175120706,173.006103286
99252.585131122,84981.800950701,172.994594818
99253.512772747,84981.427499073,173.001559756
99254.440414371,84981.054047445,173.008524693
99255.368055996,84980.680595816,173.015489630
99256.295697231,84980.307143220,173.022410204
99257.223289088,84979.933567993,173.023712696
99258.150880944,84979.559992765,173.025015189
99259.078472801,84979.186417538,173.026317681
99260.006064287,84978.812841392,173.027666823
99260.933608752,84978.439148514,173.034942326
99261.861153218,84978.065455636,173.042217830
99262.788697683,84977.691762758,173.049493333
99263.716242149,84977.318069880,173.056768837
99264.643803605,84976.944419180,173.062098432
99265.571381532,84976.570809367,173.065541733
99266.498959459,84976.197199554,173.068985034
99267.426553587,84975.823629970,173.077544725
99268.354163422,84975.450099388,173.091064625
99269.281773258,84975.076568805,173.104584526
99270.210470037,84974.705760141,173.114338233
99271.140220674,84974.337590539,173.120440390
99272.069971311,84973.969420938,173.126542547
99272.999721948,84973.601251337,173.132644703
99273.929472586,84973.233081735,173.138746860
99274.859117720,84972.864646979,173.144841797
99275.787651389,84972.493418845,173.150860673
99276.716185058,84972.122190710,173.156879550
99277.644718727,84971.750962575,173.162898427
99278.573252396,84971.379734441,173.168917303
99279.501786065,84971.008506306,173.174936180
99280.430319734,84970.637278171,173.180955057
99281.358853403,84970.266050037,173.186973933
99282.287387072,84969.894821902,173.192992810
99283.215770555,84969.523220627,173.198895363
99284.142571470,84969.147687453,173.203572172
99285.069372386,84968.772154278,173.208248982
99285.996173302,84968.396621103,173.212925792
99286.922974217,84968.021087928,173.217602601
99287.849775133,84967.645554753,173.222279411
99288.776576049,84967.270021578,173.226956220
99289.703376964,84966.894488403,173.231633030
99290.630177880,84966.518955229,173.236309839
99291.556978796,84966.143422054,173.240986649
99292.484084830,84965.768643404,173.245559105
99293.411405886,84965.394396478,173.250058022
99294.338726942,84965.020149552,173.254556938
99295.266047998,84964.645902626,173.259055855
99296.193369054,84964.271655699,173.263554772
99297.120690110,84963.897408773,173.268053689
99298.048011166,84963.523161847,173.272552605
99298.975332222,84963.148914921,173.277051522
99299.902653278,84962.774667995,173.281550439
99300.829971799,84962.400414788,173.286039116
99301.757263562,84962.026095286,173.290419715
99302.684555127,84961.651775296,173.294798999
99303.611846391,84961.277454559,173.299176270
99304.539137655,84960.903133822,173.303553542
99305.466428919,84960.528813085,173.307930813
99306.393720184,84960.154492348,173.312308085
99307.321011448,84959.780171611,173.316685356
99308.248302712,84959.405850874,173.321062627
99309.175593976,84959.031530137,173.325439899
99310.102571440,84958.656433631,173.329724298
99311.029327646,84958.280790133,173.333943214
99311.956083852,84957.905146635,173.338162130
99312.882840058,84957.529503137,173.342381045
99313.809596264,84957.153859639,173.346599961
99314.736352470,84956.778216141,173.350818877
99315.663108676,84956.402572643,173.355037792
99316.589864881,84956.026929145,173.359256708
99317.516621087,84955.651285647,173.363475624
99318.443351674,84955.275579016,173.367677168
99319.369811385,84954.899204857,173.371695034
99320.296271095,84954.522830698,173.375712900
99321.222730806,84954.146456540,173.379730766
99322.149190516,84953.770082381,173.383748632
99323.075650227,84953.393708222,173.387766498
99324.002109937,84953.017334064,173.391784364
99324.928569648,84952.640959905,173.395802230
99325.855029359,84952.264585746,173.399820096
99326.781489069,84951.888211587,173.403837963
99327.708291827,84951.512683742,173.407718298
99328.635336604,84951.137752970,173.411501605
99329.562381381,84950.762822198,173.415284913
99330.489426158,84950.387891427,173.419068220
99331.416470936,84950.012960655,173.422851528
99332.343515713,84949.638029883,173.426634835
99333.270560490,84949.263099112,173.430418143
99334.197605267,84948.888168340,173.434201450
99335.124650045,84948.513237568,173.437984758
99336.051800811,84948.138569045,173.441606273
99336.979026372,84947.764085585,173.445113615
99337.906251933,84947.389602125,173.448620956
99338.833477494,84947.015118665,173.452128298
99339.760703055,84946.640635204,173.455635640
99340.687928616,84946.266151744,173.459142981
99341.615154176,84945.891668284,173.462650323
99342.542379737,84945.517184824,173.466157665
99343.469605298,84945.142701364,173.469665006
99344.396840081,84944.768240747,173.473145126
99345.324172622,84944.394022280,173.476336683
99346.251505163,84944.019803813,173.479528240
99347.178837704,84943.645585345,173.482719797
99348.106170245,84943.271366878,173.485911354
99349.033502785,84942.897148411,173.489102911
99349.960835326,84942.522929943,173.492294467
99350.888167867,84942.148711476,173.495486024
99351.815500408,84941.774493009,173.498677581
99352.742832949,84941.400274541,173.501869138
99353.670152112,84941.026022927,173.504857706
99354.597461830,84940.651747908,173.507702947
99355.524771548,84940.277472888,173.510548189
99356.452081265,84939.903197869,173.513393430
99357.379390983,84939.528922850,173.516238671
99358.306700701,84939.154647831,173.519083913
99359.234010419,84938.780372811,173.521929154
99360.161320136,84938.406097792,173.524774395
99361.088629854,84938.031822773,173.527619636
99362.015924186,84937.657509661,173.534522718
99362.943055139,84937.282792035,173.584516122
99363.870186092,84936.908074410,173.634509526
99364.797616972,84936.534099739,173.624567797
99365.725053290,84936.160138540,173.613539153
99366.652489609,84935.786177342,173.602510510
99367.579925927,84935.412216144,173.591481866
99368.507362246,84935.038254946,173.580453223
99369.434798564,84934.664293748,173.569424579
99370.362234883,84934.290332550,173.558395936
99371.289782963,84933.916648729,173.555064894
99372.217410004,84933.543160878,173.557172248
99373.145037045,84933.169673026,173.559279601
99374.072664086,84932.796185174,173.561386954
99375.000291127,84932.422697323,173.563494308
99375.927918168,84932.049209471,173.565601661
99376.855545210,84931.675721620,173.567709014
99377.783172251,84931.302233768,173.569816368
99378.710799292,84930.928745916,173.571923721
99379.638401543,84930.555196564,173.573996705
99380.565740083,84930.180992961,173.575704061
99381.493078622,84929.806789359,173.577411417
99382.420417161,84929.432585756,173.579118773
99383.347755700,84929.058382154,173.580826129
99384.275094240,84928.684178551,173.582533485
99385.202432779,84928.309974949,173.584240841
99386.129771318,84927.935771346,173.585948197
99387.057109858,84927.561567743,173.587655553
99387.984448397,84927.187364141,173.589362909
99388.911830436,84926.813268368,173.590815830
99389.839243225,84926.439248822,173.592088890
99390.766655551,84926.065228126,173.593362266
99391.694067165,84925.691205668,173.594636126
99392.621478780,84925.317183209,173.595909987
99393.548890395,84924.943160750,173.597183848
99394.476302009,84924.569138291,173.598457708
99395.403713624,84924.195115833,173.599731569
99396.331125238,84923.821093374,173.601005430
99397.258253018,84923.446375910,173.602251075
99398.182356320,84923.064252646,173.603196071
99399.106459623,84922.682129382,173.604141067
99400.030562925,84922.300006117,173.605086063
99400.954636348,84921.917810688,173.606011759
99401.878391313,84921.534846109,173.606731755
99402.802146277,84921.151881530,173.607451751
99403.725901241,84920.768916951,173.608171747
99404.649656205,84920.385952372,173.608891743
99405.575035245,84920.006946055,173.609418832
99406.501562845,84919.630739050,173.609809497
99407.428090444,84919.254532045,173.610200161
99408.354618043,84918.878325040,173.610590825
99409.281145642,84918.502118035,173.610981489
99410.207673241,84918.125911030,173.611372154
99411.134200840,84917.749704025,173.611762818
99412.060804634,84917.373685313,173.612109115
99412.988221262,84916.999675285,173.611982117
99413.915637890,84916.625665258,173.611855118
99414.843054519,84916.251655231,173.611728119
99415.770471147,84915.877645204,173.611601120
99416.697887775,84915.503635177,173.611474121
99417.625304403,84915.129625150,173.611347122
99418.552721031,84914.755615123,173.611220123
99419.480137660,84914.381605096,173.611093124
99420.407554288,84914.007595069,173.610966125
99421.334946907,84913.633525571,173.610786727
99422.262083137,84913.258821002,173.610047786
99423.189219367,84912.884116434,173.609308844
99424.116355597,84912.509411865,173.608569902
99425.043491827,84912.134707297,173.607830960
99425.970628057,84911.760002728,173.607092018
99426.897764287,84911.385298160,173.606353076
99427.824900517,84911.010593592,173.605614134
99428.752036747,84910.635889023,173.604875193
99429.679172977,84910.261184455,173.604136251
99430.606020185,84909.885766108,173.603033035
99431.532662830,84909.509842563,173.601671992
99432.459305474,84909.133919017,173.600310950
99433.385948119,84908.757995472,173.598949907
99434.312590763,84908.382071927,173.597588864
99435.239233408,84908.006148382,173.596227822
99436.165876052,84907.630224836,173.594866779
99437.092518697,84907.254301291,173.593505737
99438.019161342,84906.878377746,173.592144694
99438.945793680,84906.502428808,173.590729661
99439.872315765,84906.126208223,173.588737043
99440.798837850,84905.749987638,173.586744425
99441.725359935,84905.373767053,173.584751807
99442.651882020,84904.997546467,173.582759189
99443.578404105,84904.621325882,173.580766571
99444.504926190,84904.245105297,173.578773953
99445.431448275,84903.868884712,173.576781336
99446.357970360,84903.492664127,173.574788718
99447.284492445,84903.116443542,173.572796100
99448.211292085,84902.740907733,173.570434979
99449.138288281,84902.365856865,173.567812893
99450.065284478,84901.990805997,173.565190808
99450.992280675,84901.615755129,173.562568722
99451.919276872,84901.240704261,173.559946636
99452.846273069,84900.865653393,173.557324551
99453.773269266,84900.490602525,173.554702465
99454.700265463,84900.115551657,173.552080380
99455.627261660,84899.740500790,173.549458294
99456.554295338,84899.365542719,173.546782754
99457.481730691,84898.991579126,173.543534356
99458.409166044,84898.617615533,173.540285959
99459.336601397,84898.243651940,173.537037562
99460.264036750,84897.869688347,173.533789164
99461.191472102,84897.495724754,173.530540767
99462.118907455,84897.121761161,173.527292369
99463.046342808,84896.747797568,173.524043972
99463.973778161,84896.373833975,173.520795575
99464.901213514,84895.999870382,173.517547177
99465.828757340,84895.626175998,173.513938989
99466.756378030,84895.252672371,173.510075859
99467.683998719,84894.879168744,173.506212729
99468.611619409,84894.505665118,173.502349599
99469.539240098,84894.132161491,173.498486469
99470.466860788,84893.758657865,173.494623339
99471.394481477,84893.385154238,173.490760209
99472.322102167,84893.011650612,173.486897079
99473.249722856,84892.638146985,173.483033949
99474.177332255,84892.264615332,173.479120048
99475.104820445,84891.890782802,173.474661095
99476.032308634,84891.516950272,173.470202143
99476.959796824,84891.143117741,173.465743190
99477.887285014,84890.769285211,173.461284238
99478.814773203,84890.395452680,173.456825285
99479.742261393,84890.021620150,173.452366333
99480.669749582,84889.647787620,173.447907380
99481.597237310,84889.273953944,173.443448509
99482.524724382,84888.900118641,173.438989752
99483.451863888,84888.525422993,173.434200762
99484.378756975,84888.150117372,173.429177642
99485.305650061,84887.774811750,173.424154521
99486.232543147,84887.399506128,173.419131401
99487.159436233,84887.024200507,173.414108281
99488.086329319,84886.648894885,173.409085160
99489.013222405,84886.273589264,173.404062040
99489.940115491,84885.898283642,173.399038919
99490.867008577,84885.522978021,173.394015799
99491.793884996,84885.147631267,173.388954057
99492.720582163,84884.771842146,173.383476948
99493.647279330,84884.396053025,173.377999839
99494.573976497,84884.020263904,173.372522730
99495.500673664,84883.644474783,173.367045620
99496.427370831,84883.268685662,173.361568511
99497.354067998,84882.892896541,173.356091402
99498.280991975,84882.517672537,173.350590454
99499.210356619,84882.148529664,173.344832988
99500.139721263,84881.779386791,173.339075521
99501.069085908,84881.410243918,173.333318054
99501.998721735,84881.041792577,173.327545315
99502.931276588,84880.680784892,173.321608187
99503.863831441,84880.319777207,173.315671058
99504.796386294,84879.958769522,173.309733930
99505.730927122,84879.602965451,173.303703211
99506.666876825,84879.250852889,173.297606098
99507.602826528,84878.898740328,173.291508985
99508.539078079,84878.547442726,173.285399002
99509.478579797,84878.204920284,173.279150438
99510.418081516,84877.862397842,173.272901875
99511.357583234,84877.519875400,173.266653311
99512.299141557,84877.183086589,173.260319525
99513.242158989,84876.850365646,173.253925276
99514.185176421,84876.517644703,173.247531027
99515.128486317,84876.185766764,173.245394831
99516.074946335,84875.862968784,173.289121975
99517.021422308,84875.540217620,173.321796247
99517.968050459,84875.217913037,173.249038302
99518.916762415,84874.901843324,173.214952055
99519.866952939,84874.590197578,173.208305408
99520.817143463,84874.278551833,173.201658761
99521.769568139,84873.973864383,173.194953608
99522.723578120,84873.674114389,173.188206942
99523.677588101,84873.374364395,173.181460275
99524.633871648,84873.082021653,173.174657064
99525.591768470,84872.794934940,173.167813729
99526.549665292,84872.507848227,173.160970395
99527.509691273,84872.228036782,173.154072480
99528.471228056,84871.953387701,173.147135837
99529.432764839,84871.678738619,173.140199193
99530.396267763,84871.411139657,173.133213800
99531.361165873,84871.148543504,173.126193814
99532.326063983,84870.885947352,173.119173828
99533.292844232,84870.630442250,173.112105093
99534.260960091,84870.379969126,173.105001766
99535.229075950,84870.129496001,173.097898438
99536.198970586,84869.886078823,173.090750262
99537.170127497,84869.647668763,173.083570261
99538.141284408,84869.409258703,173.076390259
99539.113955582,84869.177168371,173.069167382
99540.087701319,84868.949562701,173.061914081
99541.061447057,84868.721957031,173.054660779
99542.036484538,84868.500003987,173.047363477
99543.012438727,84868.282062428,173.040034949
99543.988392916,84868.064120868,173.032706421
99544.964526938,84867.847003857,173.025371100
99545.942599588,84867.638775634,173.017962541
99546.920672239,84867.430547411,173.010553982
99547.898744889,84867.222319187,173.003145423
99548.878032228,84867.019943160,172.995693417
99549.858181686,84866.821720702,172.988210575
99550.838331144,84866.623498243,172.980727733
99551.818640598,84866.426087249,172.973238830
99552.800675131,84866.237425442,172.965684587
99553.782709665,84866.048763635,172.958130343
99554.764744199,84865.860101828,172.950576099
99555.747730143,84865.676513089,172.942980076
99556.731391421,84865.496525330,172.935354396
99557.715052698,84865.316537570,172.927728716
99558.698856044,84865.137347743,172.920096974
99559.684191860,84864.966765116,172.912399842
99560.669527676,84864.796182489,172.904702709
99561.654863491,84864.625599861,172.897005577
99562.641246759,84864.461269012,172.889271692
99563.628373594,84864.301376191,172.881511716
99564.615500429,84864.141483370,172.873751741
99565.603708947,84863.988532446,172.865952780
99566.592685365,84863.840509649,172.858126141
99567.581661782,84863.692486852,172.850299503
99568.571683224,84863.551759874,172.842441680
99569.562446574,84863.416212511,172.834561717
99570.553346202,84863.281709505,172.826677339
99571.545716548,84863.158477213,172.818745321
99572.538086895,84863.035244922,172.810813302
99573.531299570,84862.919154575,172.802848551
99574.525110263,84862.808134721,172.794860561
99575.518986139,84862.697717896,172.786866705
99576.513808902,84862.596213539,172.778813109
99577.509033368,84862.498677066,172.770765401
99578.504336009,84862.401981364,172.762712132
99579.500482531,84862.314361670,172.754598827
99580.496629052,84862.226741976,172.746485522
99581.492853863,84862.140073705,172.738366283
99582.489923916,84862.063677289,172.730182976
99583.486993969,84861.987280874,172.721999670
99584.484137204,84861.911923323,172.713810425
99585.482070636,84861.847783102,172.705557064
99586.480004068,84861.783642882,172.697303702
99587.477997072,84861.720526186,172.689044411
99588.476633235,84861.668459719,172.680721110
99589.475269398,84861.616393252,172.672397809
99590.473950976,84861.565306939,172.664068492
99591.473122948,84861.524804175,172.655674226
99592.472294919,84861.484301412,172.647279960
99593.471466891,84861.443798649,172.638885693
99594.470836843,84861.408826468,172.630438405
99595.470347385,84861.377781684,172.621953464
99596.469857927,84861.346736900,172.613468523
99597.469368470,84861.315692116,172.604983582
99598.469007933,84861.289428015,172.596441770
99599.468738956,84861.266559179,172.587859568
99600.468469979,84861.243690343,172.579277365
99601.468201002,84861.220821507,172.570695163
99602.467944030,84861.198578624,172.562103834
99603.467816760,84861.183098737,172.553413897
99604.467689490,84861.167618849,172.544723960
99605.467562220,84861.152138962,172.536034023
99606.467434949,84861.136659074,172.527344086
99607.467315732,84861.121894500,172.518645890
99608.467283554,84861.114862015,172.509858409
99609.467251377,84861.107829531,172.501070928
99610.467219200,84861.100797046,172.492283447
99611.467188815,84861.094585946,172.483489104
99612.467177806,84861.097254503,172.474620580
99613.467166797,84861.099923061,172.465752055
99614.467155787,84861.102591618,172.456883531
99615.467106135,84861.110600516,172.447971577
99616.467029031,84861.122403306,172.439028771
99617.466951926,84861.134206096,172.430085965
99618.466860609,84861.146854718,172.421137352
99619.466615574,84861.168651813,172.412125943
99620.466370538,84861.190448908,172.403114534
99621.466125503,84861.212246004,172.394103126
99622.465697725,84861.240690002,172.385055519
99623.465140108,84861.273856637,172.375982194
99624.464582491,84861.307023272,172.366908870
99625.463765118,84861.346866245,172.357800473
99626.462763186,84861.391452826,172.348667157
99627.461761254,84861.436039406,172.339533842
99628.460421455,84861.487331467,172.330371302
99629.458841594,84861.543387954,172.321187998
99630.457261732,84861.599444442,172.312004694
99631.455254167,84861.662391525,172.302792151
99632.452942695,84861.730234758,172.293558831
99633.450631222,84861.798077991,172.284325511
99634.447800145,84861.872938275,172.275064922
99635.444599854,84861.952784651,172.265784956
99636.441399562,84862.032631027,172.256504990
99637.437651455,84862.118874722,172.247203591
99638.433514068,84862.209664352,172.237886962
99639.429376682,84862.300453983,172.228570333
99640.424688641,84862.396971727,172.219230033
99641.419609284,84862.497560075,172.209872911
99642.414529928,84862.598148422,172.200515789
99643.409371174,84862.699488505,172.191155608
99644.403352983,84862.808965748,172.181762321
99645.397334791,84862.918442990,172.172369034
99646.391316600,84863.027920233,172.162975746
99647.385298409,84863.137397476,172.153582459
99648.378797080,84863.251118738,172.144167746
99649.371952375,84863.367856322,172.134737807
99650.365107669,84863.484593906,172.125307867
99651.358262964,84863.601331491,172.115877928
99652.351418258,84863.718069075,172.106447988
99653.344573553,84863.834806659,172.097018049
99654.337409609,84863.954207468,172.087572422
99655.330018740,84864.075501391,172.078115643
99656.322627871,84864.196795314,172.068658864
99657.315237002,84864.318089237,172.059202086
99658.307846133,84864.439383161,172.049745307
99659.300455264,84864.560677084,172.040288528
99660.293064395,84864.681971007,172.030831750
99661.285673526,84864.803264930,172.021374971
99662.278282657,84864.924558853,172.011918192
99663.270886510,84865.045895875,172.002462334
99664.263433142,84865.167700167,171.993016451
99665.255979774,84865.289504459,171.983570567
99666.248526407,84865.411308751,171.974124684
99667.241073039,84865.533113044,171.964678801
99668.233619671,84865.654917336,171.955232918
99669.226166303,84865.776721628,171.945787034
99670.218712939,84865.898525891,171.936342014
99671.211259581,84866.020330104,171.926898516
99672.203806223,84866.142134317,171.917455017
99673.196491587,84866.262798859,171.908034513
99674.189275618,84866.382652812,171.898630364
99675.182059650,84866.502506765,171.889226215
99676.174843681,84866.622360717,171.879822066
99677.167627712,84866.742214670,171.870417917
99678.160411743,84866.862068623,171.861013768
99679.153195775,84866.981922575,171.851609619
99680.145979806,84867.101776528,171.842205470
99681.138763837,84867.221630481,171.832801321
99682.131550812,84867.341460020,171.823402586
99683.124369759,84867.461024396,171.814062655
99684.117188707,84867.580588772,171.804722724
99685.110007655,84867.700153148,171.795382794
99686.102826602,84867.819717524,171.786042863
99687.095645550,84867.939281900,171.776702932
99688.088464497,84868.058846275,171.767363002
99689.081283445,84868.178410651,171.758023071
99690.074102392,84868.297975027,171.748683140
99691.066921340,84868.417539403,171.739343210
99692.059707344,84868.537376788,171.730051251
99693.052469904,84868.657408456,171.720793430
99694.045232465,84868.777440124,171.711535610
99695.037995025,84868.897471793,171.702277789
99696.030757585,84869.017503461,171.693019969
99697.023520146,84869.137535130,171.683762148
99698.016282706,84869.257566798,171.674504328
99699.009045266,84869.377598467,171.665246507
99700.001807827,84869.497630135,171.655988687
99700.994565191,84869.617704684,171.646738928
99701.987266015,84869.738245867,171.637576893
99702.979966839,84869.858787050,171.628414858
99703.972667663,84869.979328232,171.619252822
99704.965368487,84870.099869415,171.610090787
99705.958069311,84870.220410598,171.600928752
99706.950770135,84870.340951781,171.591766717
99707.943470959,84870.461492963,171.582604682
99708.936171783,84870.582034146,171.573442647
99709.928872607,84870.702575329,171.564280612
99710.921580883,84870.823055113,171.555175134
99711.914294466,84870.943491176,171.546109929
99712.907008048,84871.063927240,171.537044725
99713.899721631,84871.184363304,171.527979520
99714.892435214,84871.304799367,171.518914316
99715.885148796,84871.425235431,171.509849111
99716.877862379,84871.545671494,171.500783906
99717.870575962,84871.666107558,171.491718702
99718.863289544,84871.786543621,171.482653497
99719.855983213,84871.907142504,171.473595546
99720.848459790,84872.029516299,171.464616668
99721.840936367,84872.151890095,171.455637790
99722.833412945,84872.274263891,171.446658911
99723.825889522,84872.396637686,171.437680033
99724.818366100,84872.519011482,171.428701155
99725.810842677,84872.641385278,171.419722277
99726.803319255,84872.763759073,171.410743398
99727.795795832,84872.886132869,171.401764520
99728.788272409,84873.008506665,171.392785642
99729.780902817,84873.129621611,171.383849790
99730.773642824,84873.249839667,171.374944592
99731.766382831,84873.370057723,171.366039395
99732.759122838,84873.490275779,171.357134198
99733.751862846,84873.610493835,171.348229001
99734.744602853,84873.730711891,171.339323804
99735.737342860,84873.850929947,171.330418607
99736.730082867,84873.971148003,171.321513410
99737.722822874,84874.091366059,171.312608213
99738.715558070,84874.211623765,171.303708401
99739.708240721,84874.332314514,171.294867409
99740.700923372,84874.453005264,171.286026417
99741.693606023,84874.573696013,171.277185426
99742.686288674,84874.694386763,171.268344434
99743.678971325,84874.815077512,171.259503442
99744.671653976,84874.935768262,171.250662450
99745.664336627,84875.056459011,171.241821458
99746.657019278,84875.177149760,171.232980466
99747.649701929,84875.297840510,171.224139474
99748.642365054,84875.418691671,171.215339041
99749.635014261,84875.539657185,171.206567520
99750.627663467,84875.660622698,171.197795999
99751.620312674,84875.781588212,171.189024479
99752.612961880,84875.902553725,171.180252958
99753.605611087,84876.023519239,171.171481437
99754.598260293,84876.144484753,171.162709916
99755.590909500,84876.265450266,171.153938395
99756.583558706,84876.386415780,171.145166875
99757.576231422,84876.507186478,171.136403147
99758.569161320,84876.625825932,171.127724672
99759.562091218,84876.744465387,171.119046197
99760.555021116,84876.863104841,171.110367722
99761.547951014,84876.981744296,171.101689246
99762.540880912,84877.100383750,171.093010771
99763.533810810,84877.219023205,171.084332296
99764.526740708,84877.337662660,171.075653821
99765.519670606,84877.456302114,171.066975346
99766.512600717,84877.574939785,171.058295094
99767.505531179,84877.693574524,171.049701575
99768.498461621,84877.812209423,171.041172166
99769.491392063,84877.930844322,171.032642756
99770.484322506,84878.049479221,171.024113346
99771.477252948,84878.168114120,171.015583937
99772.470183390,84878.286749019,171.007054527
99773.463113833,84878.405383918,170.998525117
99774.456044275,84878.524018817,170.989995708
99775.448974718,84878.642653716,170.981466298
99776.441906158,84878.761280258,170.972955721
99777.434848538,84878.879815201,170.964651570
99778.427790918,84878.998350144,170.956347419
99779.420733298,84879.116885086,170.948043268
99780.413675678,84879.235420029,170.939739117
99781.406618058,84879.353954972,170.931434965
99782.399560438,84879.472489914,170.923130814
99783.392502818,84879.591024857,170.914826663
99784.385445198,84879.709559800,170.906522512
99785.378387578,84879.828094742,170.898218361
99786.371340581,84879.946540641,170.890095411
99787.364301165,84880.064922990,170.882101781
99788.357261749,84880.183305339,170.874108151
99789.350222334,84880.301687688,170.866114522
99790.343182918,84880.420070037,170.858120892
99791.336143502,84880.538452386,170.850127263
99792.329104087,84880.656834735,170.842133633
99793.322064671,84880.775217084,170.834140003
99794.315025255,84880.893599433,170.826146374
99795.307996766,84881.011889699,170.818178473
99796.301088247,84881.129168908,170.810493070
99797.294179728,84881.246448117,170.802807668
99798.287271209,84881.363727325,170.795122265
99799.280362691,84881.481006534,170.787436862
99800.273454172,84881.598285743,170.779751460
99801.266794546,84881.713423420,170.772226310
99802.260312626,84881.827032079,170.764815578
99803.253830706,84881.940640738,170.757404846
99804.247348786,84882.054249398,170.749994114
99805.240866866,84882.167858057,170.742583382
99806.234384946,84882.281466717,170.735172650
99807.227846428,84882.395557877,170.727789419
99808.220685904,84882.514951664,170.720708423
99809.213525381,84882.634345452,170.713627426
99810.206364857,84882.753739240,170.706546430
99811.199204333,84882.873133028,170.699465434
99812.192043810,84882.992526816,170.692384437
99813.184883286,84883.111920603,170.685303441
99814.177722763,84883.231314391,170.678222445
99815.170562239,84883.350708179,170.671141448
99816.163401716,84883.470101967,170.664060452
99817.156334348,84883.588716682,170.657167954
99818.149333522,84883.706774906,170.650410101
99819.142332695,84883.824833129,170.643652248
99820.135331868,84883.942891352,170.636894394
99821.128331042,84884.060949576,170.630136541
99822.121330215,84884.179007799,170.623378688
99823.114329389,84884.297066022,170.616620834
99824.107328562,84884.415124246,170.609862981
99825.100327736,84884.533182469,170.603105128
99826.093305519,84884.651418966,170.596368837
99827.086047818,84884.771618097,170.589869937
99828.078790117,84884.891817228,170.583371037
99829.071532415,84885.012016359,170.576872136
99830.064274714,84885.132215491,170.570373236
99831.057017012,84885.252414622,170.563874335
99832.049759311,84885.372613753,170.557375435
99833.042501610,84885.492812885,170.550876535
99834.035243908,84885.613012016,170.544377634
99835.027986207,84885.733211147,170.537878734
99836.020847386,84885.852421347,170.531493401
99837.013793527,84885.970924783,170.525189232
99838.006739668,84886.089428218,170.518885062
99838.999685808,84886.207931654,170.512580893
99839.992631949,84886.326435090,170.506276724
99840.985578090,84886.444938526,170.499972554
99841.978524231,84886.563441962,170.493668385
99842.971470371,84886.681945398,170.487364216
99843.964416512,84886.800448834,170.481060046
99844.957348362,84886.919071286,170.474767167
99845.950122609,84887.039006253,170.468598788
99846.942896856,84887.158941220,170.462430409
99847.935671104,84887.278876188,170.456262030
99848.928445351,84887.398811155,170.450093651
99849.921219598,84887.518746122,170.443925273
99850.913993846,84887.638681090,170.437756894
99851.906768093,84887.758616057,170.431588515
99852.899542340,84887.878551024,170.425420136
99853.892316588,84887.998485992,170.419251758
99854.885068795,84888.118603158,170.413133144
99855.877805243,84888.238850604,170.407050115
99856.870541690,84888.359098051,170.400967086
99857.863278138,84888.479345498,170.394884058
99858.856014585,84888.599592945,170.388801029
99859.848751033,84888.719840391,170.382718000
99860.841487480,84888.840087838,170.376634971
99861.834223927,84888.960335285,170.370551942
99862.826960364,84889.080582821,170.364468695
99863.819701567,84889.200790930,170.358389035
99864.812495641,84889.320561667,170.352353288
99865.805289715,84889.440332404,170.346317541
99866.798083789,84889.560103141,170.340281794
99867.790877862,84889.679873878,170.334246047
99868.783671936,84889.799644615,170.328210300
99869.776466010,84889.919415352,170.322174553
99870.769260084,84890.039186089,170.316138806
99871.762054158,84890.158956826,170.310103059
99872.754848232,84890.278727563,170.304067312
99873.747573927,84890.399062788,170.298046906
99874.740250699,84890.519801883,170.292037478
99875.732927470,84890.640540979,170.286028049
99876.725604242,84890.761280074,170.280018621
99877.718281014,84890.882019169,170.274009192
99878.710957786,84891.002758264,170.267999763
99879.703634558,84891.123497360,170.261990335
99880.696311330,84891.244236455,170.255980906
99881.688988102,84891.364975550,170.249971477
99882.681679093,84891.485597042,170.245043044
99883.674527461,84891.604916864,170.252079397
99884.667375829,84891.724236687,170.259115749
99885.660224198,84891.843556509,170.266152102
99886.653072566,84891.962876331,170.273188455
99887.645920935,84892.082196154,170.280224807
99888.638769303,84892.201515976,170.287261160
99889.631617671,84892.320835799,170.294297513
99890.624358597,84892.441041361,170.273960718
99891.616940189,84892.562560434,170.213030848
99892.609587461,84892.683540953,170.184142145
99893.602281752,84892.804135921,170.178191660
99894.594976044,84892.924730889,170.172241174
99895.587670335,84893.045325857,170.166290688
99896.580364626,84893.165920825,170.160340202
99897.573058918,84893.286515793,170.154389716
99898.565753209,84893.407110761,170.148439231
99899.558447501,84893.527705730,170.142488745
99900.551141792,84893.648300698,170.136538259
99901.543844874,84893.768823036,170.130592128
99902.536645436,84893.888539983,170.124694280
99903.529445998,84894.008256930,170.118796431
99904.522246559,84894.127973877,170.112898583
99905.515047121,84894.247690824,170.107000735
99906.507847683,84894.367407771,170.101102887
99907.500648244,84894.487124718,170.095205039
99908.493448806,84894.606841665,170.089307191
99909.486249368,84894.726558612,170.083409343
99910.479049929,84894.846275559,170.077511495
99911.471720499,84894.967062190,170.071659028
99912.464297955,84895.088615047,170.065839068
99913.456875411,84895.210167904,170.060019107
99914.449452866,84895.331720761,170.054199147
99915.442030322,84895.453273618,170.048379186
99916.434607778,84895.574826475,170.042559226
99917.427185234,84895.696379332,170.036739266
99918.419762689,84895.817932189,170.030919305
99919.412340145,84895.939485046,170.025099345
99920.404920526,84896.061013984,170.019288686
99921.397533410,84896.182277196,170.013581365
99922.390146293,84896.303540409,170.007874043
99923.382759176,84896.424803621,170.002166722
99924.375372059,84896.546066834,169.996459400
99925.367984942,84896.667330046,169.990752079
99926.360597826,84896.788593259,169.985044758
99927.353210709,84896.909856471,169.979337436
99928.345823592,84897.031119684,169.973630115
99929.338436475,84897.152382896,169.967922793
99930.330918005,84897.274713134,169.962303760
99931.323305390,84897.397808142,169.956748006
99932.315692775,84897.520903150,169.951192252
99933.308080160,84897.643998158,169.945636497
99934.300467544,84897.767093167,169.940080743
99935.292854929,84897.890188175,169.934524989
99936.285242314,84898.013283183,169.928969235
99937.277629699,84898.136378191,169.923413481
99938.270017084,84898.259473199,169.917857726
99939.262406976,84898.382547975,169.912317767
99940.254824770,84898.505397577,169.906953597
99941.247242564,84898.628247179,169.901589426
99942.239660358,84898.751096780,169.896225256
99943.232078152,84898.873946382,169.890861086
99944.224495946,84898.996795984,169.885496916
99945.216913740,84899.119645586,169.880132746
99946.209331534,84899.242495187,169.874768576
99947.201749328,84899.365344789,169.869404405
99948.194167122,84899.488194391,169.864040235
99949.186538276,84899.611419766,169.858802960
99950.178875983,84899.734914615,169.853656683
99951.171213690,84899.858409464,169.848510407
99952.163551397,84899.981904313,169.843364130
99953.155889104,84900.105399162,169.838217854
99954.148226811,84900.228894011,169.833071577
99955.140564518,84900.352388860,169.827925300
99956.132902225,84900.475883710,169.822779024
99957.125239932,84900.599378559,169.817632747
99958.117585573,84900.722809457,169.812505391
99959.110019675,84900.845527244,169.807589018
99960.102453817,84900.968244706,169.802671991
99961.094888031,84901.090961589,169.797753801
99962.087322246,84901.213678471,169.792835611
99963.079756460,84901.336395354,169.787917421
99964.072190674,84901.459112236,169.782999230
99965.064624888,84901.581829119,169.778081040
99966.057059102,84901.704546002,169.773162850
99967.049493316,84901.827262884,169.768244660
99968.042068608,84901.948829442,169.763457205
99969.034745128,84902.069570612,169.758763557
99970.027421648,84902.190311782,169.754069910
99971.020098167,84902.311052952,169.749376262
99972.012774687,84902.431794122,169.744682614
99973.005451206,84902.552535291,169.739988966
99973.998127726,84902.673276461,169.735295318
99974.990804245,84902.794017631,169.730601670
99975.983480765,84902.914758801,169.725908023
99976.976163443,84903.035449208,169.721231585
99977.968914919,84903.155572514,169.716747408
99978.961666396,84903.275695821,169.712263231
99979.954417872,84903.395819127,169.707779054
99980.947169349,84903.515942434,169.703294878
99981.939920825,84903.636065740,169.698810701
99982.932672301,84903.756189047,169.694326524
99983.925423778,84903.876312353,169.689842347
99984.918175254,84903.996435660,169.685358170
99985.910926730,84904.116558966,169.680873994
99986.903696573,84904.236530317,169.676504395
99987.896479602,84904.356392570,169.672217059
99988.889262632,84904.476254822,169.667929723
99989.882045661,84904.596117075,169.663642387
99990.874828690,84904.715979328,169.659355051
99991.867611719,84904.835841581,169.655067715
99992.860394748,84904.955703833,169.650780379
99993.853177777,84905.075566086,169.646493043
99994.845960807,84905.195428339,169.642205707
99995.838738942,84905.315331041,169.637932097
99996.831462302,84905.435686486,169.633812125
99997.824185662,84905.556041931,169.629692153
99998.816909022,84905.676397376,169.625572180
99999.809632382,84905.796752821,169.621452208
100000.802355742,84905.917108266,169.617332235
100001.795079102,84906.037463711,169.613212263
100002.787802462,84906.157819156,169.609092290
100003.780441871,84906.278843981,169.604980922
100004.772140968,84906.407366364,169.600965926
100005.763840066,84906.535888747,169.596950929
100006.755539163,84906.664411130,169.592935933
100007.747122016,84906.793794635,169.588925446
100008.737402780,84906.932823806,169.584965470
100009.727683544,84907.071852978,169.581005493
100010.717826037,84907.211827010,169.577049448
100011.706419345,84907.362387209,169.573137442
100012.695012654,84907.512947408,169.569225437
100013.682387752,84907.671163543,169.565334385
100014.668887714,84907.834879537,169.561458385
100015.655173772,84907.999826293,169.557585336
100016.639063350,84908.178561853,169.553745346
100017.622952928,84908.357297413,169.549905355
100018.605218804,84908.544605097,169.546085717
100019.586318218,84908.738070967,169.542280700
100020.565784434,84908.939523917,169.538493144
100021.544077409,84909.146714547,169.534718133
100022.520641938,84909.361795814,169.530957682
100023.495964834,84909.582545338,169.527207690
100024.469336212,84909.811631778,169.523475157
100025.441305689,84910.046707168,169.519755167
100026.412972700,84910.282992776,169.516038453
100027.381250959,84910.532837359,169.512358444
100028.349529218,84910.782681942,169.508678435
100029.315632670,84911.040708554,169.505014724
100030.280173813,84911.304612867,169.501362720
100031.244403986,84911.569623223,169.497713993
100032.205150536,84911.847023959,169.494101983
100033.165897086,84912.124424696,169.490489974
100034.124350751,84912.409564790,169.486896595
100035.081157346,84912.700264363,169.483316601
100036.037614521,84912.992085072,169.479739884
100036.990157495,84913.296464744,169.476199888
100037.942700470,84913.600844417,169.472659891
100038.892475646,84913.913663140,169.469140837
100039.840262555,84914.232544119,169.465636826
100040.787642813,84914.552604002,169.462136013
100041.730468078,84914.885869096,169.458671012
100042.672892164,84915.220243666,169.455208468
100043.610822584,84915.567045670,169.451773448
100044.548331959,84915.914961459,169.448341299
100045.481125858,84916.275351034,169.444941303
100046.413485773,84916.636840231,169.441544586
100047.340985158,84917.010644983,169.438184588
100048.268041041,84917.385527988,169.434827050
100049.190129701,84917.772487426,169.431497054
100050.111762453,84918.160512085,169.428170337
100051.028288839,84918.560467690,169.424880332
100051.944340241,84918.961490929,169.421594016
100052.855071830,84919.374471649,169.418349010
100053.765304374,84919.788532002,169.415106873
100054.669947879,84920.214683654,169.411896860
100055.574234940,84920.641582172,169.408692019
100056.473648907,84921.078648352,169.405541814
100057.370269700,84921.521430754,169.402381237
100058.263734878,84921.970506995,169.399258236
100059.154933312,84922.424104234,169.396162228
100060.045673900,84922.878587636,169.393071904
100060.931286836,84923.342995680,169.390045251
100061.816899772,84923.807403723,169.387018597
100062.702048229,84924.272684671,169.383997406
100063.581993860,84924.747743392,169.381037414
100064.461939491,84925.222802113,169.378077422
100065.337761935,84925.705365559,169.375154662
100066.210622452,84926.193320085,169.372258647
100067.082933625,84926.682241820,169.369367551
100067.949091848,84927.181996795,169.366531557
100068.815250071,84927.681751770,169.363695563
100069.677877072,84928.187542864,169.360892158
100070.537967471,84928.697669914,169.358112163
100071.397562667,84929.208620842,169.355336102
100072.251610618,84929.728800812,169.352604102
100073.105658568,84930.248980782,169.349872102
100073.956159340,84930.774909258,169.347170370
100074.804112000,84931.304967170,169.344490380
100075.651526608,84931.835874189,169.341814487
100076.492913192,84932.376294136,169.339184487
100077.334299776,84932.916714083,169.336554488
100078.175146472,84933.457963528,169.333928586
100079.009944539,84934.008506252,169.331348592
100079.844742605,84934.559048977,169.328768598
100080.675620861,84935.115457700,169.326214208
100081.503683141,84935.676080536,169.323678214
100082.331087918,84936.237659864,169.321145168
100083.151125291,84936.809956823,169.318645164
100083.971162665,84937.382253781,169.316145159
100084.786304854,84937.961457398,169.313665525
100085.597930347,84938.545622753,169.311200523
100086.404825507,84939.136265696,169.308752977
100087.208322415,84939.731562110,169.306317971
100088.006460854,84940.333976511,169.303898673
100088.800749866,84940.941504345,169.301490657
100089.594273617,84941.550017067,169.299084612
100090.379225479,84942.169561801,169.296700624
100091.164177341,84942.789106535,169.294316637
100091.944283245,84943.414707575,169.291950492
100092.720907939,84944.044659309,169.289597164
100093.497532634,84944.674611043,169.287243837
100094.269955242,84945.309683397,169.284902150
100095.039359086,84945.948434387,169.282568825
100095.808762930,84946.587185377,169.280235500
100096.574389556,84947.230439722,169.277913810
100097.337302518,84947.876929408,169.275600478
100098.100215481,84948.523419094,169.273287145
100098.859229882,84949.174461666,169.270979631
100099.615443427,84949.828775182,169.268676297
100100.371656971,84950.483088698,169.266372963
100101.123633973,84951.142244184,169.264073909
100101.872567311,84951.804878289,169.261777930
100102.620820269,84952.468271807,169.259482275
100103.361446568,84953.140177893,169.257190268
100104.102072867,84953.812083978,169.254898261
100104.836876789,84954.490313448,169.252603929
100105.567497489,84955.173086101,169.250307927
100106.297289126,84955.856732940,169.248011188
100107.017788724,84956.550177553,169.245706189
100107.737513700,84957.244416179,169.243401191
100108.448556656,84957.947554158,169.241096198
100109.158722753,84958.651565556,169.238789975
100109.859060207,84959.365367037,169.236469970
100110.559397660,84960.079168518,169.234149965
100111.252981039,84960.799490582,169.231822975
100111.941711809,84961.524497498,169.229490965
100112.629549671,84962.250340055,169.227157318
100113.307381020,84962.985547349,169.224805321
100113.985212369,84963.720754643,169.222453323
100114.657327337,84964.461162412,169.220089685
100115.325335378,84965.205306458,169.217717685
100115.992614445,84965.950097105,169.215343392
100116.651723911,84966.702134214,169.212943401
100117.310833378,84967.454171324,169.210543410
100117.964971956,84968.210515650,169.208124795
100118.615539067,84968.969954612,169.205692798
100119.265359836,84969.730025237,169.203258508
100119.906814909,84970.497176129,169.200798512
100120.548269983,84971.264327022,169.198338516
100121.183481073,84972.036625489,169.195855239
100121.814205876,84972.812622477,169.193355236
100122.443993301,84973.589370016,169.190851956
100123.063273659,84974.374530471,169.188311955
100123.681601876,84975.160430607,169.185769496
100124.289257711,84975.954621698,169.183199493
100124.895863257,84976.749603113,169.180626621
100125.490696726,84977.553442802,169.178021606
100126.084398103,84978.358105357,169.175413315
100126.665412487,84979.171989494,169.172768318
100127.245224843,84979.986715581,169.170120044
100127.811566090,84980.810877395,169.167435038
100128.376632920,84981.635897470,169.164746343
100128.927418223,84982.470535506,169.162016317
100129.476903498,84983.306013925,169.159283423
100130.011823950,84984.150907536,169.156518394
100130.545480238,84984.996585535,169.153749269
100131.064977356,84985.851049019,169.150934258
100131.583284862,84986.706222069,169.148115559
100132.088269640,84987.569341688,169.145255560
100132.592158132,84988.433091411,169.142392282
100133.083768959,84989.303897875,169.139492277
100133.574368429,84990.175265923,169.136588175
100134.053641871,84991.052923072,169.133638184
100134.531833427,84991.931160544,169.130684093
100134.997908057,84992.815897534,169.127684076
100135.463982686,84993.700634525,169.124684059
100135.921640806,84994.589718153,169.121649130
100136.373253648,84995.481923815,169.118589124
100136.823683631,84996.374716294,169.115524199
100137.260869127,84997.274079371,169.112404188
100137.698054623,84998.173442449,169.109284178
100138.126930766,84999.076763827,169.106126925
100138.549838921,84999.982928159,169.102942924
100138.971640480,85000.889598973,169.099754002
100139.381053020,85001.801940178,169.096509998
100139.790465561,85002.714281383,169.093265994
100140.192510545,85003.629867744,169.089979699
100140.589264055,85004.547784818,169.086663031
100140.986017564,85005.465701892,169.083346363
100141.376700039,85006.386202323,169.079978300
100141.763022241,85007.308558143,169.076573324
100142.149344443,85008.230913963,169.073168349
100142.535666646,85009.153269783,169.069763374
100142.919587800,85010.076624964,169.066257165
100143.301784295,85011.000697982,169.062678240
100143.683980790,85011.924771000,169.059099316
100144.066177285,85012.848844017,169.055520392
100144.448373779,85013.772917035,169.051941467
100144.830570274,85014.696990053,169.048362543
100145.212766769,85015.621063070,169.044783618
100145.594963264,85016.545136088,169.041204694
100145.977159759,85017.469209106,169.037625770
100146.359591104,85018.393184562,169.034027014
100146.744654724,85019.316066522,169.030205989
100147.129718343,85020.238948481,169.026384963
100147.514781963,85021.161830441,169.022563937
100147.899845583,85022.084712400,169.018742911
100148.284909203,85023.007594360,169.014921885
100148.669972823,85023.930476320,169.011100859
100149.055036442,85024.853358279,169.007279833
100149.440100062,85025.776240239,169.003458807
100149.825163682,85026.699122198,168.999637781
100150.210607563,85027.621845340,168.995687527
100150.596324725,85028.544454343,168.991644398
100150.982041888,85029.467063346,168.987601270
100151.367759051,85030.389672349,168.983558142
100151.753476214,85031.312281353,168.979515014
100152.139193377,85032.234890356,168.975471886
100152.524910540,85033.157499359,168.971428758
100152.910627703,85034.080108362,168.967385629
100153.296344865,85035.002717366,168.963342501
100153.682055803,85035.925328971,168.959284224
100154.067696839,85036.847969797,168.955055837
100154.453337875,85037.770610623,168.950827451
100154.838978911,85038.693251449,168.946599065
100155.224619947,85039.615892275,168.942370679
100155.610260983,85040.538533102,168.938142292
100155.995902019,85041.461173928,168.933913906
100156.381543055,85042.383814754,168.929685520
100156.767184091,85043.306455580,168.925457134
100157.152825127,85044.229096406,168.921228747
100157.537426115,85045.152170764,168.916917697
100157.921279195,85046.075556878,168.912547201
100158.305132275,85046.998942992,168.908176706
100158.688985355,85047.922329106,168.903806210
100159.072838435,85048.845715220,168.899435715
100159.456691515,85049.769101334,168.895065219
100159.840544596,85050.692487448,168.890694724
100160.224397676,85051.615873562,168.886324228
100160.608250756,85052.539259676,168.881953733
100160.992076265,85053.462657245,168.877576363
100161.375591591,85054.386183691,168.873121656
100161.759106918,85055.309710138,168.868666949
100162.142622244,85056.233236584,168.864212242
100162.526137570,85057.156763030,168.859757535
100162.909652896,85058.080289477,168.855302828
100163.293168222,85059.003815923,168.850848121
100163.676683549,85059.927342370,168.846393414
100164.060198875,85060.850868816,168.841938707
100164.443714201,85061.774395262,168.837484000
100164.827676019,85062.697736075,168.833013196
100165.211959086,85063.620943326,168.828530810
100165.596242153,85064.544150576,168.824048423
100165.980525219,85065.467357826,168.819566037
100166.364808286,85066.390565077,168.815083651
100166.749091353,85067.313772327,168.810601265
100167.133374420,85068.236979578,168.806118879
100167.517657486,85069.160186828,168.801636492
100167.901940821,85070.083393967,168.797154858
100168.286187700,85071.006616270,168.792676735
100168.670016779,85071.930012361,168.788218869
100169.053845858,85072.853408451,168.783761003
100169.437674937,85073.776804542,168.779303138
100169.821504016,85074.700200633,168.774845272
100170.205333095,85075.623596724,168.770387406
100170.589162174,85076.546992815,168.765929540
100170.972991253,85077.470388906,168.761471675
100171.356820332,85078.393784997,168.757013809
100171.740649411,85079.317181088,168.752555943
100172.124505661,85080.240565884,168.748138476
100172.508381471,85081.163942549,168.743750090
100172.892257282,85082.087319213,168.739361705
100173.276133092,85083.010695878,168.734973320
100173.660008902,85083.934072543,168.730584935
100174.043884713,85084.857449207,168.726196550
100174.427760523,85085.780825872,168.721808164
100174.811636333,85086.704202537,168.717419779
100175.195512144,85087.627579201,168.713031394
100175.579393653,85088.550953497,168.708651314
100175.963339518,85089.474301034,168.704365027
100176.347285383,85090.397648572,168.700078740
100176.731231248,85091.320996109,168.695792453
100177.115177114,85092.244343647,168.691506165
100177.499122979,85093.167691185,168.687219878
100177.883068844,85094.091038722,168.682933591
100178.267014709,85095.014386260,168.678647304
100178.650960574,85095.937733798,168.674361016
100179.034906439,85096.861081335,168.670074729
100179.418457934,85097.784592690,168.665858811
100179.801725354,85098.708222046,168.661693582
100180.184992774,85099.631851402,168.657528352
100180.568260194,85100.555480758,168.653363123
100180.951527614,85101.479110114,168.649197893
100181.334795034,85102.402739470,168.645032664
100181.718062454,85103.326368826,168.640867435
100182.101329874,85104.249998183,168.636702205
100182.484597293,85105.173627539,168.632536976
100182.867913300,85106.097236715,168.628380978
100183.251779016,85107.020617576,168.624329428
100183.635644732,85107.943998437,168.620277877
100184.019510448,85108.867379298,168.616226327
100184.403376164,85109.790760159,168.612174777
100184.787241880,85110.714141021,168.608123226
100185.171107596,85111.637521882,168.604071676
100185.554973311,85112.560902743,168.600020125
100185.938839027,85113.484283604,168.595968575
100186.322704743,85114.407664465,168.591917025
100186.706944689,85115.330889599,168.587910132
100187.091454360,85116.254002493,168.583935425
100187.475964032,85117.177115387,168.579960719
100187.860473704,85118.100228281,168.575986013
100188.244983375,85119.023341175,168.572011307
100188.629493047,85119.946454069,168.568036600
100189.014002719,85120.869566963,168.564061894
100189.398512390,85121.792679857,168.560087188
100189.783022062,85122.715792751,168.556112482
100190.167433778,85123.638946372,168.552138543
100190.550735151,85124.562561638,168.548173309
100190.934036523,85125.486176905,168.544208076
100191.317337896,85126.409792171,168.540242842
100191.700639268,85127.333407438,168.536277608
100192.083940641,85128.257022704,168.532312374
100192.467242013,85129.180637971,168.528347141
100192.850543385,85130.104253237,168.524381907
100193.233844758,85131.027868504,168.520416673
100193.617146130,85131.951483770,168.516451439
100194.001492857,85132.874664019,168.512426881
100194.386593466,85133.797530544,168.508359539
100194.771694076,85134.720397069,168.504292198
100195.156794686,85135.643263594,168.500224856
100195.541895296,85136.566130119,168.496157515
100195.926995905,85137.488996644,168.492090173
100196.312096515,85138.411863169,168.488022832
100196.697197125,85139.334729694,168.483955490
100197.082297734,85140.257596220,168.479888149
100197.467385697,85141.180468021,168.475799679
100197.852330049,85142.103399735,168.471471292
100198.237274400,85143.026331449,168.467142905
100198.622218752,85143.949263163,168.462814518
100199.007163103,85144.872194877,168.458486131
100199.392107455,85145.795126591,168.454157744
100199.777051806,85146.718058305,168.449829357
100200.161996158,85147.640990019,168.445500970
100200.546940509,85148.563921733,168.441172582
100200.931884861,85149.486853447,168.436844195
100201.316376816,85150.409973627,168.432244945
100201.700542331,85151.333229799,168.427450244
100202.084707845,85152.256485972,168.422655544
100202.468873359,85153.179742144,168.417860843
100202.853038874,85154.102998317,168.413066143
100203.237204388,85155.026254489,168.408271442
100203.621369903,85155.949510662,168.403476741
100204.005535417,85156.872766835,168.398682041
100204.389700932,85157.796023007,168.393887340
100204.773730986,85158.719335400,168.389034828
100205.156222943,85159.643286159,168.383526912
100205.538722106,85160.567233936,168.378024432
100205.921221269,85161.491181712,168.372521952
100206.303720431,85162.415129488,168.367019472
100206.686219594,85163.339077264,168.361516993
100207.068718757,85164.263025040,168.356014513
100207.451217919,85165.186972817,168.350512033
100207.833717082,85166.110920593,168.345009553
100208.216216245,85167.034868369,168.339507073
100208.598874961,85167.958750065,168.333433287
100208.981648876,85168.882584050,168.326947021
100209.364422790,85169.806418036,168.320460755
100209.747196704,85170.730252022,168.313974489
100210.129970618,85171.654086008,168.307488222
100210.512744532,85172.577919994,168.301001956
100210.895518446,85173.501753979,168.294515690
100211.278292360,85174.425587965,168.288029424
100211.661066274,85175.349421951,168.281543158
100212.043913654,85176.273225455,168.274953322
100212.427598498,85177.196681487,168.267182847
100212.811283343,85178.120137519,168.259412371
100213.194968188,85179.043593550,168.251641896
100213.578653033,85179.967049582,168.243871421
100213.962337878,85180.890505614,168.236100946
100214.346022723,85181.813961645,168.228330471
100214.729707568,85182.737417677,168.220559995
100215.113392413,85183.660873709,168.212789520
100215.497077258,85184.584329740,168.205019045
100215.879603768,85185.508265580,168.196317810
100216.261293500,85186.432548032,168.186944197
100216.642983232,85187.356830484,168.177570584
100217.024672964,85188.281112936,168.168196971
100217.406362695,85189.205395388,168.158823358
100217.788052427,85190.129677840,168.149449745
100218.169742159,85191.053960292,168.140076132
100218.551431891,85191.978242744,168.130702519
100218.933121623,85192.902525196,168.121328906
100219.315104323,85193.826685989,168.111843676
100219.700432777,85194.749457404,168.101083750
100220.085761232,85195.672228820,168.090323824
100220.471089686,85196.595000235,168.079563898
100220.856418140,85197.517771650,168.068803972
100221.244280312,85198.439477991,168.057337638
100221.633973610,85199.360414599,168.045360779
100222.023666909,85200.281351207,168.033383920
100222.413360207,85201.202287815,168.021407061
100222.803053505,85202.123224423,168.009430202
100223.192746803,85203.044161031,167.997453343
100223.582034297,85203.965268047,167.985334311
100223.966683291,85204.888322896,167.971590193
100224.351332284,85205.811377745,167.957846075
100224.735981278,85206.734432594,167.944101957
100225.120630272,85207.657487443,167.930357839
100225.505279266,85208.580542292,167.916613720
100225.889928260,85209.503597141,167.902869602
100226.274577253,85210.426651990,167.889125484
100226.659226247,85211.349706839,167.875381366
100227.043875241,85212.272761688,167.861637248
100227.428220896,85213.195942842,167.846740935
100227.812347237,85214.119215313,167.831011590
100228.196473578,85215.042487784,167.815282244
100228.580599920,85215.965760256,167.799552899
100228.964726261,85216.889032727,167.783823553
100229.348852603,85217.812305199,167.768094208
100229.732978944,85218.735577670,167.752364862
100230.117105285,85219.658850141,167.736635517
100230.501231627,85220.582122613,167.720906172
100230.885474497,85221.505346495,167.705028131
100231.271051883,85222.428013923,167.687447198
100231.656629268,85223.350681351,167.669866264
100232.042206654,85224.273348779,167.652285331
100232.427784039,85225.196016207,167.634704397
100232.813361425,85226.118683634,167.617123464
100233.198938810,85227.041351062,167.599542530
100233.584516196,85227.964018490,167.581961597
100233.970093581,85228.886685918,167.564380664
100234.355670967,85229.809353346,167.546799730
100234.739824517,85230.732613565,167.528221403
100235.122948039,85231.656302619,167.508921544
100235.506071561,85232.579991674,167.489621685
100235.889195083,85233.503680728,167.470321825
100236.272318606,85234.427369782,167.451021966
100236.655442128,85235.351058837,167.431722107
100237.038565650,85236.274747891,167.412422247
100237.421689172,85237.198436946,167.393122388
100237.804812695,85238.122126000,167.373822529
100238.187901441,85239.045829469,167.354395069
100238.570591198,85239.969698320,167.333503647
100238.953280955,85240.893567170,167.312612225
100239.335970712,85241.817436020,167.291720803
100239.718660469,85242.741304870,167.270829381
100240.101350226,85243.665173720,167.249937959
100240.484039984,85244.589042571,167.229046537
100240.866729741,85245.512911421,167.208155115
100241.249419498,85246.436780271,167.187263693
100241.632109255,85247.360649121,167.166372271
100242.014674196,85248.284569656,167.144625804
100242.397148688,85249.208527646,167.122259412
100242.779622942,85250.132485733,167.099890690
100243.162097196,85251.056443821,167.077521969
100243.544571449,85251.980401909,167.055153247
100243.927045703,85252.904359996,167.032784525
100244.309519957,85253.828318084,167.010415803
100244.691994211,85254.752276172,166.988047082
100245.074468465,85255.676234259,166.965678360
100245.456919517,85256.600201947,166.943198297
100245.839103894,85257.524279977,166.919438483
100246.221288271,85258.448358006,166.895678669
100246.603472647,85259.372436036,166.871918855
100246.985657024,85260.296514065,166.848159041
100247.367841401,85261.220592095,166.824399227
100247.750025777,85262.144670125,166.800639413
100248.132210154,85263.068748154,166.776879599
100248.514394531,85263.992826184,166.753119785
100248.896578908,85264.916904213,166.729359971
100249.278152998,85265.841234241,166.704824219
100249.659285092,85266.765746778,166.679726498
100250.040417186,85267.690259314,166.654628777
100250.421549279,85268.614771850,166.629531057
100250.802681373,85269.539284386,166.604433336
100251.183813467,85270.463796923,166.579335615
100251.564945561,85271.388309459,166.554237894
100251.946077655,85272.312821995,166.529140174
100252.327209749,85273.237334531,166.504042453
100252.708261844,85274.161879996,166.478840362
100253.088392689,85275.086804666,166.452436348
100253.468523533,85276.011729335,166.426032335
100253.848654377,85276.936654004,166.399628322
100254.228785222,85277.861578673,166.373224309
100254.608916066,85278.786503342,166.346820295
100254.989046911,85279.711428012,166.320416282
100255.369177755,85280.636352681,166.294012269
100255.749308600,85281.561277350,166.267608256
100256.129439444,85282.486202019,166.241204242
100256.509386500,85283.411202186,166.214053789
100256.889200374,85284.336257062,166.186362426
100257.269014248,85285.261311938,166.158671063
100257.648828122,85286.186366814,166.130979701
100258.028641996,85287.111421690,166.103288338
100258.408455870,85288.036476567,166.075596976
100258.788269744,85288.961531443,166.047905613
100259.168083618,85289.886586319,166.020214251
100259.547897492,85290.811641195,165.992522888
100259.927677297,85291.736710050,165.964729699
100260.307063991,85292.661940204,165.935761561
100260.686450686,85293.587170359,165.906793424
100261.065837381,85294.512400513,165.877825286
100261.445223855,85295.437630758,165.848857394
100261.824609066,85296.362861520,165.819890907
100262.203994277,85297.288092283,165.790924419
100262.583379488,85298.213323046,165.761957932
100262.962764699,85299.138553808,165.732991445
100263.342149910,85300.063784571,165.704024957
100263.720862320,85300.989290719,165.674327071
100264.099086906,85301.914996539,165.644098872
100264.477311491,85302.840702360,165.613870673
100264.855536077,85303.766408180,165.583642475
100265.233760662,85304.692114000,165.553414276
100265.611985248,85305.617819820,165.523186077
100265.990209833,85306.543525640,165.492957879
100266.368434418,85307.469231461,165.462729680
100266.746659004,85308.394937281,165.432501482
100267.124825923,85309.320666636,165.402175396
100267.502326226,85310.246668053,165.370717739
100267.879826528,85311.172669470,165.339260082
100268.257326831,85312.098670887,165.307802425
100268.634827133,85313.024672304,165.276344768
100269.012327436,85313.950673721,165.244887112
100269.389827738,85314.876675138,165.213429455
100269.767328041,85315.802676555,165.181971798
100270.144828344,85316.728677972,165.150514141
100270.522328646,85317.654679389,165.119056484
100270.899685751,85318.580739160,165.086910074
100271.276938969,85319.506841267,165.054263980
100271.654192186,85320.432943374,165.021617887
100272.031445404,85321.359045481,164.988971794
100272.408698621,85322.285147588,164.956325701
100272.785951838,85323.211249695,164.923679608
100273.163205056,85324.137351802,164.891033514
100273.540458273,85325.063453909,164.858387421
100273.917711491,85325.989556016,164.825741328
100274.295095538,85326.915604693,164.793004210
100274.673994791,85327.841034571,164.759212885
100275.052894045,85328.766464448,164.725421561
100275.431793299,85329.691894325,164.691630236
100275.810692553,85330.617324203,164.657838911
100276.189591806,85331.542754080,164.624047587
100276.568491060,85332.468183958,164.590256262
100276.947390314,85333.393613835,164.556464937
100277.326289567,85334.319043713,164.522673613
100277.705188821,85335.244473590,164.488882288
100278.084934635,85336.169556080,164.454453886
100278.465294960,85337.094386402,164.419563035
100278.845655285,85338.019216725,164.384672184
100279.226016086,85338.944046852,164.349780631
100279.606377983,85339.868876528,164.314887462
100279.986739880,85340.793706204,164.279994293
100280.367101778,85341.718535880,164.245101124
100280.747463675,85342.643365556,164.210207955
100281.127825572,85343.568195232,164.175314786
100281.508055824,85344.493078913,164.140338499
100281.886758436,85345.418589277,164.104397698
100282.265461049,85346.344099641,164.068456897
100282.644163661,85347.269610005,164.032516096
100283.022866274,85348.195120369,163.996575294
100283.401568886,85349.120630733,163.960634493
100283.780271498,85350.046141097,163.924693692
100284.158974111,85350.971651461,163.888752891
100284.537676723,85351.897161826,163.852812090
100284.916379336,85352.822672190,163.816871289
100285.294965299,85353.748230270,163.780370140
100285.673466539,85354.673823006,163.743462009
100286.051967779,85355.599415743,163.706553878
100286.430469020,85356.525008479,163.669645746
100286.808970260,85357.450601215,163.632737615
100287.187471500,85358.376193952,163.595829483
100287.565972740,85359.301786688,163.558921352
100287.944473981,85360.227379425,163.522013220
100288.322975221,85361.152972161,163.485105089
100288.701530432,85362.078542804,163.448129512
100289.080713143,85363.003856575,163.410369766
100289.459895853,85363.929170346,163.372610020
100289.839078564,85364.854484117,163.334850274
100290.218261274,85365.779797888,163.297090528
100290.597443985,85366.705111659,163.259330783
100290.976626695,85367.630425430,163.221571037
100291.355809406,85368.555739201,163.183811291
100291.734992116,85369.481052971,163.146051545
100292.114174827,85370.406366742,163.108291799
100292.492895290,85371.331869704,163.070120583
100292.871279830,85372.257510154,163.031650344
100293.249664371,85373.183150604,162.993180106
100293.628048911,85374.108791053,162.954709867
100294.006433451,85375.034431503,162.916239628
100294.384817991,85375.960071953,162.877769389
100294.763202531,85376.885712403,162.839299150
100295.141587072,85377.811352853,162.800828912
100295.519971612,85378.736993303,162.762358673
100295.898315033,85379.662650548,162.723845159
100296.276179495,85380.588503425,162.684827564
100296.654043957,85381.514356303,162.645809969
100297.031908418,85382.440209181,162.606792375
100297.409772880,85383.366062059,162.567774780
100297.787637341,85384.291914936,162.528757186
100298.165501803,85385.217767814,162.489739591
100298.543366265,85386.143620692,162.450721996
100298.921230726,85387.069473570,162.411704402
100299.299095188,85387.995326447,162.372686807
100299.676161367,85388.921504432,162.333456501
100300.052647079,85389.847918816,162.294071521
100300.429132790,85390.774333201,162.254686541
100300.805618501,85391.700747585,162.215301561
100301.182104212,85392.627161970,162.175916582
100301.558589923,85393.553576354,162.136531602
100301.935075635,85394.479990739,162.097146622
100302.311561346,85395.406405123,162.057761643
100302.688047057,85396.332819508,162.018376663
100303.064536670,85397.259232307,161.978977395
100303.441071817,85398.185626600,161.939411368
100303.817606964,85399.112020892,161.899845341
100304.194142111,85400.038415185,161.860279314
100304.570677258,85400.964809478,161.820713287
100304.947212405,85401.891203770,161.781147260
100305.323747553,85402.817598063,161.741581232
100305.700282700,85403.743992356,161.702015205
100306.076817847,85404.670386649,161.662449178
100306.453352994,85405.596780941,161.622883151
100306.829476131,85406.523342512,161.583311652
100307.205299506,85407.450025788,161.543736173
100307.581122881,85408.376709064,161.504160693
100307.956946256,85409.303392339,161.464585213
100308.332769631,85410.230075615,161.425009733
100308.708593007,85411.156758890,161.385434253
100309.084416382,85412.083442166,161.345858774
100309.460239757,85413.010125442,161.306283294
100309.836063132,85413.936808717,161.266707814
100310.211890503,85414.863490372,161.227144108
100310.587764599,85415.790153076,161.187718080
100310.963638695,85416.716815780,161.148292052
100311.339512791,85417.643478483,161.108866024
100311.715386887,85418.570141187,161.069439997
100312.091260983,85419.496803891,161.030013969
100312.467135080,85420.423466595,160.990587941
100312.843009176,85421.350129298,160.951161913
100313.218883272,85422.276792002,160.911735886
100313.594757368,85423.203454706,160.872309858
100313.971264275,85424.129860293,160.833052406
100314.348231860,85425.056078703,160.793917675
100314.725199445,85425.982297112,160.754782944
100315.102167030,85426.908515522,160.715648213
100315.479134615,85427.834733932,160.676513482
100315.856102200,85428.760952341,160.637378751
100316.233069785,85429.687170751,160.598244019
100316.610037538,85430.613389092,160.559109657
100316.987005680,85431.539607275,160.519976148
100317.363935230,85432.465841153,160.480875758
100317.740412613,85433.392258922,160.442163395
100318.116889995,85434.318676692,160.403451033
100318.493367378,85435.245094461,160.364738670
100318.869844760,85436.171512230,160.326026308
100319.246322142,85437.097929999,160.287313946
100319.622799525,85438.024347769,160.248601583
100319.999276907,85438.950765538,160.209889221
100320.375754290,85439.877183307,160.171176858
100320.752231672,85440.803601076,160.132464496
100321.128803239,85441.729980561,160.094063363
100321.505443409,85442.656332160,160.055888929
100321.882083579,85443.582683759,160.017714495
100322.258723749,85444.509035358,159.979540061
100322.635363919,85445.435386957,159.941365627
100323.012004089,85446.361738556,159.903191193
100323.388644259,85447.288090155,159.865016759
100323.765284430,85448.214441754,159.826842325
100324.141924600,85449.140793353,159.788667891
100324.518610802,85450.067126219,159.750543446
100324.895837404,85450.993239167,159.713005837
100325.273064005,85451.919352116,159.675468228
100325.650290607,85452.845465065,159.637930619
100326.027517209,85453.771578013,159.600393010
100326.404743810,85454.697690962,159.562855401
100326.781970412,85455.623803911,159.525317792
100327.159197013,85456.549916859,159.487780183
100327.536423615,85457.476029808,159.450242574
100327.913650216,85458.402142757,159.412704965
100328.290590715,85459.328372152,159.375588683
100328.667322692,85460.254686419,159.338779479
100329.044054669,85461.181000685,159.301970275
100329.420786646,85462.107314952,159.265161071
100329.797518623,85463.033629218,159.228351867
100330.174250599,85463.959943485,159.191542663
100330.550982576,85464.886257751,159.154733459
100330.927714553,85465.812572018,159.117924255
100331.304446530,85466.738886284,159.081115051
100331.681152187,85467.665211249,159.044370510
100332.057548256,85468.591662058,159.008386575
100332.433944325,85469.518112868,158.972402639
100332.810340393,85470.444563677,158.936418704
100333.186736462,85471.371014486,158.900434769
100333.563132531,85472.297465296,158.864450833
100333.939528600,85473.223916105,158.828466898
100334.315924668,85474.150366914,158.792482963
100334.692320737,85475.076817724,158.756499027
100335.068716806,85476.003268533,158.720515092
100335.444193189,85476.930092071,158.685068643
100335.818998881,85477.857187425,158.650014161
100336.193804573,85478.784282779,158.614959679
100336.568610264,85479.711378134,158.579905198
100336.943415956,85480.638473488,158.544850716
100337.318221648,85481.565568842,158.509796235
100337.693027340,85482.492664197,158.474741753
100338.067833031,85483.419759551,158.439687272
100338.442638723,85484.346854905,158.404632790
100338.817281431,85485.274015938,158.369660140
100339.190003250,85486.201951037,158.335651937
100339.562725069,85487.129886136,158.301643735
100339.935446888,85488.057821235,158.267635532
100340.308168707,85488.985756334,158.233627329
100340.680890526,85489.913691433,158.199619126
100341.053612346,85490.841626532,158.165610923
100341.426334165,85491.769561632,158.131602720
100341.799055984,85492.697496731,158.097594517
100342.171777803,85493.625431830,158.063586315
100342.546969810,85494.552368117,158.030033953
100342.923964192,85495.478575620,157.996814196
100343.300958574,85496.404783123,157.963594439
100343.678645462,85497.330704877,157.930426718
100344.064503835,85498.253254832,157.897873009
100344.450362207,85499.175804787,157.865319300
100344.836220579,85500.098354741,157.832765592
100345.222078952,85501.020904696,157.800211883
100345.607937324,85501.943454651,157.767658174
100345.993795697,85502.866004606,157.735104465
100346.373782094,85503.790972718,157.706791325
100346.749483066,85504.717705626,157.681572992
100347.125184039,85505.644438533,157.656354659
100347.503222544,85506.570216228,157.623280991
100347.884065733,85507.494847813,157.580782118
100348.261730624,85508.420777470,157.545247377
100348.637075565,85509.347654634,157.514795995
100349.012420506,85510.274531799,157.484344613
100349.387765448,85511.201408963,157.453893231
100349.763110389,85512.128286127,157.423441849
100350.138455330,85513.055163291,157.392990467
100350.513800271,85513.982040456,157.362539085
100350.889145213,85514.908917620,157.332087703
100351.264490154,85515.835794784,157.301636321
100351.640058979,85516.762580881,157.271309405
100352.018274406,85517.688290443,157.242453841
100352.396489833,85518.614000006,157.213598276
100352.774705260,85519.539709568,157.184742712
100353.152920687,85520.465419130,157.155887147
100353.531136114,85521.391128692,157.127031583
100353.909353060,85522.316837633,157.098177015
100354.291423175,85523.240956059,157.070102195
100354.676304466,85524.163914072,157.042595090
100355.061185757,85525.086872085,157.015087985
100355.446067049,85526.009830098,156.987580879
100355.830948340,85526.932788112,156.960073774
100356.216106132,85527.855630197,156.932709214
100356.604535971,85528.777100415,156.907031504
100356.992965810,85529.698570633,156.881353794
100357.381395650,85530.620040851,156.855676084
100357.769825489,85531.541511069,156.829998373
100358.158255328,85532.462981287,156.804320663
100358.546685167,85533.384451505,156.778642953
100358.935115007,85534.305921723,156.752965243
100359.323544846,85535.227391941,156.727287533
100359.711974685,85536.148862159,156.701609823
100360.098760919,85537.071022226,156.677288447
100360.484346417,85537.993686264,156.653957943
100360.869931915,85538.916350302,156.630627438
100361.255517412,85539.839014340,156.607296934
100361.641102910,85540.761678378,156.583966429
100362.026688980,85541.684342176,156.560635623
100362.412276956,85542.607005178,156.537303814
100362.797864931,85543.529668180,156.513972005
100363.183452907,85544.452331183,156.490640197
100363.574997186,85545.372465731,156.468145084
100363.970893375,85546.290752892,156.446261295
100364.367958510,85547.208524670,156.424415163
100364.778880268,85548.120187113,156.403015418
100365.199841536,85549.027208235,156.381819548
100365.629824553,85549.930013861,156.360799600
100366.079784783,85550.823054114,156.340098976
100366.543928848,85551.708699903,156.319590833
100367.020124512,85552.588005658,156.299244125
100367.517693130,85553.455404264,156.279160919
100368.032973609,85554.312398894,156.259296374
100368.566054275,85555.158435530,156.239631807
100369.116914445,85555.993004511,156.220167423
100369.685492814,85556.815604123,156.200901435
100370.271753777,85557.625695693,156.181815441
100370.875736014,85558.422661330,156.162909296
100371.497511294,85559.205823376,156.144182364
100372.137099000,85559.974506712,156.125623748
100372.794327961,85560.728162103,156.107215786
100373.468856656,85561.466375057,156.088967184
100374.160087579,85562.188974094,156.070866843
100374.867148946,85562.896093035,156.052897382
100375.589151279,85563.587942620,156.035069033
100376.326375749,85564.263579493,156.017382099
100377.073200199,85564.928475644,155.999795562
100377.828033148,85565.584359941,155.982294275
100378.594699482,85566.226394079,155.964934434
100379.367547386,85566.860919238,155.947672780
100380.144906967,85567.489963898,155.930482789
100380.927555864,85568.112373131,155.913387997
100381.714065233,85568.729939414,155.896362686
100382.505942394,85569.340561596,155.879424035
100383.301736717,85569.946116300,155.862548625
100384.103582508,85570.543572456,155.845739930
100384.910761230,85571.133842252,155.828986693
100385.728762778,85571.709045319,155.812313464
100386.555095324,85572.272073593,155.795686454
100387.388585851,85572.824551757,155.779098122
100388.235753495,85573.355827181,155.762571357
100389.095058169,85573.867231887,155.746084961
100389.967045852,85574.356691150,155.729646761
100390.851932672,85574.822419984,155.713239234
100391.749593344,85575.263022357,155.696870838
100392.659591814,85575.677542116,155.680533300
100393.581275080,85576.065387801,155.664235189
100394.513810320,85576.426364458,155.647967337
100395.456265355,85576.760590443,155.631729589
100396.407689989,85577.068360829,155.615521133
100397.367132140,85577.350150523,155.599333314
100398.333668664,85577.606558408,155.583175594
100399.306431826,85577.838232326,155.567046925
100400.284611130,85578.045859619,155.550938191
100401.267461900,85578.230117173,155.534850304
100402.254300303,85578.391669057,155.518792318
100403.244493459,85578.531199923,155.502763695
100404.237465019,85578.649355709,155.486755086
100405.232692565,85578.746705065,155.470767366
100406.229724990,85578.823296051,155.454809383
100407.228280650,85578.876884274,155.438875587
100408.227498623,85578.913451567,155.422968807
100409.227221161,85578.935346508,155.407084851
100410.227202414,85578.930593042,155.391237742
100411.226870442,85578.909356342,155.375417648
100412.226204868,85578.873891614,155.359620383
100413.224303596,85578.812377127,155.343860087
100414.221169902,85578.734601510,155.328130683
100415.216910999,85578.642797148,155.312428494
100416.209984084,85578.525362267,155.296781621
100417.200961023,85578.392081262,155.281161713
100418.190076946,85578.245172327,155.265566662
100419.175272161,85578.073779533,155.250032773
100420.157750778,85577.887870522,155.234533675
100421.137875667,85577.689623566,155.219065683
100422.113597764,85577.470645274,155.203665334
100423.086806103,85577.240944604,155.188302516
100424.057883744,85577.002249245,155.172977190
100425.025423099,85576.749558331,155.157727437
100425.992710338,85576.495925918,155.142491421
100426.957051935,85576.231293366,155.127415910
100427.921393531,85575.966660814,155.112340399
100428.885735128,85575.702028262,155.097264888
100429.850076725,85575.437395710,155.082189377
100430.814410771,85575.172735645,155.067295649
100431.778739322,85574.908055560,155.052534192
100432.743067873,85574.643375474,155.037772734
100433.707396425,85574.378695389,155.023011277
100434.671724976,85574.114015304,155.008249819
100435.636053528,85573.849335219,154.993488362
100436.600441942,85573.584874475,154.978763770
100437.565530243,85573.322978172,154.964470187
100438.530618544,85573.061081869,154.950176605
100439.495706904,85572.799185781,154.935883222
100440.460795647,85572.537291108,154.921591149
100441.425884391,85572.275396436,154.907299077
100442.390973134,85572.013501763,154.893007004
100443.356061878,85571.751607090,154.878714932
100444.321150622,85571.489712417,154.864422860
100445.286239365,85571.227817745,154.850130787
100446.251427778,85570.966290836,154.836122872
100447.216688742,85570.705031627,154.822321800
100448.181949706,85570.443772419,154.808520727
100449.147210670,85570.182513210,154.794719655
100450.112471634,85569.921254002,154.780918582
100451.077732598,85569.659994794,154.767117510
100452.042993562,85569.398735585,154.753316437
100453.008254526,85569.137476377,154.739515365
100453.973564123,85568.876397697,154.725746349
100454.939443279,85568.617433301,154.712352764
100455.905322435,85568.358468905,154.698959179
100456.871201591,85568.099504509,154.685565594
100457.837080747,85567.840540113,154.672172009
100458.802959903,85567.581575717,154.658778424
100459.768839059,85567.322611320,154.645384839
100460.734718215,85567.063646924,154.631991254
100461.700597371,85566.804682528,154.618597669
100462.666476527,85566.545718132,154.605204084
100463.632255780,85566.286381614,154.591996259
100464.597962271,85566.026774074,154.578923725
100465.563668763,85565.767166534,154.565851190
100466.529375254,85565.507558994,154.552778656
100467.495081746,85565.247951454,154.539706122
100468.460788237,85564.988343913,154.526633588
100469.426494729,85564.728736373,154.513561053
100470.392201220,85564.469128833,154.500488519
100471.357907712,85564.209521293,154.487415985
100472.323612116,85563.949905989,154.474361140
100473.289292022,85563.690199575,154.461513871
100474.254971928,85563.430493160,154.448666602
100475.220651834,85563.170786746,154.435819333
100476.186331740,85562.911080332,154.422972064
100477.152011646,85562.651373918,154.410124795
100478.117691552,85562.391667504,154.397277525
100479.083371459,85562.131961090,154.384430256
100480.049051365,85561.872254675,154.371582987
100481.014731271,85561.612548261,154.358735718
100481.980189773,85561.352020995,154.345979171
100482.945486928,85561.090895535,154.333288737
100483.910784082,85560.829770075,154.320598304
100484.876081237,85560.568644616,154.307907870
100485.841378392,85560.307519156,154.295217437
100486.806675546,85560.046393696,154.282527003
100487.771972701,85559.785268236,154.269836570
100488.737269856,85559.524142777,154.257146136
100489.702567011,85559.263017317,154.244455702
100490.667894096,85559.002002823,154.232737286
100491.633573093,85558.742293029,154.232447514
100492.599252090,85558.482583235,154.232157741
100493.564931087,85558.222873441,154.231867969
100494.530610084,85557.963163647,154.231578197
100495.496289081,85557.703453853,154.231288424
100496.461968079,85557.443744059,154.230998652
100497.427647076,85557.184034265,154.230708879
100498.393326073,85556.924324472,154.230419107
100499.358433849,85556.662500591,154.149729184
100500.324035446,85556.402509076,154.106104268
100501.290026522,85556.143962480,154.093644356
100502.256017599,85555.885415883,154.081184444
100503.222008676,85555.626869287,154.068724532
100504.187999752,85555.368322691,154.056264619
100505.153990829,85555.109776095,154.043804707
100506.119981906,85554.851229499,154.031344795
100507.085972982,85554.592682902,154.018884883
100508.051964059,85554.334136306,154.006424971
100509.017925653,85554.075479876,153.993976189
100509.983539939,85553.815529584,153.981658521
100510.949154224,85553.555579291,153.969340853
100511.914768509,85553.295628999,153.957023185
100512.880382766,85553.035678602,153.944705506
100513.845996878,85552.775727663,153.932387775
100514.811610989,85552.515776725,153.920070044
100515.777225101,85552.255825786,153.907752314
100516.742839212,85551.995874848,153.895434583
100517.708422059,85551.735808126,153.883133574
100518.673636322,85551.474376435,153.871029699
100519.638850585,85551.212944744,153.858925824
100520.604064848,85550.951513053,153.846821950
100521.569279111,85550.690081361,153.834718075
100522.534493373,85550.428649670,153.822614201
100523.499707636,85550.167217979,153.810510326
100524.464921899,85549.905786287,153.798406451
100525.430136162,85549.644354596,153.786302577
100526.395350425,85549.382922905,153.774198702
100527.359945325,85549.119222804,153.762226348
100528.324087893,85548.853866042,153.750350045
100529.288230462,85548.588509280,153.738473743
100530.252373030,85548.323152519,153.726597440
100531.216515598,85548.057795757,153.714721137
100532.180161179,85547.790644552,153.702974329
100533.143443990,85547.522183516,153.691322043
100534.106726802,85547.253722480,153.679669757
100535.070009613,85546.985261445,153.668017471
100536.033292425,85546.716800409,153.656365186
100536.996575236,85546.448339373,153.644712900
100537.959976695,85546.180308822,153.633082563
100538.924779776,85545.917363738,153.621711520
100539.889582857,85545.654418654,153.610340478
100540.854385938,85545.391473570,153.598969435
100541.819189020,85545.128528487,153.587598392
100542.783992101,85544.865583403,153.576227350
100543.748795182,85544.602638319,153.564856307
100544.713598263,85544.339693235,153.553485264
100545.678401344,85544.076748151,153.542114222
100546.643272829,85543.814055726,153.530764899
100547.608952999,85543.554350293,153.519672350
100548.574633169,85543.294644861,153.508579801
100549.540313340,85543.034939428,153.497487252
100550.505993510,85542.775233996,153.486394703
100551.471673680,85542.515528563,153.475302154
100552.437353850,85542.255823131,153.464209605
100553.403034020,85541.996117698,153.453117056
100554.368714190,85541.736412266,153.442024507
100555.334394360,85541.476706833,153.430931959
100556.299876717,85541.216267782,153.419973244
100557.265214602,85540.955292935,153.409112274
100558.230552487,85540.694318087,153.398251304
100559.195890371,85540.433343240,153.387390335
100560.161228256,85540.172368393,153.376529365
100561.126566141,85539.911393545,153.365668396
100562.091904025,85539.650418698,153.354807426
100563.057241910,85539.389443850,153.343946456
100564.022579795,85539.128469003,153.333085487
100564.987918540,85538.867497340,153.322236972
100565.953267484,85538.606563401,153.311535995
100566.918616427,85538.345629462,153.300835018
100567.883965370,85538.084695523,153.290134042
100568.849314313,85537.823761585,153.279433065
100569.814663256,85537.562827646,153.268732088
100570.780012200,85537.301893707,153.258031111
100571.745361143,85537.040959768,153.247330135
100572.710710086,85536.780025829,153.236629158
100573.676059029,85536.519091890,153.225928181
100574.641668597,85536.259125485,153.215270382
100575.607468620,85535.999866121,153.204644135
100576.573268643,85535.740606758,153.194017889
100577.539068667,85535.481347394,153.183391642
100578.504868690,85535.222088031,153.172765396
100579.470668713,85534.962828667,153.162139149
100580.436468737,85534.703569304,153.151512903
100581.402268760,85534.444309940,153.140886656
100582.368068783,85534.185050577,153.130260410
100583.333852185,85533.925729394,153.119632446
100584.299438327,85533.665674583,153.108984108
100585.265024469,85533.405619772,153.098335770
100586.230610611,85533.145564961,153.087687433
100587.196196753,85532.885510151,153.077039095
100588.161782896,85532.625455340,153.066390757
100589.127369038,85532.365400529,153.055742419
100590.092955180,85532.105345718,153.045094081
100591.058541322,85531.845290907,153.034445743
100592.024127464,85531.585236096,153.023797405
100592.989936302,85531.326010611,153.013082181
100593.955907969,85531.067391507,153.002318052
100594.921879637,85530.808772404,152.991553922
100595.887851304,85530.550153300,152.980789793
100596.853822971,85530.291534197,152.970025664
100597.819794638,85530.032915093,152.959261534
100598.785766305,85529.774295990,152.948497405
100599.751737973,85529.515676886,152.937733275
100600.717709640,85529.257057783,152.926969146
100601.683667437,85528.998386945,152.916189165
100602.649460300,85528.739100910,152.905220687
100603.615253164,85528.479814875,152.894252209
100604.581046027,85528.220528840,152.883283731
100605.546838930,85527.961242954,152.872314714
100606.512632042,85527.701957843,152.861342886
100607.478425153,85527.442672733,152.850371058
100608.444218264,85527.183387622,152.839399230
100609.410011376,85526.924102512,152.828427402
100610.375804487,85526.664817402,152.817455574
100611.341628038,85526.405645719,152.806321019
100612.307473859,85526.146557020,152.795067414
100613.273319679,85525.887468321,152.783813809
100614.239165499,85525.628379621,152.772560204
100615.205011319,85525.369290922,152.761306600
100616.170857140,85525.110202223,152.750052995
100617.136702960,85524.851113524,152.738799390
100618.102548780,85524.592024825,152.727545785
100619.068394601,85524.332936126,152.716292180
100620.034202719,85524.073707404,152.705011596
100620.999561659,85523.812810450,152.693409579
100621.964920598,85523.551913496,152.681807563
100622.930279538,85523.291016542,152.670205546
100623.895638477,85523.030119588,152.658603530
100624.860997417,85522.769222635,152.647001513
100625.826356356,85522.508325681,152.635399496
100626.791715296,85522.247428727,152.623797480
100627.757074235,85521.986531773,152.612195463
100628.722433175,85521.725634819,152.600593447
100629.688016959,85521.465572305,152.588762918
100630.653765333,85521.206120613,152.576765115
100631.619513707,85520.946668921,152.564767313
100632.585262082,85520.687217229,152.552769510
100633.551010456,85520.427765537,152.540771707
100634.516758830,85520.168313845,152.528773905
100635.482507204,85519.908862153,152.516776102
100636.448255578,85519.649410461,152.504778300
100637.414003952,85519.389958769,152.492780497
100638.379753898,85519.130512928,152.480749094
100639.345522606,85518.871136935,152.468316553
100640.311291313,85518.611760942,152.455884013
100641.277060021,85518.352384949,152.443451472
100642.242828729,85518.093008956,152.431018932
100643.208597437,85517.833632964,152.418586392
100644.174366145,85517.574256971,152.406153851
100645.140134852,85517.314880978,152.393721311
100646.105903560,85517.055504985,152.381288770
100647.071672268,85516.796128992,152.368856230
100648.037338007,85516.536370128,152.356162419
100649.002928328,85516.276330831,152.343277243
100649.968518648,85516.016291535,152.330392067
100650.934108969,85515.756252239,152.317506891
100651.899699289,85515.496212942,152.304621715
100652.865289609,85515.236173646,152.291736538
100653.830879930,85514.976134350,152.278851362
100654.796470250,85514.716095053,152.265966186
100655.762060571,85514.456055757,152.253081010
100656.727597441,85514.195819027,152.240161398
100657.692494997,85513.933220838,152.226829911
100658.657392553,85513.670622649,152.213498424
100659.622290109,85513.408024460,152.200166937
100660.587187665,85513.145426271,152.186835450
100661.552085221,85512.882828082,152.173503963
100662.516982777,85512.620229893,152.160172476
100663.481880333,85512.357631704,152.146840989
100664.446777889,85512.095033515,152.133509502
100665.411675445,85511.832435326,152.120178015
100666.377022191,85511.571497412,152.106612661
100667.342698117,85511.311776199,152.092875922
100668.308374043,85511.052054987,152.079139183
100669.274049969,85510.792333774,152.065402444
100670.239725896,85510.532612561,152.051665704
100671.205401822,85510.272891348,152.037928965
100672.171077748,85510.013170135,152.024192226
100673.136753674,85509.753448922,152.010455487
100674.102429600,85509.493727709,151.996718747
100675.068122131,85509.234068337,151.982957605
100676.034013647,85508.975150047,151.968904013
100676.999905163,85508.716231756,151.954850422
100677.965796680,85508.457313466,151.940796830
100678.931688196,85508.198395176,151.926743239
100679.897579713,85507.939476886,151.912689647
100680.863471229,85507.680558595,151.898636056
100681.829362746,85507.421640305,151.884582465
100682.795254262,85507.162722015,151.870528873
100683.761145779,85506.903803725,151.856475282
100684.726554488,85506.643095829,151.842325136
100685.691609188,85506.381075734,151.828104192
100686.656663887,85506.119055640,151.813883249
100687.621718586,85505.857035545,151.799662305
100688.586773286,85505.595015451,151.785441362
100689.551827985,85505.332995356,151.771220418
100690.516882684,85505.070975262,151.756999475
100691.481937384,85504.808955167,151.742778531
100692.446992083,85504.546935073,151.728557588
100693.411958298,85504.284591864,151.714339875
100694.375862109,85504.018369127,151.700160961
100695.339765920,85503.752146389,151.685982047
100696.303669730,85503.485923652,151.671803133
100697.267573541,85503.219700914,151.657624219
100698.231477474,85502.953478618,151.643445673
100699.195382048,85502.687258643,151.629269066
100700.159286622,85502.421038668,151.615092458
100701.123191196,85502.154818693,151.600915851
100702.087095770,85501.888598718,151.586739243
100703.051342758,85501.623623957,151.572715569
100704.015840956,85501.359562733,151.558804092
100704.980339153,85501.095501510,151.544892615
100705.944837351,85500.831440286,151.530981138
100706.909335548,85500.567379063,151.517069661
100707.873833745,85500.303317839,151.503158184
100708.838331943,85500.039256616,151.489246707
100709.802830140,85499.775195392,151.475335229
100710.767328338,85499.511134169,151.461423752
100711.731852393,85499.247167630,151.447545157
100712.696687495,85498.984340065,151.434062097
100713.661522596,85498.721512499,151.420579037
100714.626357698,85498.458684933,151.407095977
100715.591192799,85498.195857367,151.393612917
100716.556027901,85497.933029801,151.380129857
100717.520863003,85497.670202235,151.366646797
100718.485698104,85497.407374670,151.353163737
100719.450533206,85497.144547104,151.339680677
100720.415368307,85496.881719538,151.326197617
100721.380348332,85496.619424987,151.313012003
100722.345434737,85496.357521699,151.300044733
100723.310521143,85496.095618411,151.287077462
100724.275607549,85495.833715123,151.274110192
100725.240693954,85495.571811835,151.261142921
100726.205780360,85495.309908547,151.248175650
100727.170866766,85495.048005259,151.235208380
100728.135953171,85494.786101971,151.222241109
100729.101039577,85494.524198684,151.209273838
100730.066119082,85494.262269984,151.196348340
100731.031115410,85494.000034998,151.183926323
100731.996111739,85493.737800011,151.171504305
100732.961108068,85493.475565025,151.159082288
100733.926104397,85493.213330039,151.146660271
100734.891100726,85492.951095052,151.134238253
100735.856097054,85492.688860066,151.121816236
100736.821093383,85492.426625080,151.109394219
100737.786089712,85492.164390093,151.096972201
100738.751086041,85491.902155107,151.084550184
100739.716009262,85491.639651348,151.072424936
100740.680878787,85491.376950182,151.060517658
100741.645748311,85491.114249017,151.048610380
100742.610617836,85490.851547851,151.036703102
100743.575487361,85490.588846685,151.024795824
100744.540356886,85490.326145520,151.012888545
100745.505226411,85490.063444354,151.000981267
100746.470095936,85489.800743188,150.989073989
100747.434965461,85489.538042023,150.977166711
100748.399838181,85489.275352594,150.965292919
100749.364749482,85489.012804915,150.953823523
100750.329660783,85488.750257235,150.942354128
100751.294572083,85488.487709556,150.930884733
100752.259483384,85488.225161876,150.919415337
100753.224394685,85487.962614197,150.907945942
100754.189305986,85487.700066517,150.896476547
100755.154217287,85487.437518838,150.885007151
100756.119128588,85487.174971158,150.873537756
100757.084039889,85486.912423479,150.862068361
100758.049112878,85486.650471290,150.850781418
100759.014304688,85486.388956719,150.839628558
100759.979496499,85486.127442149,150.828475698
100760.944688310,85485.865927578,150.817322838
100761.909880121,85485.604413008,150.806169978
100762.875071932,85485.342898437,150.795017118
100763.840263743,85485.081383866,150.783864258
100764.805455554,85484.819869296,150.772711397
100765.770735931,85484.558684521,150.761573266
100766.737087813,85484.301489766,150.750613330
100767.703439696,85484.044295011,150.739653393
100768.669791578,85483.787100256,150.728693457
100769.636143461,85483.529905501,150.717733521
100770.602495343,85483.272710746,150.706773585
100771.568847225,85483.015515991,150.695813648
100772.535199108,85482.758321236,150.684853712
100773.501641028,85482.501467957,150.673900844
100774.469172989,85482.248748729,150.663033554
100775.436704949,85481.996029501,150.652166265
100776.404236910,85481.743310274,150.641298975
100777.371768870,85481.490591046,150.630431685
100778.339300831,85481.237871818,150.619564395
100779.306832791,85480.985152591,150.608697105
100780.274364752,85480.732433363,150.597829815
100781.241896712,85480.479714135,150.586962525
100782.209428673,85480.226994908,150.576095235
100783.177280471,85479.975505722,150.565217025
100784.145367485,85479.724921133,150.554330784
100785.113454499,85479.474336544,150.543444543
100786.081541513,85479.223751955,150.532558303
100787.049628527,85478.973167365,150.521672062
100788.017715540,85478.722582776,150.510785821
100788.985802554,85478.471998187,150.499899580
100789.953889568,85478.221413598,150.489013339
100790.921976582,85477.970829009,150.478127099
100791.890100020,85477.720385697,150.467230677
100792.858665272,85477.471656013,150.456210761
100793.827230524,85477.222926329,150.445190845
100794.795795776,85476.974196645,150.434170929
100795.764361027,85476.725466962,150.423151013
100796.732926279,85476.476737278,150.412131096
100797.701491531,85476.228007594,150.401111180
100798.670056783,85475.979277910,150.390091264
100799.638622035,85475.730548226,150.379071348
100800.607187286,85475.481818543,150.368051432
100801.576109149,85475.234484761,150.356910192
100802.545293418,85474.988178131,150.345679677
100803.514477687,85474.741871502,150.334449162
100804.483661955,85474.495564873,150.323218647
100805.452846224,85474.249258244,150.311988132
100806.422030493,85474.002951614,150.300757617
100807.391214762,85473.756644985,150.289527102
100808.360399031,85473.510338356,150.278296587
100809.329638144,85473.264248869,150.267045828
100810.299543698,85473.020798014,150.255549069
100811.269449252,85472.777347159,150.244052311
100812.239354806,85472.533896304,150.232555553
100813.209260360,85472.290445449,150.221058795
100814.179165914,85472.046994594,150.209562037
100815.149071468,85471.803543739,150.198065278
100816.118977022,85471.560092884,150.186568520
100817.088882576,85471.316642028,150.175071762
100818.058788130,85471.073191173,150.163575004
100819.028883081,85470.830497043,150.151895761
100819.999117468,85470.588360022,150.140082171
100820.969351855,85470.346223001,150.128268580
100821.939586242,85470.104085980,150.116454990
100822.909820629,85469.861948959,150.104641400
100823.880055016,85469.619811938,150.092827810
100824.850289403,85469.377674917,150.081014219
100825.820523790,85469.135537895,150.069200629
100826.790758177,85468.893400874,150.057387039
100827.761029876,85468.651414016,150.045548444
100828.731755924,85468.411255645,150.033405368
100829.702481971,85468.171097274,150.021262292
100830.673208019,85467.930938903,150.009119217
100831.643934067,85467.690780531,149.996976141
100832.614660114,85467.450622160,149.984833066
100833.585386162,85467.210463789,149.972689990
100834.556112209,85466.970305418,149.960546915
100835.526838257,85466.730147047,149.948403839
100836.497564304,85466.489988676,149.936260764
100837.468028180,85466.248774876,149.923955807
100838.438298932,85466.006783613,149.911531603
100839.408569683,85465.764792350,149.899107399
100840.378840435,85465.522801087,149.886683195
100841.349111186,85465.280809824,149.874258991
100842.319381938,85465.038818560,149.861834788
100843.289652689,85464.796827297,149.849410584
100844.259522914,85464.553239832,149.836836119
100845.229098043,85464.308476330,149.824150947
100846.198673172,85464.063712828,149.811465776
100847.168248301,85463.818949326,149.798780604
100848.137823430,85463.574185824,149.786095432
100849.107398559,85463.329422322,149.773410260
100850.076973688,85463.084658820,149.760725088
100851.046548817,85462.839895318,149.748039916
100852.016123946,85462.595131816,149.735354744
100852.985719210,85462.350448257,149.722648852
100853.955560277,85462.106740631,149.709690002
100854.925401344,85461.863033005,149.696731153
100855.895242412,85461.619325379,149.683772304
100856.865083479,85461.375617754,149.670813455
100857.834924546,85461.131910128,149.657854606
100858.804765613,85460.888202502,149.644895757
100859.774606681,85460.644494876,149.631936908
100860.744447748,85460.400787251,149.618978059
100861.714288815,85460.157079625,149.606019210
100862.684051072,85459.913058742,149.592917361
100863.653755229,85459.668806927,149.579710094
100864.623459387,85459.424555112,149.566502826
100865.593163545,85459.180303297,149.553295559
100866.562867703,85458.936051482,149.540088291
100867.532571860,85458.691799667,149.526881024
100868.502276018,85458.447547852,149.513673757
100869.471980176,85458.203296037,149.500466489
100870.441684334,85457.959044222,149.487259222
100871.411411069,85457.714882276,149.474034852
100872.381414002,85457.471819704,149.460601258
100873.351416934,85457.228757133,149.447167665
100874.321419866,85456.985694562,149.433734071
100875.291422799,85456.742631990,149.420300477
100876.261425731,85456.499569419,149.406866884
100877.231428664,85456.256506847,149.393433290
100878.201431596,85456.013444276,149.379999696
100879.171434529,85455.770381704,149.366566103
100880.141437461,85455.527319133,149.353132509
100881.111536092,85455.284639025,149.339581157
100882.081705310,85455.042241025,149.325942945
100883.051874529,85454.799843025,149.312304732
100884.022043747,85454.557445025,149.298666520
100884.992213032,85454.315047291,149.285027812
100885.962382671,85454.072650976,149.271386452
100886.932552310,85453.830254660,149.257745092
100887.902721949,85453.587858344,149.244103733
100888.872891588,85453.345462029,149.230462373
100889.843072090,85453.103109245,149.216806752
100890.813385737,85452.861290038,149.202976332
100891.783699385,85452.619470831,149.189145911
100892.754013032,85452.377651624,149.175315490
100893.724326679,85452.135832417,149.161485069
100894.694640326,85451.894013210,149.147654649
100895.664953973,85451.652194003,149.133824228
100896.635267620,85451.410374796,149.119993807
100897.605581267,85451.168555589,149.106163386
100898.575894914,85450.926736382,149.092332966
100899.546496426,85450.686077383,149.086057160
100900.517310395,85450.446274671,149.085357006
100901.488124363,85450.206471959,149.084656852
100902.458938332,85449.966669247,149.083956699
100903.429752301,85449.726866535,149.083256545
100904.400566270,85449.487063823,149.082556391
100905.371380238,85449.247261111,149.081856237
100906.342197894,85449.007473333,149.077165915
100907.313070641,85448.767908703,149.012851979
100908.283929208,85448.528286703,148.952313320
100909.254613609,85448.287960059,148.938145004
100910.225298010,85448.047633415,148.923976688
100911.195982412,85447.807306772,148.909808371
100912.166666813,85447.566980128,148.895640055
100913.137351214,85447.326653484,148.881471739
100914.108035615,85447.086326840,148.867303423
100915.078720016,85446.846000196,148.853135106
100916.049404418,85446.605673552,148.838966790
100917.020088819,85446.365346908,148.824798474
100917.990762419,85446.124976645,148.810552654
100918.961428043,85445.884574170,148.796249599
100919.932093666,85445.644171695,148.781946545
100920.902759290,85445.403769220,148.767643490
100921.873424913,85445.163366745,148.753340435
100922.844090537,85444.922964270,148.739037381
100923.814756160,85444.682561796,148.724734326
100924.785421784,85444.442159321,148.710431271
100925.756087407,85444.201756846,148.696128217
100926.726760137,85443.961383088,148.681818676
100927.697520326,85443.721362758,148.667429309
100928.668280514,85443.481342428,148.653039941
100929.639040703,85443.241322098,148.638650574
100930.609800891,85443.001301768,148.624261207
100931.580561080,85442.761281438,148.609871840
100932.551321269,85442.521261108,148.595482472
100933.522081457,85442.281240778,148.581093105
100934.492841646,85442.041220448,148.566703738
100935.463601834,85441.801200118,148.552314371
100936.434177685,85441.560436358,148.537911682
100937.404617328,85441.319123280,148.523499149
100938.375056971,85441.077810203,148.509086617
100939.345496614,85440.836497125,148.494674084
100940.315936258,85440.595184047,148.480261552
100941.286375901,85440.353870970,148.465849019
100942.256815544,85440.112557892,148.451436487
100943.227255187,85439.871244815,148.437023954
100944.197694831,85439.629931737,148.422611422
100945.168043552,85439.388256860,148.408201169
100946.137271090,85439.142120554,148.393819033
100947.106498629,85438.895984248,148.379436897
100948.075726167,85438.649847942,148.365054761
100949.044953706,85438.403711635,148.350672624
100950.013996886,85438.156851340,148.336315715
100950.982903792,85437.909455889,148.321977452
100951.951810699,85437.662060437,148.307639189
100952.920717605,85437.414664986,148.293300926
100953.889624511,85437.167269535,148.278962663
100954.858531418,85436.919874084,148.264624400
100955.828403440,85436.676313406,148.250316820
100956.798988938,85436.435587642,148.236031923
100957.769574436,85436.194861879,148.221747026
100958.740159935,85435.954136116,148.207462130
100959.710745433,85435.713410352,148.193177233
100960.681330931,85435.472684589,148.178892336
100961.651916429,85435.231958825,148.164607439
100962.622501928,85434.991233062,148.150322542
100963.593208458,85434.750996205,148.136057456
100964.564004484,85434.511120865,148.121807019
100965.534800510,85434.271245525,148.107556582
100966.505596535,85434.031370185,148.093306144
100967.476392561,85433.791494845,148.079055707
100968.447188587,85433.551619505,148.064805270
100969.417984613,85433.311744165,148.050554833
100970.388780639,85433.071868825,148.036304396
100971.359576665,85432.831993486,148.022053959
100972.330405876,85432.592252988,148.007804387
100973.301645628,85432.354180631,147.993564055
100974.272886963,85432.116114731,147.979315896
100975.244128298,85431.878048832,147.965067738
100976.215369632,85431.639982932,147.950819579
100977.186610967,85431.401917033,147.936571420
100978.157852301,85431.163851133,147.922323261
100979.129093636,85430.925785234,147.908075102
100980.100334971,85430.687719334,147.893826944
100981.071576305,85430.449653435,147.879578785
100982.042364077,85430.209750214,147.865305727
100983.012816287,85429.968487678,147.851014247
100983.983268497,85429.727225143,147.836722767
100984.953720706,85429.485962607,147.822431287
100985.924172916,85429.244700072,147.808139808
100986.894625126,85429.003437536,147.793848328
100987.865077336,85428.762175000,147.779556848
100988.835529546,85428.520912465,147.765265368
100989.805981756,85428.279649929,147.750973889
100990.776428141,85428.038363982,147.736676356
100991.746802383,85427.796788045,147.722303840
100992.717176625,85427.555212108,147.707931325
100993.687550867,85427.313636171,147.693558810
100994.657925108,85427.072060234,147.679186295
100995.628299350,85426.830484297,147.664813780
100996.598673592,85426.588908360,147.650441265
100997.569047834,85426.347332423,147.636068750
100998.539422076,85426.105756485,147.621696235
100999.509796318,85425.864180548,147.607323720
101000.480192348,85425.622692162,147.592892524
101001.450604508,85425.381268588,147.578417888
101002.421016668,85425.139845013,147.563943252
101003.391428828,85424.898421439,147.549468617
101004.361840988,85424.656997864,147.534993981
101005.332253148,85424.415574290,147.520519346
101006.302665308,85424.174150715,147.506044710
101007.273077468,85423.932727140,147.491570074
101008.243489628,85423.691303566,147.477095439
101009.213922049,85423.449961628,147.462613034
101010.184605959,85423.209633001,147.448034202
101011.155289869,85422.969304373,147.433455370
101012.125973780,85422.728975745,147.418876538
101013.096657690,85422.488647118,147.404297706
101014.067341600,85422.248318490,147.389718874
101015.038025510,85422.007989862,147.375140041
101016.008709420,85421.767661235,147.360561209
101016.979393330,85421.527332607,147.345982377
101017.950077240,85421.287003980,147.331403545
101018.920657167,85421.046256040,147.333828178
101019.891160073,85420.805197517,147.348847216
101020.861662980,85420.564138995,147.363866253
101021.832162332,85420.323066164,147.369436553
101022.802647935,85420.081937991,147.338459617
101023.773133539,85419.840809818,147.307482681
101024.743619142,85419.599681645,147.276505746
101025.714104746,85419.358553472,147.245528810
101026.684590350,85419.117425299,147.214551874
101027.655062413,85418.876242719,147.184785287
101028.625366058,85418.634383381,147.170073812
101029.595669703,85418.392524044,147.155362338
101030.565973348,85418.150664706,147.140650863
101031.536276993,85417.908805369,147.125939389
101032.506580638,85417.666946032,147.111227914
101033.476884283,85417.425086694,147.096516439
101034.447187928,85417.183227357,147.081804965
101035.417491573,85416.941368019,147.067093490
101036.387795218,85416.699508682,147.052382016
101037.358103686,85416.457668694,147.037677796
101038.328415728,85416.215843047,147.022978953
101039.298727770,85415.974017399,147.008280110
101040.269039812,85415.732191752,146.993581268
101041.239351854,85415.490366105,146.978882425
101042.209663896,85415.248540457,146.964183582
101043.179975938,85415.006714810,146.949484739
101044.150287980,85414.764889162,146.934785897
101045.120600022,85414.523063515,146.920087054
101046.090933273,85414.281323183,146.905393607
101047.061530854,85414.040646140,146.890767407
101048.032128435,85413.799969098,146.876141207
101049.002726016,85413.559292055,146.861515007
101049.973323596,85413.318615013,146.846888807
101050.943921177,85413.077937971,146.832262607
101051.914518758,85412.837260928,146.817636407
101052.885116339,85412.596583886,146.803010207
101053.855713920,85412.355906843,146.788384007
101054.826311501,85412.115229801,146.773757807
101055.796802152,85411.874122249,146.759208358
101056.767213511,85411.632695454,146.744715824
101057.737624870,85411.391268659,146.730223290
101058.708036229,85411.149841864,146.715730756
101059.678447587,85410.908415069,146.701238222
101060.648858946,85410.666988274,146.686745688
101061.619270305,85410.425561479,146.672253154
101062.589681664,85410.184134684,146.657760620
101063.560093023,85409.942707889,146.643268086
101064.530523409,85409.701357751,146.628789517
101065.501191328,85409.460964542,146.614484632
101066.471858734,85409.220569264,146.600175875
101067.442526140,85408.980173986,146.585867117
101068.413193545,85408.739778708,146.571558360
101069.383860951,85408.499383430,146.557249603
101070.354528357,85408.258988152,146.542940846
101071.325195763,85408.018592874,146.528632088
101072.295863169,85407.778197596,146.514323331
101073.266530575,85407.537802318,146.500014574
101074.237141385,85407.297178717,146.485833571
101075.207710203,85407.056385709,146.471747357
101076.178279021,85406.815592702,146.457661142
101077.148847839,85406.574799695,146.443574927
101078.119416656,85406.334006688,146.429488713
101079.089985474,85406.093213680,146.415402498
101080.060554292,85405.852420673,146.401316283
101081.031123110,85405.611627666,146.387230069
101082.001691928,85405.370834659,146.373143854
101082.972256263,85405.130023591,146.359076335
101083.942764497,85404.888986520,146.345242758
101084.913272732,85404.647949449,146.331409181
101085.883780966,85404.406912378,146.317575605
101086.854289200,85404.165875307,146.303742028
101087.824797435,85403.924838236,146.289908452
101088.795305669,85403.683801165,146.276074875
101089.765813904,85403.442764094,146.262241299
101090.736322138,85403.201727023,146.248407722
101091.706830372,85402.960689952,146.234574146
101092.677544980,85402.720486486,146.220907303
101093.648412797,85402.480901877,146.207364242
101094.619280614,85402.241317269,146.193821180
101095.590148431,85402.001732661,146.180278119
101096.561016248,85401.762148053,146.166735058
101097.531884065,85401.522563445,146.153191996
101098.502751882,85401.282978837,146.139648935
101099.473619699,85401.043394228,146.126105874
101100.444487516,85400.803809620,146.112562812
101101.415349923,85400.564203100,146.099044552
101102.386144478,85400.324321808,146.085837286
101103.356939033,85400.084440515,146.072630020
101104.327733588,85399.844559223,146.059422755
101105.298528143,85399.604677931,146.046215489
101106.269322698,85399.364796639,146.033008223
101107.240117253,85399.124915346,146.019800957
101108.210911808,85398.885034054,146.006593692
101109.181706363,85398.645152762,145.993386426
101110.152500919,85398.405271470,145.980179160
101111.123358947,85398.165647309,145.967198981
101112.094264126,85397.926214151,145.954387487
101113.065169304,85397.686780992,145.941575992
101114.036074482,85397.447347834,145.928764498
101115.006979661,85397.207914675,145.915953003
101115.977884839,85396.968481517,145.903141509
101116.948790017,85396.729048359,145.890330015
101117.919695196,85396.489615200,145.877518520
101118.890600374,85396.250182042,145.864707026
101119.861503091,85396.010738906,145.851930841
101120.832374883,85395.771170405,145.839598313
101121.803246674,85395.531601904,145.827265786
101122.774118466,85395.292033403,145.814933259
101123.744990258,85395.052464902,145.802600731
101124.715862050,85394.812896401,145.790268204
101125.686733841,85394.573327901,145.777935677
101126.657605633,85394.333759400,145.765603150
101127.628477425,85394.094190899,145.753270622
101128.599349217,85393.854622398,145.740938095
101129.570219465,85393.615047644,145.728942492
101130.541088567,85393.375468241,145.717197310
101131.511957669,85393.135888839,145.705452128
101132.482826770,85392.896309437,145.693706946
101133.453695872,85392.656730034,145.681961763
101134.424564974,85392.417150632,145.670216581
101135.395434075,85392.177571230,145.658471399
101136.366303177,85391.937991827,145.646726217
101137.337172279,85391.698412425,145.634981034
101138.308044840,85391.458847047,145.623287974
101139.278960958,85391.219458256,145.612251212
101140.249877077,85390.980069466,145.601214450
101141.220793196,85390.740680675,145.590177688
101142.191709314,85390.501291884,145.579140925
101143.162625433,85390.261903093,145.568104163
101144.133541552,85390.022514303,145.557067401
101145.104457670,85389.783125512,145.546030639
101146.075373789,85389.543736721,145.534993877
101147.046289908,85389.304347931,145.523957115
101148.017204975,85389.064954876,145.513391226
101148.988119260,85388.825558649,145.503175508
101149.959033546,85388.586162423,145.492959790
101150.929947831,85388.346766197,145.482744071
101151.900862116,85388.107369971,145.472528353
101152.871776402,85387.867973745,145.462312635
101153.842690687,85387.628577519,145.452096917
101154.813604972,85387.389181293,145.441881198
101155.784519258,85387.149785066,145.431665480
101156.755413834,85386.910309097,145.421516508
101157.726059744,85386.669827042,145.412209644
101158.696705645,85386.429344945,145.402902492
101159.667351488,85386.188862619,145.393593771
101160.637997332,85385.948380293,145.384285050
101161.608643175,85385.707897967,145.374976329
101162.579289019,85385.467415641,145.365667608
101163.549934862,85385.226933315,145.356358887
101164.520580706,85384.986450989,145.347050166
101165.491226549,85384.745968663,145.337741445
101166.461893445,85384.505571337,145.328993015
101167.432576006,85384.265237259,145.320661495
101168.403258566,85384.024903181,145.312329976
101169.373941127,85383.784569103,145.303998456
101170.344623688,85383.544235026,145.295666937
101171.315306248,85383.303900948,145.287335417
101172.285988809,85383.063566870,145.279003897
101173.256671370,85382.823232792,145.270672378
101174.227353930,85382.582898714,145.262340858
101175.198035385,85382.342560168,145.254085025
101176.168702849,85382.102165127,145.246786133
101177.139370314,85381.861770086,145.239487240
101178.110037779,85381.621375045,145.232188347
101179.080705243,85381.380980004,145.224889455
101180.051372708,85381.140584963,145.217590562
101181.022040172,85380.900189922,145.210291669
101181.992707637,85380.659794880,145.202992777
101182.963375102,85380.419399839,145.195693884
101183.934042566,85380.179004798,145.188394991
101184.905075653,85379.940094550,145.181665844
101185.876380951,85379.702289757,145.175360883
101186.847686250,85379.464484964,145.169055921
101187.818991548,85379.226680171,145.162750960
101188.790296847,85378.988875378,145.156445998
101189.761602146,85378.751070586,145.150141037
101190.732907444,85378.513265793,145.143836076
101191.704212743,85378.275461000,145.137531114
101192.676223715,85378.040571511,145.131757770
101193.648760181,85377.807852955,145.126380303
101194.621296646,85377.575134399,145.121002837
101195.593833111,85377.342415843,145.115625370
101196.566369577,85377.109697287,145.110247903
101197.538906042,85376.876978732,145.104870437
101198.511442507,85376.644260176,145.099492970
101199.483978973,85376.411541620,145.094115503
101200.457056727,85376.181105758,145.089254709
101201.430537645,85375.952370089,145.084778742
101202.404018562,85375.723634419,145.080302774
101203.377499479,85375.494898750,145.075826807
101204.350980396,85375.266163081,145.071350839
101205.324461314,85375.037427412,145.066874872
101206.297942231,85374.808691743,145.062398904
101207.271521745,85374.580381398,145.057977646
101208.246351998,85374.357466432,145.054250397
101209.221182250,85374.134551466,145.050523148
101210.196012502,85373.911636500,145.046795898
101211.170842754,85373.688721533,145.043068649
101212.145673006,85373.465806567,145.039341400
101213.121280803,85373.246340818,145.036000926
101214.097467939,85373.029445043,145.032948634
101215.073655076,85372.812549269,145.029896343
101216.049842212,85372.595653495,145.026844051
101217.026029349,85372.378757721,145.023791760
101218.002216486,85372.161861947,145.020739468
101218.978483974,85371.945332246,145.017744834
101219.955771779,85371.733451035,145.015482348
101220.933059585,85371.521569823,145.013219861
101221.910347390,85371.309688612,145.010957375
101222.887635196,85371.097807401,145.008694889
101223.864923001,85370.885926190,145.006432403
101224.842210807,85370.674044979,145.004169917
101225.819498613,85370.462163767,145.001907430
101226.796848903,85370.250573629,144.999706493
101227.774993211,85370.042682273,144.998287680
101228.753137518,85369.834790917,144.996868867
101229.731281826,85369.626899561,144.995450055
101230.709426134,85369.419008204,144.994031242
101231.687570441,85369.211116848,144.992612429
101232.665714749,85369.003225492,144.991193617
101233.643859056,85368.795334135,144.989774804
101234.622003364,85368.587442779,144.988355991
101235.600864426,85368.382975176,144.987303149
101236.580259858,85368.181060117,144.986523153
101237.559655290,85367.979145059,144.985743156
101238.539050722,85367.777230001,144.984963160
101239.518446154,85367.575314943,144.984183164
101240.498820452,85367.378253897,144.983628015
101241.479924604,85367.184812057,144.983240517
101242.461028756,85366.991370217,144.982853018
101243.442132908,85366.797928377,144.982465519
101244.424292825,85366.609982514,144.982252535
101245.407239975,85366.426134743,144.982169679
101246.390187124,85366.242286972,144.982086822
101247.373271809,85366.059196663,144.982023319
101248.358107227,85365.885748395,144.982206175
101249.342942646,85365.712300127,144.982389032
101250.327778064,85365.538851860,144.982571889
101251.313651692,85365.371490395,144.982886769
101252.300299532,85365.208667968,144.983300100
101253.286947372,85365.045845541,144.983713431
101254.274272883,85364.887226765,144.984248638
101255.262237198,85364.732606809,144.984875367
101256.250949807,85364.582832047,144.985505623
101257.239756494,85364.433697529,144.986151147
101258.229761486,85364.292718039,144.986991144
101259.219766479,85364.151738548,144.987831141
101260.209771472,85364.010759058,144.988671138
101261.200597165,85363.875769097,144.989625691
101262.192034990,85363.745246526,144.990665689
101263.183472815,85363.614723955,144.991705687
101264.174996944,85363.484881697,144.992759329
101265.167620693,85363.363707460,144.993986821
101266.160244442,85363.242533224,144.995214314
101267.152868191,85363.121358987,144.996441806
101268.145558342,85363.000746868,144.997684030
101269.139094852,85362.887299495,144.999114022
101270.132631361,85362.773852122,145.000544014
101271.126167871,85362.660404749,145.001974006
101272.119704381,85362.546957376,145.003403998
101273.113299736,85362.434042764,145.004848733
101274.107645441,85362.327921501,145.006481452
101275.101991145,85362.221800239,145.008114170
101276.096336850,85362.115678976,145.009746889
101277.090682554,85362.009557713,145.011379608
101278.085028259,85361.903436450,145.013012326
101279.079714635,85361.800596801,145.014765768
101280.074655200,85361.700205692,145.016609285
101281.069595765,85361.599814582,145.018452803
101282.064536330,85361.499423473,145.020296320
101283.059476895,85361.399032363,145.022139837
101284.054417460,85361.298641254,145.023983355
101285.049358025,85361.198250145,145.025826872
101286.044298590,85361.097859035,145.027670390
101287.039269931,85360.997779662,145.029527494
101288.034634191,85360.901680273,145.031558070
101289.029998451,85360.805580884,145.033588645
101290.025362711,85360.709481495,145.035619220
101291.020726971,85360.613382106,145.037649796
101292.016091231,85360.517282717,145.039680371
101293.011455490,85360.421183328,145.041710946
101294.006819750,85360.325083939,145.043741521
101295.002184010,85360.228984550,145.045772097
101295.997809353,85360.135659945,145.047866200
101296.993629586,85360.044406641,145.050007726
101297.989449820,85359.953153338,145.052149252
101298.985270053,85359.861900034,145.054290778
101299.981090286,85359.770646730,145.056432303
101300.976910520,85359.679393427,145.058573829
101301.972766559,85359.588543228,145.060720114
101302.969080361,85359.502846618,145.062927243
101303.965394164,85359.417150008,145.065134372
101304.961707967,85359.331453398,145.067341501
101305.958021770,85359.245756788,145.069548630
101306.954335573,85359.160060179,145.071755760
101307.950649375,85359.074363569,145.073962889
101308.946997141,85358.989075322,145.076173069
101309.943779389,85358.909011267,145.078422284
101310.940561637,85358.828947213,145.080671499
101311.937343885,85358.748883158,145.082920714
101312.934126132,85358.668819104,145.085169929
101313.930908380,85358.588755049,145.087419144
101314.927690628,85358.508690995,145.089668359
101315.924761194,85358.432370205,145.091931027
101316.922047093,85358.358845120,145.094203743
101317.919332992,85358.285320035,145.096476459
101318.916618891,85358.211794950,145.098749175
101319.913904790,85358.138269864,145.101021891
101320.911225831,85358.065245053,145.103295397
101321.908996931,85357.998627222,145.105579021
101322.906768030,85357.932009392,145.107862645
101323.904539130,85357.865391562,145.110146270
101324.902310229,85357.798773731,145.112429894
101325.900081329,85357.732155901,145.114713518
101326.898082927,85357.669163407,145.117001224
101327.896256716,85357.608879166,145.119291979
101328.894430505,85357.548594926,145.121582734
101329.892604294,85357.488310686,145.123873489
101330.890778083,85357.428026445,145.126164244
101331.888951872,85357.367742205,145.128454999
101332.887147134,85357.307829368,145.130745656
101333.885617679,85357.252677996,145.133035051
101334.884088223,85357.197526623,145.135324447
101335.882558768,85357.142375251,145.137613842
101336.881029313,85357.087223878,145.139903238
101337.879499858,85357.032072506,145.142192633
101338.877970402,85356.976921133,145.144482029
101339.876440947,85356.921769761,145.146771424
101340.874911492,85356.866618389,145.149060819
101341.873483948,85356.813369548,145.151344226
101342.872132568,85356.761542552,145.153623157
101343.870781187,85356.709715555,145.155902088
101344.869429807,85356.657888559,145.158181019
101345.868078426,85356.606061563,145.160459950
101346.866727045,85356.554234566,145.162738881
101347.865375665,85356.502407570,145.165017812
101348.864024284,85356.450580574,145.167296743
101349.862672904,85356.398753577,145.169575674
101350.861324840,85356.346991056,145.171852780
101351.860019385,85356.296056705,145.174106448
101352.858713931,85356.245122353,145.176360115
101353.857408476,85356.194188002,145.178613782
101354.856103021,85356.143253651,145.180867449
101355.854797566,85356.092319300,145.183121116
101356.853492111,85356.041384948,145.185374783
101357.852186656,85355.990450597,145.187628450
101358.850881201,85355.939516246,145.189882118
101359.849575746,85355.888581895,145.192135785
101360.848292816,85355.838092606,145.194356930
101361.847026730,85355.787936122,145.196553756
101362.845760643,85355.737779639,145.198750583
101363.844494557,85355.687623155,145.200947409
101364.843228470,85355.637466672,145.203144236
101365.841962383,85355.587310188,145.205341062
101366.840696297,85355.537153705,145.207537888
101367.839430210,85355.486997221,145.209734715
101368.838164124,85355.436840737,145.211931541
101369.836899978,85355.386723107,145.214120855
101370.835660812,85355.337105590,145.216213471
101371.834421647,85355.287488072,145.218306087
101372.833182481,85355.237870554,145.220398702
101373.831943316,85355.188253036,145.222491318
101374.830704150,85355.138635518,145.224583934
101375.829464985,85355.089018000,145.226676549
101376.828225819,85355.039400483,145.228769165
101377.826986654,85354.989782965,145.230861781
101378.825747488,85354.940165447,145.232954396
101379.824487926,85354.890140291,145.234949469
101380.823213103,85354.839810140,145.236871560
101381.821938279,85354.789479990,145.238793651
101382.820663456,85354.739149839,145.240715742
101383.819388633,85354.688819688,145.242637833
101384.818113809,85354.638489538,145.244559924
101385.816838986,85354.588159387,145.246482014
101386.815564163,85354.537829236,145.248404105
101387.814289339,85354.487499086,145.250326196
101388.813015915,85354.437196803,145.252229733
101389.811760536,85354.387253993,145.253893932
101390.810505157,85354.337311183,145.255558131
101391.809249779,85354.287368373,145.257222330
101392.807994400,85354.237425563,145.258886529
101393.806739021,85354.187482753,145.260550728
101394.805483642,85354.137539943,145.262214926
101395.804228263,85354.087597133,145.263879125
101396.802972884,85354.037654323,145.265543324
101397.801717506,85353.987711513,145.267207523
101398.800464392,85353.937814044,145.275702138
101399.799212975,85353.887950518,145.289310127
101400.797961558,85353.838086992,145.302918117
101401.796710140,85353.788223465,145.316526106
101402.795458723,85353.738359939,145.330134096
101403.794207306,85353.688496413,145.343742085
101404.792955888,85353.638632887,145.357350075
101405.791704471,85353.588769360,145.370958064
101406.790422969,85353.538311105,145.346170421
101407.789111536,85353.487261695,145.280211038
101408.787882532,85353.437849142,145.281061033
101409.786653528,85353.388436589,145.281911027
101410.785424523,85353.339024036,145.282761022
101411.784195519,85353.289611483,145.283611017
101412.782966515,85353.240198930,145.284461012
101413.781737511,85353.190786377,145.285311007
101414.780538055,85353.142032330,145.286136703
101415.779720768,85353.101795423,145.286648129
101416.778903480,85353.061558516,145.287159554
101417.778086193,85353.021321609,145.287670980
101418.777497132,85352.987706141,145.288061523
101419.777079018,85352.959050317,145.288361521
101420.776679897,85352.931224838,145.288648034
101421.776526574,85352.914144861,145.288760034
101422.776373251,85352.897064883,145.288872034
101423.776296851,85352.887028573,145.288871975
101424.776278073,85352.882268568,145.288787975
101425.776258010,85352.878398596,145.288689055
101426.776221315,85352.886046590,145.288397055
101427.776184620,85352.893694585,145.288105055
101428.776046172,85352.908608479,145.287678890
101429.775831504,85352.928965119,145.287152224
101430.775616836,85352.949321758,145.286625558
101431.775219053,85352.976607627,145.285950245
101432.774684099,85353.009084133,145.285163583
101433.774149146,85353.041560638,145.284376920
101434.773367780,85353.080495588,145.283435895
101435.772401817,85353.124268806,145.282379231
101436.771435855,85353.168042024,145.281322567
101437.770135000,85353.218550010,145.280109635
101438.768583256,85353.274103432,145.278779633
101439.767031512,85353.329656853,145.277449631
101440.765075584,85353.391790364,145.275963368
101441.762816864,85353.458853335,145.274360044
101442.760558143,85353.525916307,145.272756719
101443.757847781,85353.599192539,145.270985424
101444.754799049,85353.677123732,145.269088287
101445.751750318,85353.755054924,145.267191150
101446.748643943,85353.833680121,145.265271768
101447.744791040,85353.921293272,145.263064295
101448.740938137,85354.008906424,145.260856821
101449.737019797,85354.097242228,145.258648408
101450.732367913,85354.193461347,145.256267586
101451.727465774,85354.292281134,145.253761877
101452.722563635,85354.391100922,145.251256168
101453.717578478,85354.490711977,145.248731762
101454.711517737,85354.600574860,145.245965106
101455.705456995,85354.710437743,145.243198451
101456.699296598,85354.821155200,145.240417372
101457.691844795,85354.942946733,145.237449383
101458.684392993,85355.064738267,145.234481395
101459.675968367,85355.194045431,145.231412803
101460.666814726,85355.328984662,145.228268821
101461.657514834,85355.464942956,145.225113664
101462.646319072,85355.614111596,145.221813650
101463.635123309,85355.763280235,145.218513636
101464.622648653,85355.920533507,145.215135891
101465.609215604,85356.083845333,145.211699894
101466.595625492,85356.248069359,145.208255017
101467.579999570,85356.424117016,145.204695024
101468.564373648,85356.600164672,145.201135030
101469.547526768,85356.782815307,145.197512166
101470.529764884,85356.970414311,145.193842186
101471.512003000,85357.158013314,145.190172205
101472.493042553,85357.351707852,145.186446963
101473.473183828,85357.549970769,145.182680304
101474.453325102,85357.748233686,145.178913646
101475.432282602,85357.952199108,145.175108883
101476.410352884,85358.160438458,145.171275561
101477.388423165,85358.368677808,145.167442240
101478.365215884,85358.582767075,145.163583875
101479.341051056,85358.801240919,145.159706740
101480.316886227,85359.019714764,145.155829605
101481.292560695,85359.238889860,145.151951653
101482.266150806,85359.467160310,145.148063098
101483.239740917,85359.695430760,145.144174543
101484.213331028,85359.923701210,145.140285989
101485.185709528,85360.157035380,145.136416307
101486.157179830,85360.394165209,145.132560772
101487.128650131,85360.631295038,145.128705238
101488.100120433,85360.868424866,145.124849703
101489.071473944,85361.106026207,145.121005138
101490.041311761,85361.349746764,145.117302941
101491.011149579,85361.593467321,145.113600744
101491.980987397,85361.837187878,145.109898547
101492.950825215,85362.080908435,145.106196350
101493.920663032,85362.324628992,145.102494154
101494.890500850,85362.568349549,145.098791957
101495.860338668,85362.812070106,145.095089760
101496.830176486,85363.055790663,145.091387563
101497.800004785,85363.299549053,145.087712236
101498.769709441,85363.543798888,145.084385944
101499.739414098,85363.788048723,145.081059652
101500.709118754,85364.032298559,145.077733359
101501.678823411,85364.276548394,145.074407067
101502.648528067,85364.520798229,145.071080775
101503.618232723,85364.765048065,145.067754483
101504.587937380,85365.009297900,145.064428191
101505.557642036,85365.253547735,145.061101899
101506.527346692,85365.497797570,145.057775607
101507.497284422,85365.741118791,145.054762085
101508.467396967,85365.983743506,145.051983156
101509.437509512,85366.226368221,145.049204227
101510.407622057,85366.468992935,145.046425298
101511.377734603,85366.711617650,145.043646369
101512.347847148,85366.954242365,145.040867440
101513.317959693,85367.196867079,145.038088511
101514.288072238,85367.439491794,145.035309582
101515.258184784,85367.682116508,145.032530653
101516.228297731,85367.924739615,145.029799265
101517.198415913,85368.167341791,145.027686652
101518.168534095,85368.409943968,145.025574038
101519.138652276,85368.652546144,145.023461424
101520.108770458,85368.895148321,145.021348810
101521.078888640,85369.137750497,145.019236196
101522.049006822,85369.380352673,145.017123582
101523.019125003,85369.622954850,145.015010968
101523.989243185,85369.865557026,145.012898355
101524.959361367,85370.108159203,145.010785741
101525.929364720,85370.351219751,145.009095862
101526.899281896,85370.594624302,145.007723241
101527.869199071,85370.838028852,145.006350619
101528.839116247,85371.081433402,145.004977997
101529.809033422,85371.324837953,145.003605376
101530.778950598,85371.568242503,145.002232754
101531.748867773,85371.811647053,145.000860133
101532.718784949,85372.055051604,144.999487511
101533.688702125,85372.298456154,144.998114889
101534.658598708,85372.541942553,144.996797130
101535.628226680,85372.786496636,144.996195029
101536.597854651,85373.031050719,144.995592928
101537.567482623,85373.275604802,144.994990826
101538.537110594,85373.520158885,144.994388725
101539.506738566,85373.764712968,144.993786624
101540.476366537,85374.009267051,144.993184523
101541.445994509,85374.253821135,144.992582422
101542.415622480,85374.498375218,144.991980321
101543.385250452,85374.742929301,144.991378220
101544.354846489,85374.987609937,144.991218161
101545.324418547,85375.232385603,144.991390031
101546.293990586,85375.477161347,144.991561851
101547.263562488,85375.721937633,144.991733327
101548.233134389,85375.966713918,144.991904804
101549.202706291,85376.211490204,144.992076280
101550.172278193,85376.456266490,144.992247757
101551.141850094,85376.701042776,144.992419233
101552.111421996,85376.945819062,144.992590710
101553.080992030,85377.190602742,144.992815231
101554.050537658,85377.435483078,144.993733119
101555.020083285,85377.680363414,144.994651007
101555.989628913,85377.925243751,144.995568895
101556.959174540,85378.170124087,144.996486783
101557.928720167,85378.415004423,144.997404671
101558.898265795,85378.659884759,144.998322560
101559.867811422,85378.904765095,144.999240448
101560.837357049,85379.149645432,145.000158336
101561.806902677,85379.394525768,145.001076224
101562.776390426,85379.639635058,145.002392605
101563.745834691,85379.884916365,145.004008382
101564.715278956,85380.130197672,145.005624160
101565.684723221,85380.375478980,145.007239937
101566.654167486,85380.620760287,145.008855714
101567.623611751,85380.866041594,145.010471491
101568.593056016,85381.111322902,145.012087269
101569.562500281,85381.356604209,145.013703046
101570.531944546,85381.601885516,145.015318823
101571.501424807,85381.847023930,145.016979993
101572.471376586,85382.090290553,145.019235766
101573.441328364,85382.333557176,145.021491539
101574.411280143,85382.576823800,145.023747311
101575.381231921,85382.820090423,145.026003084
101576.351183700,85383.063357046,145.028258857
101577.321135478,85383.306623669,145.030514630
101578.291087257,85383.549890292,145.032770403
101579.261039035,85383.793156915,145.035026175
101580.230990814,85384.036423538,145.037281948
101581.200725475,85384.280553000,145.039861003
101582.170296918,85384.525331105,145.042683086
101583.139868360,85384.770109210,145.045505170
101584.109439802,85385.014887315,145.048327253
101585.079011245,85385.259665421,145.051149336
101586.048582687,85385.504443526,145.053971420
101587.018154129,85385.749221631,145.056793503
101587.987725572,85385.993999737,145.059615587
101588.957297014,85386.238777842,145.062437670
101589.926870013,85386.483549780,145.065294474
101590.896463448,85386.728240755,145.068607083
101591.866056883,85386.972931729,145.071919692
101592.835650318,85387.217622704,145.075232301
101593.805243754,85387.462313679,145.078544911
101594.774837189,85387.707004654,145.081857520
101595.744430624,85387.951695629,145.085170129
101596.714024059,85388.196386604,145.088482738
101597.683617494,85388.441077579,145.091795347
101598.653210929,85388.685768553,145.095107956
101599.622822721,85388.930386770,145.098651253
101600.592448320,85389.174950259,145.102368068
101601.562073919,85389.419513749,145.106084883
101602.531699518,85389.664077238,145.109801699
101603.501325117,85389.908640727,145.113518514
101604.470950716,85390.153204217,145.117235329
101605.440576315,85390.397767706,145.120952144
101606.410201914,85390.642331196,145.124668959
101607.379827513,85390.886894685,145.128385774
101608.349443366,85391.131496770,145.132124751
101609.318931012,85391.376606556,145.136155248
101610.288418657,85391.621716342,145.140185744
101611.257906303,85391.866826128,145.144216241
101612.227393949,85392.111935914,145.148246738
101613.196881595,85392.357045700,145.152277235
101614.166369241,85392.602155487,145.156307732
101615.135856886,85392.847265273,145.160338229
101616.105344532,85393.092375059,145.164368725
101617.074832178,85393.337484845,145.168399222
101618.044373697,85393.582381371,145.172555245
101619.013955762,85393.827117395,145.176805739
101619.983537827,85394.071853420,145.181056233
101620.953119893,85394.316589445,145.185306726
101621.922701958,85394.561325469,145.189557220
101622.892284023,85394.806061494,145.193807714
101623.861866088,85395.050797519,145.198058208
101624.831448153,85395.295533543,145.202308702
101625.801030218,85395.540269568,145.206559196
101626.770630005,85395.784935231,145.210818299
101627.740463419,85396.028673311,145.215190896
101628.710296833,85396.272411391,145.219563493
101629.680130246,85396.516149472,145.223936090
101630.649963660,85396.759887552,145.228308687
101631.619797074,85397.003625632,145.232681284
101632.589630488,85397.247363712,145.237053881
101633.559463902,85397.491101793,145.241426479
101634.529297316,85397.734839873,145.245799076
101635.499130730,85397.978577953,145.250171673
101636.468888151,85398.222618061,145.254561193
101637.438588345,85398.466885614,145.258963456
101638.408288538,85398.711153166,145.263365720
101639.377988776,85398.955420543,145.267767736
101640.347689318,85399.199686711,145.272168051
101641.317389861,85399.443952879,145.276568366
101642.287090403,85399.688219047,145.280968680
101643.256790945,85399.932485214,145.285368995
101644.226491488,85400.176751382,145.289769309
101645.196187148,85400.421036921,145.294165304
101646.165818303,85400.665578379,145.298504221
101647.135449459,85400.910119837,145.302843138
101648.105080615,85401.154661295,145.307182055
101649.074711770,85401.399202754,145.311520973
101650.044342926,85401.643744212,145.315859890
101651.013974081,85401.888285670,145.320198807
101651.983605237,85402.132827128,145.324537724
101652.953236392,85402.377368587,145.328876641
101653.922867548,85402.621910045,145.333215559
101654.892502086,85402.866438090,145.337475832
101655.862139173,85403.110956028,145.341676849
101656.831776260,85403.355473966,145.345877866
101657.801413347,85403.599991904,145.350078883
101658.771050434,85403.844509842,145.354279901
101659.740687521,85404.089027781,145.358480918
101660.710324608,85404.333545719,145.362681935
101661.679961695,85404.578063657,145.366882952
101662.649598782,85404.822581595,145.371083969
101663.619244448,85405.067065479,145.375270352
101664.589003705,85405.311098440,145.379262955
101665.558762962,85405.555131400,145.383255557
101666.528522219,85405.799164361,145.387248160
101667.498281476,85406.043197322,145.391240762
101668.468040733,85406.287230282,145.395233365
101669.437799990,85406.531263243,145.399225967
101670.407559248,85406.775296203,145.403218570
101671.377318505,85407.019329164,145.407211172
101672.347077762,85407.263362125,145.411203775
101673.317027637,85407.506635385,145.415046341
101674.287121225,85407.749335886,145.418775790
101675.257214813,85407.992036387,145.422505239
101676.227308401,85408.234736888,145.426234688
101677.197401989,85408.477437389,145.429964137
101678.167495577,85408.720137890,145.433693586
101679.137589165,85408.962838391,145.437423035
101680.107682753,85409.205538893,145.441152484
101681.077776341,85409.448239394,145.444881933
101682.047865836,85409.690956245,145.448589618
101683.017901028,85409.933890040,145.452008537
101683.987936220,85410.176823834,145.455427457
101684.957971413,85410.419757629,145.458846376
101685.928006605,85410.662691424,145.462265295
101686.898041797,85410.905625218,145.465684215
101687.868076989,85411.148559013,145.469103134
101688.838112181,85411.391492807,145.472522053
101689.808147374,85411.634426602,145.475940973
101690.778182566,85411.877360396,145.479359892
101691.748265169,85412.120104742,145.482575412
101692.718383536,85412.362706176,145.485637495
101693.688501904,85412.605307609,145.488699579
101694.658620271,85412.847909043,145.491761662
101695.628738639,85413.090510476,145.494823746
101696.598857006,85413.333111910,145.497885829
101697.568975374,85413.575713343,145.500947913
101698.539093742,85413.818314777,145.504009996
101699.509212109,85414.060916210,145.507072080
101700.479345123,85414.303458967,145.510105819
101701.449672906,85414.545221445,145.512762642
101702.420000690,85414.786983923,145.515419465
101703.390328473,85415.028746401,145.518076288
101704.360656256,85415.270508879,145.520733112
101705.330984039,85415.512271357,145.523389935
101706.301311822,85415.754033835,145.526046758
101707.271639606,85415.995796313,145.528703581
101708.241967389,85416.237558791,145.531360404
101709.212295172,85416.479321269,145.534017227
101710.182460845,85416.721732760,145.536416109
101711.152504162,85416.964634112,145.538620303
101712.122547478,85417.207535465,145.540824498
101713.092590794,85417.450436817,145.543028692
101714.062634111,85417.693338170,145.545232886
101715.032677427,85417.936239522,145.547437080
101716.002720744,85418.179140875,145.549641274
101716.972764060,85418.422042227,145.551845468
101717.942807376,85418.664943580,145.554049662
101718.912833973,85418.907911564,145.556219029
101719.882637760,85419.151767499,145.557924279
101720.852441547,85419.395623435,145.559629528
101721.822245334,85419.639479370,145.561334778
101722.792049121,85419.883335306,145.563040027
101723.761852908,85420.127191241,145.564745277
101724.731656695,85420.371047177,145.566450526
101725.701460482,85420.614903112,145.568155776
101726.671264269,85420.858759048,145.569861025
101727.641068056,85421.102614983,145.571566274
101728.610877456,85421.346448597,145.572961753
101729.580691094,85421.590265352,145.574123283
101730.550504732,85421.834082107,145.575284813
101731.520318342,85422.077898973,145.576446247
101732.490131760,85422.321716602,145.577607016
101733.459945178,85422.565534232,145.578767785
101734.429758597,85422.809351862,145.579928554
101735.399572015,85423.053169491,145.581089323
101736.369385433,85423.296987121,145.582250092
101737.339191683,85423.540833237,145.583370110
101738.308902201,85423.785059801,145.583945895
101739.278612719,85424.029286364,145.584521680
101740.248323237,85424.273512927,145.585097465
101741.218033754,85424.517739490,145.585673251
101742.187744272,85424.761966053,145.586249036
101743.157454790,85425.006192616,145.586824821
101744.127165308,85425.250419180,145.587400606
101745.096875826,85425.494645743,145.587976391
101746.066586344,85425.738872306,145.588552176
101747.036192791,85425.983511433,145.588774818
101748.005720598,85426.228462313,145.588730608
101748.975248406,85426.473413194,145.588686398
101749.944776213,85426.718364075,145.588642188
101750.914304020,85426.963314956,145.588597977
101751.883831827,85427.208265836,145.588553767
101752.853359634,85427.453216717,145.588509557
101753.822887441,85427.698167598,145.588465347
101754.792415248,85427.943118479,145.588421137
101755.761953841,85428.188026611,145.588332067
101756.731636793,85428.432362597,145.587642599
101757.701319746,85428.676698584,145.586953131
101758.671002698,85428.921034570,145.586263662
101759.640685651,85429.165370556,145.585574194
101760.610368603,85429.409706543,145.584884726
101761.580051556,85429.654042529,145.584195257
101762.549734508,85429.898378515,145.583505789
101763.519417461,85430.142714502,145.582816321
101764.489100413,85430.387050488,145.582126852
101765.458758101,85430.631486705,145.581060952
101766.428396685,85430.875998705,145.579710435
101767.398035270,85431.120510705,145.578359918
101768.367673854,85431.365022705,145.577009401
101769.337312438,85431.609534705,145.575658884
101770.306951023,85431.854046705,145.574308367
101771.276589607,85432.098558705,145.572957850
101772.246228192,85432.343070705,145.571607333
101773.215866776,85432.587582705,145.570256816
101774.185510589,85432.832073957,145.568860142
101775.155224536,85433.076286904,145.566844367
101776.124938483,85433.320499851,145.564828592
101777.094652430,85433.564712799,145.562812818
101778.064366377,85433.808925746,145.560797043
101779.034080324,85434.053138693,145.558781268
101780.003794271,85434.297351641,145.556765494
101780.973508218,85434.541564588,145.554749719
101781.943222165,85434.785777535,145.552733944
101782.912936112,85435.029990483,145.550718169
101783.882624103,85435.274306457,145.548326652
101784.852292457,85435.518700373,145.545650883
101785.821960811,85435.763094288,145.542975114
101786.791629164,85436.007488204,145.540299345
101787.761297518,85436.251882119,145.537623576
101788.730965872,85436.496276035,145.534947807
101789.700634226,85436.740669950,145.532272038
101790.670302580,85436.985063866,145.529596269
101791.639970934,85437.229457781,145.526920500
101792.609633681,85437.473873927,145.524200637
101793.579221057,85437.718588911,145.520888031
101794.548808433,85437.963303896,145.517575424
101795.518395809,85438.208018880,145.514262818
101796.487983184,85438.452733864,145.510950211
101797.457570560,85438.697448848,145.507637605
101798.427157936,85438.942163832,145.504324998
101799.396745311,85439.186878817,145.501012392
101800.366332687,85439.431593801,145.497699786
101801.335920063,85439.676308785,145.494387179
101802.305545502,85439.920872872,145.490736069
101803.275199753,85440.165322736,145.486828728
101804.244854004,85440.409772600,145.482921387
101805.214508255,85440.654222464,145.479014046
101806.184162506,85440.898672329,145.475106705
101807.153816757,85441.143122193,145.471199364
101808.123471008,85441.387572057,145.467292023
101809.093125259,85441.632021921,145.463384682
101810.062779510,85441.876471786,145.459477341
101811.032441968,85442.120889061,145.455532686
101812.002214992,85442.364867306,145.451085350
101812.971988017,85442.608845551,145.446638013
101813.941761041,85442.852823796,145.442190677
101814.911534065,85443.096802041,145.437743340
101815.881307089,85443.340780286,145.433296004
101816.851080114,85443.584758531,145.428848667
101817.820853138,85443.828736776,145.424401331
101818.790626162,85444.072715021,145.419953995
101819.760399186,85444.316693266,145.415506658
101820.730345174,85444.559982191,145.410783882
101821.700422168,85444.802749011,145.405852473
101822.670499220,85445.045515598,145.400920903
101823.640576272,85445.288282184,145.395989332
101824.610653324,85445.531048770,145.391057761
101825.580730376,85445.773815357,145.386126191
101826.550807428,85446.016581943,145.381194620
101827.520884481,85446.259348530,145.376263050
101828.490961533,85446.502115116,145.371331479
101829.461050177,85446.744835314,145.366370293
101830.431295319,85446.986929234,145.361009282
101831.401540461,85447.229023155,145.355648271
101832.371785604,85447.471117076,145.350287259
101833.342030746,85447.713210997,145.344926248
101834.312275888,85447.955304918,145.339565237
101835.282521031,85448.197398838,145.334204226
101836.252766173,85448.439492759,145.328843214
101837.223011315,85448.681586680,145.323482203
101838.193256458,85448.923680601,145.318121192
101839.163518614,85449.165706317,145.312548195
101840.133793663,85449.407680347,145.306814552
101841.104068712,85449.649654376,145.301080910
101842.074343762,85449.891628406,145.295347267
101843.044618811,85450.133602436,145.289613625
101844.014893861,85450.375576466,145.283879982
101844.985168910,85450.617550496,145.278146340
101845.955443959,85450.859524526,145.272412697
101846.925719009,85451.101498555,145.266679055
101847.895960259,85451.343607533,145.260924694
101848.865744183,85451.587542450,145.254890005
101849.835528107,85451.831477366,145.248855316
101850.805312031,85452.075412283,145.242820627
101851.775095955,85452.319347199,145.236785938
101852.744879879,85452.563282116,145.230751248
101853.714663803,85452.807217032,145.224716559
101854.684447727,85453.051151949,145.218681870
101855.654231650,85453.295086866,145.212647181
101856.624015574,85453.539021782,145.206612492
101857.593883851,85453.782620917,145.200465067
101858.563816088,85454.025965442,145.194232161
101859.533748325,85454.269309967,145.187999254
101860.503680562,85454.512654492,145.181766348
101861.473612799,85454.755999017,145.175533442
101862.443545037,85454.999343542,145.169300535
101863.413477274,85455.242688067,145.163067629
101864.383409511,85455.486032592,145.156834722
101865.353450577,85455.728937199,145.150596293
101866.324966998,85455.965878007,145.144282998
101867.296483420,85456.202818814,145.137969702
101868.267999841,85456.439759621,145.131656407
101869.239516262,85456.676700429,145.125343111
101870.212059113,85456.909360712,145.119021760
101871.185380500,85457.138774271,145.112694300
101872.158701886,85457.368187831,145.106366840
101873.132023273,85457.597601390,145.100039380
101874.106424884,85457.822343835,145.093717598
101875.081645916,85458.043542935,145.087400123
101876.056866947,85458.264742035,145.081082649
101877.032087979,85458.485941135,145.074765175
101878.008410948,85458.702179365,145.068472812
101878.985569864,85458.914654202,145.062199500
101879.962728779,85459.127129038,145.055926188
101880.939887695,85459.339603875,145.049652876
101881.917158942,85459.551552163,145.043385420
101882.895955015,85459.756352923,145.037197458
101883.874751087,85459.961153683,145.031009495
101884.853547160,85460.165954443,145.024821533
101885.832343232,85460.370755202,145.018633570
101886.811233811,85460.575096455,145.012454798
101887.791407865,85460.773197253,145.006400834
101888.771581920,85460.971298052,145.000346871
101889.751755974,85461.169398850,144.994292908
101890.731930028,85461.367499648,144.988238945
101891.712203990,85461.565096394,144.982196909
101892.693835422,85461.755844482,144.976316933
101893.675466855,85461.946592570,144.970436958
101894.657098288,85462.137340658,144.964556983
101895.638729721,85462.328088745,144.958677008
101896.621215640,85462.514342983,144.952914526
101897.604350036,85462.697186799,144.947241213
101898.587484433,85462.880030614,144.941567899
101899.570618829,85463.062874430,144.935894585
101900.553850078,85463.245185793,144.930239589
101901.538397983,85463.420258709,144.924833623
101902.522945887,85463.595331625,144.919427656
101903.507493792,85463.770404541,144.914021690
101904.492041697,85463.945477457,144.908615723
101905.476682960,85464.120012948,144.903231474
101906.462594011,85464.287238851,144.898142609
101907.448505062,85464.454464753,144.893053743
101908.434416113,85464.621690656,144.887964877
101909.420327164,85464.788916558,144.882876012
101910.407070993,85464.951095015,144.877972685
101911.394446998,85465.109441874,144.873210205
101912.381823003,85465.267788734,144.868447724
101913.369199007,85465.426135593,144.863685243
101914.357399047,85465.579184476,144.859118878
101915.346224665,85465.728211316,144.854701398
101916.335050283,85465.877238156,144.850283917
101917.323875902,85466.026264995,144.845866437
101918.313458538,85466.170106794,144.841649040
101919.303617379,85466.310001656,144.837590125
101920.293776220,85466.449896518,144.833531211
101921.284016866,85466.589193339,144.829497244
101922.275371367,85466.720347276,144.825802968
101923.266725869,85466.851501212,144.822108692
101924.258080370,85466.982655148,144.818414416
101925.250072887,85467.108816614,144.814944261
101926.242549845,85467.231187316,144.811644281
101927.235026804,85467.353558017,144.808344301
101928.227575974,85467.475320662,144.805075607
101929.221108818,85467.588800131,144.802233121
101930.214641662,85467.702279599,144.799390634
101931.208174507,85467.815759067,144.796548147
101932.201769623,85467.928672434,144.793743663
101933.196213276,85468.033871880,144.791457008
101934.190656929,85468.139071327,144.789170353
101935.185100582,85468.244270773,144.786883699
101936.179544235,85468.349470219,144.784597044
101937.174441752,85468.450211376,144.782672865
101938.169683975,85468.547566496,144.781023984
101939.164926199,85468.644921617,144.779375102
101940.160168422,85468.742276738,144.777726221
101941.155460029,85468.839106060,144.776124408
101942.151425013,85468.928765709,144.775164411
101943.147389997,85469.018425357,144.774204415
101944.143354982,85469.108085006,144.773244419
101945.139319966,85469.197744654,144.772284423
101946.135663026,85469.283013984,144.771720820
101947.132293277,85469.364948388,144.771458322
101948.128923527,85469.446882792,144.771195824
101949.125553778,85469.528817196,144.770933326
101950.122569906,85469.605792150,144.771065780
101951.119879186,85469.678999413,144.771498278
101952.117188465,85469.752206677,144.771930777
101953.114497745,85469.825413940,144.772363276
101954.112154167,85469.893585870,144.773244544
101955.110074326,85469.957932261,144.774466761
101956.107994486,85470.022278651,144.775688978
101957.105914645,85470.086625041,144.776911195
101958.103866254,85470.150452976,144.778197412
101959.102247236,85470.207202577,144.780357397
101960.100628218,85470.263952178,144.782517382
101961.099009201,85470.320701779,144.784677366
101962.097390183,85470.377451380,144.786837351
101963.095796815,85470.433719728,144.789072741
101964.094553831,85470.483414035,144.792338180
101965.093310848,85470.533108341,144.795603619
101966.092067865,85470.582802648,144.798869057
101967.090824882,85470.632496954,144.802134496
101968.089581898,85470.682191261,144.805399935
101969.088487295,85470.728726293,144.809466655
101970.087505459,85470.772860308,144.814142341
101971.086523622,85470.816994323,144.818818026
101972.085541786,85470.861128338,144.823493712
101973.084559950,85470.905262354,144.828169398
101974.083578113,85470.949396369,144.832845083
101975.082596277,85470.993530384,144.837520769
101976.081725113,85471.035019477,144.843335758
101977.080938073,85471.074498105,144.850016756
101978.080151034,85471.113976732,144.856697755
101979.079363995,85471.153455360,144.863378753
101980.078576955,85471.192933987,144.870059752
101981.077789916,85471.232412615,144.876740750
101982.077002876,85471.271891243,144.883421749
101983.076215837,85471.311369870,144.890102747
101984.075428797,85471.350848498,144.896783746
101985.074645067,85471.390242012,144.903633044
101986.073906650,85471.428470172,144.912786666
101987.073168233,85471.466698331,144.921940287
101988.072429815,85471.504926491,144.931093909
101989.071691398,85471.543154650,144.940247531
101990.070952980,85471.581382809,144.949401152
101991.070214563,85471.619610969,144.958554774
101992.069476146,85471.657839128,144.967708395
101993.068737728,85471.696067288,144.976862017
101994.067999311,85471.734295447,144.986015638
101995.067281826,85471.771969362,144.996647844
101996.066580261,85471.809221739,145.008404606
101997.065878697,85471.846474116,145.020161368
101998.065177132,85471.883726493,145.031918130
101999.064475567,85471.920978870,145.043674891
102000.063774003,85471.958231247,145.055431653
102001.063072438,85471.995483624,145.067188415
102002.062370874,85472.032736001,145.078945177
102003.061669309,85472.069988378,145.090701939
102004.060965776,85472.107293028,145.102639836
102005.060235231,85472.145314852,145.117062887
102006.059504686,85472.183336676,145.131485938
102007.058774140,85472.221358501,145.145908990
102008.058043595,85472.259380325,145.160332041
102009.057313050,85472.297402149,145.174755092
102010.056582505,85472.335423973,145.189178143
102011.055851960,85472.373445797,145.203601195
102012.055121415,85472.411467622,145.218024246
102013.054390870,85472.449489446,145.232447297
102014.053667495,85472.487321992,145.248378163
102015.052949577,85472.525010501,145.265456446
102016.052231659,85472.562699010,145.282534730
102017.051513750,85472.600387265,145.299613288
102018.050795918,85472.638073484,145.316694044
102019.050078086,85472.675759702,145.333774801
102020.049360254,85472.713445921,145.350855557
102021.048642422,85472.751132139,145.367936313
102022.047924591,85472.788818358,145.385017070
102023.047209032,85472.826443557,145.402272509
102024.046524743,85472.863229599,145.421930257
102025.045840454,85472.900015640,145.441588005
102026.045156165,85472.936801682,145.461245753
102027.044471875,85472.973587724,145.480903502
102028.043787586,85473.010373765,145.500561250
102029.043103297,85473.047159807,145.520218998
102030.042419008,85473.083945849,145.539876746
102031.041734718,85473.120731890,145.559534495
102032.041050429,85473.157517932,145.579192243
102033.040379960,85473.193925104,145.600234609
102034.039720014,85473.230043787,145.622331289
102035.039060068,85473.266162470,145.644427969
102036.038400122,85473.302281153,145.666524650
102037.037740176,85473.338399836,145.688621330
102038.037080229,85473.374518519,145.710718010
102039.036420283,85473.410637202,145.732814691
102040.035760337,85473.446755885,145.754911371
102041.035100391,85473.482874568,145.777008051
102042.034438549,85473.519045161,145.799257111
102043.033750573,85473.555931221,145.823606416
102044.033062597,85473.592817281,145.847955721
102045.032374621,85473.629703341,145.872305026
102046.031686645,85473.666589402,145.896654331
102047.030998669,85473.703475462,145.921003636
102048.030310693,85473.740361522,145.945352941
102049.029622717,85473.777247582,145.969702246
102050.028934740,85473.814133643,145.994051551
102051.028246764,85473.851019703,146.018400856
102052.027565682,85473.887718154,146.043904422
102053.026889852,85473.924273673,146.070287385
102054.026214022,85473.960829191,146.096670347
102055.025538192,85473.997384710,146.123053309
102056.024862362,85474.033940228,146.149436272
102057.024186532,85474.070495747,146.175819234
102058.023510702,85474.107051265,146.202202196
102059.022834872,85474.143606784,146.228585159
102060.022159042,85474.180162302,146.254968121
102061.021482513,85474.216736865,146.281472030
102062.020796323,85474.253574493,146.309646563
102063.020110133,85474.290412121,146.337821095
102064.019423944,85474.327249749,146.365995628
102065.018737754,85474.364087376,146.394170161
102066.018051565,85474.400925004,146.422344693
102067.017365375,85474.437762632,146.450519226
102068.016679186,85474.474600260,146.478693759
102069.015992996,85474.511437888,146.506868291
102070.015306807,85474.548275515,146.535042824
102071.014592762,85474.585855574,146.564092988
102072.013857484,85474.624001587,146.593810648
102073.013122206,85474.662147601,146.623528307
102074.012386928,85474.700293615,146.653245967
102075.011651650,85474.738439629,146.682963626
102076.010916371,85474.776585643,146.712681286
102077.010181093,85474.814731657,146.742398945
102078.009445815,85474.852877671,146.772116605
102079.008710537,85474.891023684,146.801834264
102080.007977852,85474.929100846,146.831639286
102081.007281067,85474.966224785,146.862653796
102082.006584282,85475.003348724,146.893668306
102083.005887497,85475.040472663,146.924682816
102084.005190712,85475.077596602,146.955697326
102085.004493927,85475.114720541,146.986711836
102086.003797142,85475.151844480,147.017726346
102087.003100358,85475.188968419,147.048740855
102088.002403573,85475.226092358,147.079755365
102089.001706788,85475.263216297,147.110769875
102090.001024572,85475.299944335,147.142388707
102091.000353469,85475.336370399,147.174468486
102091.999682366,85475.372796464,147.206548265
102092.999011263,85475.409222528,147.238628043
102093.998340160,85475.445648593,147.270707822
102094.997669057,85475.482074657,147.302787601
102095.996997954,85475.518500722,147.334867380
102096.996326851,85475.554926787,147.366947158
102097.995655748,85475.591352851,147.399026937
102098.994987285,85475.627705386,147.431163824
102099.994355449,85475.663037748,147.464093046
102100.993723613,85475.698370110,147.497022269
102101.993091777,85475.733702472,147.529951491
102102.992459941,85475.769034834,147.562880714
102103.991828104,85475.804367196,147.595809936
102104.991196268,85475.839699558,147.628739158
102105.990564432,85475.875031920,147.661668381
102106.989932596,85475.910364282,147.694597603
102107.989300760,85475.945696644,147.727526826
102108.988650240,85475.981550649,147.760818647
102109.987985457,85476.017802932,147.794387560
102110.987320623,85476.054056604,147.827959412
102111.986655789,85476.090310276,147.861531265
102112.985990955,85476.126563948,147.895103118
102113.985326121,85476.162817620,147.928674971
102114.984661286,85476.199071293,147.962246824
102115.983996452,85476.235324965,147.995818677
102116.983331618,85476.271578637,148.029390529
102117.982664286,85476.307900231,148.062992574
102118.981962212,85476.345166273,148.097014429
102119.981260138,85476.382432315,148.131036284
102120.980558064,85476.419698357,148.165058140
102121.979855989,85476.456964399,148.199079995
102122.979153915,85476.494230441,148.233101851
102123.978451841,85476.531496484,148.267123706
102124.977749767,85476.568762526,148.301145562
102125.977047693,85476.606028568,148.335167417
102126.976345619,85476.643294610,148.369189273
102127.975620193,85476.681177803,148.403363325
102128.974876936,85476.719532253,148.437653595
102129.974133680,85476.757886704,148.471943865
102130.973390423,85476.796241154,148.506234135
102131.972647166,85476.834595604,148.540524405
102132.971903909,85476.872950054,148.574814675
102133.971160652,85476.911304504,148.609104945
102134.970417395,85476.949658955,148.643395216
102135.969674139,85476.988013405,148.677685486
102136.968932752,85477.026318666,148.711982593
102137.968217425,85477.063938406,148.746374987
102138.967502098,85477.101558146,148.780767381
102139.966786771,85477.139177886,148.815159775
102140.966071444,85477.176797626,148.849552168
102141.965356117,85477.214417366,148.883944562
102142.964640790,85477.252037106,148.918336956
102143.963925463,85477.289656846,148.952729350
102144.963210136,85477.327276586,148.987121744
102145.962494809,85477.364896326,149.021514138
102146.961860123,85477.400253895,149.055873695
102147.961287048,85477.433883106,149.090208163
102148.960713973,85477.467512317,149.124542632
102149.960140898,85477.501141527,149.158877100
102150.959567824,85477.534770738,149.193211569
102151.958994749,85477.568399949,149.227546037
102152.958421674,85477.602029160,149.261880506
102153.957848599,85477.635658371,149.296214974
102154.957275524,85477.669287582,149.330549443
102155.956695853,85477.703104950,149.364873482
102156.956024042,85477.739550442,149.399051845
102157.955352230,85477.775995934,149.433230207
102158.954680419,85477.812441426,149.467408570
102159.954008608,85477.848886918,149.501586933
102160.953336796,85477.885332410,149.535765296
102161.952664985,85477.921777902,149.569943659
102162.951983657,85477.958471666,149.604105740
102163.951169306,85477.998635596,149.638040239
102164.950354955,85478.038799526,149.671974739
102165.949540604,85478.078963456,149.705909239
102166.948726253,85478.119127386,149.739843738
102167.947911902,85478.159291316,149.773778238
102168.947097551,85478.199455246,149.807712738
102169.946283200,85478.239619175,149.841647238
102170.945468849,85478.279783105,149.875581737
102171.944654498,85478.319947035,149.909516237
102172.943904931,85478.358437707,149.943252086
102173.943204897,85478.395649010,149.976836048
102174.942504862,85478.432860313,150.010420010
102175.941804828,85478.470071617,150.044003971
102176.941104794,85478.507282920,150.077587933
102177.940404760,85478.544494223,150.111171895
102178.939704725,85478.581705526,150.144755857
102179.939004691,85478.618916830,150.178339818
102180.938304657,85478.656128133,150.211923780
102181.937613188,85478.693097602,150.245482142
102182.937041706,85478.726679463,150.278681900
102183.936470223,85478.760261324,150.311881659
102184.935898740,85478.793843185,150.345081417
102185.935327257,85478.827425046,150.378281176
102186.934755775,85478.861006906,150.411480934
102187.934184292,85478.894588767,150.444680693
102188.933612809,85478.928170628,150.477880451
102189.933041327,85478.961752489,150.511080209
102190.932469844,85478.995334350,150.544279968
102191.931933488,85479.027840345,150.577273974
102192.931424006,85479.059523269,150.610110574
102193.930914524,85479.091206193,150.642947174
102194.930405041,85479.122889117,150.675783774
102195.929895559,85479.154572042,150.708620373
102196.929386077,85479.186254966,150.741456973
102197.928876595,85479.217937890,150.774293573
102198.928367112,85479.249620814,150.807130172
102199.927857630,85479.281303738,150.839966772
102200.927343289,85479.313134732,150.872786108
102201.926760733,85479.347044549,150.905363075
102202.926178176,85479.380954365,150.937940041
102203.925595620,85479.414864181,150.970517008
102204.925013064,85479.448773998,151.003093974
102205.924430508,85479.482683814,151.035670940
102206.923847952,85479.516593630,151.068247907
102207.923253600,85479.550827738,151.100814132
102208.922493540,85479.589617476,151.133229470
102209.921733481,85479.628407215,151.165644807
102210.920973421,85479.667196954,151.198060144
102211.920213362,85479.705986693,151.230475482
102212.919453302,85479.744776432,151.262890819
102213.918693243,85479.783566171,151.295306157
102214.917933183,85479.822355910,151.327721494
102215.917173124,85479.861145649,151.360136831
102216.916407861,85479.900066109,151.392548967
102217.915569428,85479.940824734,151.424916079
102218.914730995,85479.981583359,151.457283191
102219.913892562,85480.022341983,151.489650304
102220.913054129,85480.063100608,151.522017416
102221.912215696,85480.103859233,151.554384528
102222.911377263,85480.144617858,151.586751641
102223.910538830,85480.185376483,151.619118753
102224.909700398,85480.226135108,151.651485865
102225.908861965,85480.266893732,151.683852977
102226.907984451,85480.308591257,151.716294613
102227.907077010,85480.351007783,151.748793319
102228.906169568,85480.393424310,151.781292024
102229.905262127,85480.435840836,151.813790729
102230.904354686,85480.478257362,151.846289434
102231.903447245,85480.520673888,151.878788140
102232.902539803,85480.563090414,151.911286845
102233.901632362,85480.605506940,151.943785550
102234.900724921,85480.647923467,151.976284256
102235.899821615,85480.690240832,152.008803603
102236.898976598,85480.731160541,152.041613895
102237.898131581,85480.772080249,152.074424188
102238.897286564,85480.812999957,152.107234480
102239.896441547,85480.853919666,152.140044773
102240.895596530,85480.894839374,152.172855065
102241.894751513,85480.935759082,152.205665358
102242.893906496,85480.976678790,152.238475650
102243.893061479,85481.017598499,152.271285942
102244.892216462,85481.058518207,152.304096235
102245.891356885,85481.099790746,152.337167575
102246.890486152,85481.141333633,152.370438937
102247.889615418,85481.182876520,152.403710299
102248.888744685,85481.224419406,152.436981661
102249.887873951,85481.265962293,152.470253022
102250.887003218,85481.307505180,152.503524384
102251.886132484,85481.349048067,152.536795746
102252.885261751,85481.390590953,152.570067108
102253.884391017,85481.432133840,152.603338469
102254.883507956,85481.473958703,152.636646794
102255.882450761,85481.519766725,152.670475194
102256.881393564,85481.565574800,152.704303307
102257.880336366,85481.611382876,152.738131421
102258.879279169,85481.657190952,152.771959534
102259.878221972,85481.702999027,152.805787647
102260.877164774,85481.748807103,152.839615761
102261.876107577,85481.794615178,152.873443874
102262.875050379,85481.840423254,152.907271988
102263.873993182,85481.886231329,152.941100101
102264.872928584,85481.932200290,152.975252385
102265.871858312,85481.978292594,153.009653192
102266.870788041,85482.024384897,153.044054000
102267.869717769,85482.070477200,153.078454808
102268.868647497,85482.116569504,153.112855615
102269.867577226,85482.162661807,153.147256423
102270.866506954,85482.208754110,153.181657231
102271.865436682,85482.254846414,153.216058038
102272.864366411,85482.300938717,153.250458846
102273.863297358,85482.347004490,153.284893891
102274.862245560,85482.392694669,153.319813625
102275.861193762,85482.438384848,153.354733360
102276.860141964,85482.484075027,153.389653095
102277.859090166,85482.529765207,153.424572830
102278.858038368,85482.575455386,153.459492565
102279.856986570,85482.621145565,153.494412299
102280.855934771,85482.666835745,153.529332034
102281.854882973,85482.712525924,153.564251769
102282.853831175,85482.758216103,153.599171504
102283.852772079,85482.804065351,153.634318806
102284.851707385,85482.850036617,153.669640670
102285.850642691,85482.896007883,153.704962535
102286.849577997,85482.941979149,153.740284400
102287.848513303,85482.987950415,153.775606265
102288.847448609,85483.033921681,153.810928130
102289.846383914,85483.079892947,153.846249995
102290.845319220,85483.125864213,153.881571859
102291.844254526,85483.171835479,153.916893724
102292.843191320,85483.217774239,153.952230904
102293.842149224,85483.263251799,153.987785379
102294.841107128,85483.308729359,154.023339854
102295.840065032,85483.354206919,154.058894329
102296.839022936,85483.399684478,154.094448804
102297.837980841,85483.445162038,154.130003279
102298.836938745,85483.490639598,154.165557754
102299.835896649,85483.536117157,154.201112229
102300.834854553,85483.581594717,154.236666704
102301.833812457,85483.627072277,154.272221178
102302.832799591,85483.671899533,154.307797390
102303.831809166,85483.716227532,154.343390212
102304.830818795,85483.760554326,154.378982448
102305.829828423,85483.804881120,154.414574684
102306.828838052,85483.849207914,154.450166920
102307.827847681,85483.893534708,154.485759155
102308.826857309,85483.937861501,154.521351391
102309.825866938,85483.982188295,154.556943627
102310.824876566,85484.026515089,154.592535863
102311.823879667,85484.070985453,154.628117599
102312.822789927,85484.117497778,154.663549997
102313.821700186,85484.164010103,154.698982395
102314.820610445,85484.210522428,154.734414793
102315.819520705,85484.257034753,154.769847191
102316.818430964,85484.303547078,154.805279589
102317.817341223,85484.350059403,154.840711987
102318.816251483,85484.396571728,154.876144385
102319.815161742,85484.443084053,154.911576783
102320.814072001,85484.489596379,154.947009181
102321.813011296,85484.535477552,154.982243883
102322.811972888,85484.580874036,155.017326764
102323.810934479,85484.626270520,155.052409645
102324.809896071,85484.671667004,155.087492526
102325.808857663,85484.717063488,155.122575407
102326.807819255,85484.762459971,155.157658288
102327.806780846,85484.807856455,155.192741169
102328.805742438,85484.853252939,155.227824050
102329.804704030,85484.898649423,155.262906931
102330.803663515,85484.944091916,155.297954689
102331.802592965,85484.990190244,155.332501772
102332.801522415,85485.036288573,155.367048855
102333.800451866,85485.082386902,155.401595938
102334.799381354,85485.128484402,155.436144181
102335.798310860,85485.174581531,155.470692945
102336.797240366,85485.220678660,155.505241708
102337.796169871,85485.266775790,155.539790472
102338.795099377,85485.312872919,155.574339236
102339.794028883,85485.358970048,155.608888000
102340.792978342,85485.404631120,155.643023935
102341.791943134,85485.449957128,155.676842652
102342.790907926,85485.495283136,155.710661370
102343.789872718,85485.540609144,155.744480088
102344.788837510,85485.585935152,155.778298805
102345.787802302,85485.631261159,155.812117523
102346.786767094,85485.676587167,155.845936240
102347.785731886,85485.721913175,155.879754958
102348.784696678,85485.767239183,155.913573676
102349.783663239,85485.812525939,155.947332827
102350.782655075,85485.857251936,155.980241014
102351.781646911,85485.901977933,156.013149201
102352.780638746,85485.946703931,156.046057387
102353.779630582,85485.991429928,156.078965574
102354.778622418,85486.036155926,156.111873761
102355.777614253,85486.080881923,156.144781948
102356.776606089,85486.125607920,156.177690134
102357.775597925,85486.170333918,156.210598321
102358.774589760,85486.215059915,156.243506508
102359.773549884,85486.260484555,156.275810660
102360.772485627,85486.306446319,156.307650424
102361.771421370,85486.352408083,156.339490187
102362.770357113,85486.398369848,156.371329951
102363.769292857,85486.444331612,156.403169715
102364.768228600,85486.490293376,156.435009478
102365.767164343,85486.536255140,156.466849242
102366.766100086,85486.582216904,156.498689006
102367.765035829,85486.628178668,156.530528769
102368.763969781,85486.674179119,156.562290128
102369.762878080,85486.720733507,156.592928845
102370.761786380,85486.767287895,156.623567563
102371.760694680,85486.813842283,156.654206281
102372.759602980,85486.860396670,156.684844998
102373.758511280,85486.906951058,156.715483716
102374.757419580,85486.953505446,156.746122433
102375.756327880,85487.000059834,156.776761151
102376.755236180,85487.046614222,156.807399869
102377.754144480,85487.093168609,156.838038586
102378.753048084,85487.139823547,156.867931830
102379.751948077,85487.186555834,156.897251613
102380.750848070,85487.233288120,156.926571397
102381.749748063,85487.280020407,156.955891180
102382.748648056,85487.326752693,156.985210964
102383.747548049,85487.373484980,157.014530747
102384.746448042,85487.420217266,157.043850531
102385.745348035,85487.466949553,157.073170314
102386.744248028,85487.513681839,157.102490098
102387.743151955,85487.560328851,157.131717840
102388.742112333,85487.605752033,157.159624636
102389.741072711,85487.651175215,157.187531432
102390.740033032,85487.696599646,157.215439241
102391.738993301,85487.742025231,157.243347987
102392.737953570,85487.787450817,157.271256733
102393.736913839,85487.832876403,157.299165479
102394.735874108,85487.878301989,157.327074225
102395.734834377,85487.923727575,157.354982971
102396.733794646,85487.969153161,157.382891717
102397.732745260,85488.014790196,157.409966189
102398.731688442,85488.060589980,157.436398533
102399.730631619,85488.106389899,157.462831196
102400.729574744,85488.152190937,157.489266504
102401.728517869,85488.197991976,157.515701812
102402.727460995,85488.243793014,157.542137121
102403.726404120,85488.289594053,157.568572429
102404.725347245,85488.335395091,157.595007737
102405.724290371,85488.381196130,157.621443045
102406.723232575,85488.427017193,157.647780595
102407.722161527,85488.473126303,157.672711977
102408.721090480,85488.519235412,157.697643359
102409.720019433,85488.565344522,157.722574741
102410.718948385,85488.611453631,157.747506123
102411.717877338,85488.657562741,157.772437505
102412.716806291,85488.703671850,157.797368887
102413.715735244,85488.749780960,157.822300269
102414.714664196,85488.795890070,157.847231651
102415.713593149,85488.841999179,157.872163033
102416.712517811,85488.888201076,157.896239311
102417.711439169,85488.934474433,157.919657041
102418.710360527,85488.980747790,157.943074770
102419.709281885,85489.027021147,157.966492499
102420.708203243,85489.073294504,157.989910228
102421.707124600,85489.119567862,158.013327957
102422.706045958,85489.165841219,158.036745686
102423.704967316,85489.212114576,158.060163415
102424.703888674,85489.258387933,158.083581145
102425.702813796,85489.304578884,158.106901585
102426.701793199,85489.349581731,158.128819328
102427.700772601,85489.394584577,158.150737071
102428.699752003,85489.439587424,158.172654814
102429.698731406,85489.484590270,158.194572557
102430.697710808,85489.529593117,158.216490300
102431.696690211,85489.574595963,158.238408043
102432.695669613,85489.619598809,158.260325786
102433.694649015,85489.664601656,158.282243529
102434.693628418,85489.709604502,158.304161272
102435.692622800,85489.754272615,158.325243710
102436.691628725,85489.798682796,158.345682499
102437.690634650,85489.843092978,158.366121287
102438.689640575,85489.887503159,158.386560076
102439.688646501,85489.931913341,158.406998865
102440.687652426,85489.976323522,158.427437653
102441.686658351,85490.020733703,158.447876442
102442.685664276,85490.065143885,158.468315231
102443.684670201,85490.109554066,158.488754019
102444.683669868,85490.154101730,158.509098454
102445.682579098,85490.200636161,158.528079382
102446.681488328,85490.247170592,158.547060310
102447.680397557,85490.293705024,158.566041238
102448.679306787,85490.340239455,158.585022166
102449.678216017,85490.386773886,158.604003094
102450.677125247,85490.433308317,158.622984022
102451.676034476,85490.479842749,158.641964950
102452.674943706,85490.526377180,158.660945878
102453.673852936,85490.572911611,158.679926806
102454.672778503,85490.619092971,158.698092844
102455.671716666,85490.665002118,158.715630614
102456.670654828,85490.710911266,158.733168384
102457.669592991,85490.756820413,158.750706154
102458.668531153,85490.802729560,158.768243924
102459.667469316,85490.848638708,158.785781694
102460.666407479,85490.894547855,158.803319464
102461.665345641,85490.940457002,158.820857234
102462.664283804,85490.986366150,158.838395004
102463.663223152,85491.032249391,158.855841872
102464.662179667,85491.077757462,158.871972274
102465.661136181,85491.123265532,158.888102676
102466.660092696,85491.168773603,158.904233078
102467.659049211,85491.214281673,158.920363480
102468.658005725,85491.259789744,158.936493882
102469.656962240,85491.305297814,158.952624284
102470.655918755,85491.350805885,158.968754686
102471.654875269,85491.396313955,158.984885088
102472.653831784,85491.441822026,159.001015490
102473.652807120,85491.486913563,159.016395393
102474.651796975,85491.531683776,159.031196342
102475.650786830,85491.576453989,159.045997291
102476.649776685,85491.621224202,159.060798240
102477.648766540,85491.665994415,159.075599189
102478.647756395,85491.710764629,159.090400138
102479.646746250,85491.755534842,159.105201087
102480.645736106,85491.800305055,159.120002037
102481.644725961,85491.845075268,159.134802986
102482.643708640,85491.890001381,159.149526526
102483.642587157,85491.937190487,159.163126419
102484.641465673,85491.984379592,159.176726313
102485.640344190,85492.031568697,159.190326207
102486.639222706,85492.078757802,159.203926101
102487.638101223,85492.125946907,159.217525995
102488.636979740,85492.173136013,159.231125889
102489.635858256,85492.220325118,159.244725782
102490.634736773,85492.267514223,159.258325676
102491.633615290,85492.314703328,159.271925570
102492.632516034,85492.361417677,159.284954861
102493.631433936,85492.407765576,159.297543722
102494.630351838,85492.454113476,159.310132583
102495.629269740,85492.500461375,159.322721445
102496.628187642,85492.546809275,159.335310306
102497.627105530,85492.593157484,159.347899033
102498.626023297,85492.639508274,159.360486640
102499.624941065,85492.685859064,159.373074247
102500.623858833,85492.732209853,159.385661854
102501.622781935,85492.778443367,159.398199417
102502.621782657,85492.822970439,159.410008812
102503.620783379,85492.867497511,159.421818207
102504.619784101,85492.912024583,159.433627603
102505.618784823,85492.956551655,159.445436998
102506.617785545,85493.001078727,159.457246393
102507.616786267,85493.045605800,159.469055788
102508.615786989,85493.090132872,159.480865183
102509.614787711,85493.134659944,159.492674578
102510.613788433,85493.179187016,159.504483973
102511.612766590,85493.224215344,159.515994612
102512.611727320,85493.269630783,159.527274525
102513.610688050,85493.315046223,159.538554438
102514.609648780,85493.360461663,159.549834351
102515.608609511,85493.405877103,159.561114265
102516.607570241,85493.451292543,159.572394178
102517.606530971,85493.496707983,159.583674091
102518.605491701,85493.542123422,159.594954004
102519.604452431,85493.587538862,159.606233917
102520.603413223,85493.632952951,159.617493296
102521.602374910,85493.678347334,159.628453211
102522.601336597,85493.723741717,159.639413125
102523.600298285,85493.769136100,159.650373040
102524.599259972,85493.814530483,159.661332954
102525.598221659,85493.859924866,159.672292869
102526.597183346,85493.905319249,159.683252784
102527.596145034,85493.950713632,159.694212698
102528.595106721,85493.996108015,159.705172613
102529.594068408,85494.041502398,159.716132527
102530.593042600,85494.086620108,159.726982005
102531.592026454,85494.131524018,159.737746144
102532.591010309,85494.176427929,159.748510283
102533.589994163,85494.221331839,159.759274421
102534.588978018,85494.266235750,159.770038560
102535.587961872,85494.311139661,159.780802699
102536.586945727,85494.356043571,159.791566837
102537.585929581,85494.400947482,159.802330976
102538.584913435,85494.445851393,159.813095115
102539.583894110,85494.490825195,159.823847659
102540.582828304,85494.536820621,159.834430733
102541.581762497,85494.582816046,159.845013807
102542.580696691,85494.628811471,159.855596881
102543.579630885,85494.674806896,159.866179955
102544.578565079,85494.720802321,159.876763030
102545.577499273,85494.766797747,159.887346104
102546.576433466,85494.812793172,159.897929178
102547.575367660,85494.858788597,159.908512252
102548.574301854,85494.904784022,159.919095326
102549.573262506,85494.950198295,159.929541274
102550.572243616,85494.995163229,159.939881198
102551.571224725,85495.040128163,159.950221123
102552.570205835,85495.085093097,159.960561047
102553.569186944,85495.130058031,159.970900971
102554.568168054,85495.175022965,159.981240896
102555.567149164,85495.219987899,159.991580820
102556.566130273,85495.264952833,160.001920744
102557.565111383,85495.309917767,160.012260668
102558.564090347,85495.354929978,160.022580351
102559.563037874,85495.400634911,160.032603436
102560.561985401,85495.446339844,160.042626522
102561.560932928,85495.492044778,160.052649607
102562.559880455,85495.537749711,160.062672693
102563.558827982,85495.583454644,160.072695779
102564.557775509,85495.629159578,160.082718864
102565.556723036,85495.674864511,160.092741950
102566.555670563,85495.720569444,160.102765035
102567.554618090,85495.766274377,160.112788121
102568.553572279,85495.811833291,160.122611789
102569.552531621,85495.857279242,160.132281185
102570.551490964,85495.902725193,160.141950581
102571.550450307,85495.948171143,160.151619977
102572.549409649,85495.993617094,160.161289373
102573.548368992,85496.039063045,160.170958769
102574.547328334,85496.084508995,160.180628165
102575.546287677,85496.129954946,160.190297561
102576.545247020,85496.175400897,160.199966957
102577.544205388,85496.220868189,160.209614279
102578.543149443,85496.266648945,160.218937377
102579.542093498,85496.312429701,160.228260474
102580.541037553,85496.358210457,160.237583572
102581.539981608,85496.403991213,160.246906669
102582.538925663,85496.449771969,160.256229767
102583.537869718,85496.495552725,160.265552864
102584.536813773,85496.541333481,160.274875962
102585.535757828,85496.587114237,160.284199059
102586.534701883,85496.632894993,160.293522157
102587.533658508,85496.678399977,160.302665146
102588.532624865,85496.723691497,160.311668721
102589.531591221,85496.768983018,160.320672296
102590.530557577,85496.814274538,160.329675871
102591.529523933,85496.859566059,160.338679446
102592.528490289,85496.904857579,160.347683022
102593.527456591,85496.950150301,160.356687476
102594.526422852,85496.995443927,160.365692593
102595.525389112,85497.040737553,160.374697709
102596.524355510,85497.086028148,160.383684283
102597.523323930,85497.131274130,160.392397903
102598.522292350,85497.176520112,160.401111523
102599.521260770,85497.221766094,160.409825143
102600.520229190,85497.267012076,160.418538763
102601.519197609,85497.312258058,160.427252383
102602.518166029,85497.357504040,160.435966003
102603.517134449,85497.402750022,160.444679623
102604.516102869,85497.447996004,160.453393243
102605.515071289,85497.493241986,160.462106863
102606.514006795,85497.539204564,160.470669813
102607.512916810,85497.585722141,160.479116071
102608.511826824,85497.632239717,160.487562329
102609.510736839,85497.678757294,160.496008587
102610.509646854,85497.725274871,160.504454845
102611.508556869,85497.771792448,160.512901103
102612.507466884,85497.818310025,160.521347361
102613.506376898,85497.864827602,160.529793620
102614.505286913,85497.911345178,160.538239878
102615.504201702,85497.957758386,160.546670233
102616.503186930,85498.002631738,160.554865962
102617.502172157,85498.047505089,160.563061690
102618.501157385,85498.092378441,160.571257419
102619.500142612,85498.137251793,160.579453148
102620.499127840,85498.182125144,160.587648877
102621.498113068,85498.226998496,160.595844605
102622.497098295,85498.271871847,160.604040334
102623.496083523,85498.316745199,160.612236063
102624.495068750,85498.361618551,160.620431792
102625.494003923,85498.407582655,160.628501607
102626.492900308,85498.454392005,160.636473850
102627.491796693,85498.501201355,160.644446094
102628.490693077,85498.548010705,160.652418337
102629.489589462,85498.594820056,160.660390580
102630.488485847,85498.641629406,160.668362823
102631.487382180,85498.688439853,160.676334079
102632.486278460,85498.735251442,160.684304307
102633.485174740,85498.782063032,160.692274534
102634.484075721,85498.828772536,160.700234777
102635.483046237,85498.873972203,160.708047351
102636.482016754,85498.919171869,160.715859925
102637.480987270,85498.964371535,160.723672499
102638.479957787,85499.009571201,160.731485073
102639.478928303,85499.054770867,160.739297647
102640.477898820,85499.099970533,160.747110221
102641.476869336,85499.145170200,160.754922795
102642.475839853,85499.190369866,160.762735368
102643.474810369,85499.235569532,160.770547942
102644.473768587,85499.281039568,160.778321979
102645.472717270,85499.326719243,160.786066134
102646.471665952,85499.372398918,160.793810290
102647.470614634,85499.418078593,160.801554445
102648.469563317,85499.463758268,160.809298601
102649.468511999,85499.509437943,160.817042756
102650.467460681,85499.555117618,160.824786911
102651.466409364,85499.600797293,160.832531067
102652.465358046,85499.646476968,160.840275222
102653.464311150,85499.692058261,160.848021040
102654.463329808,85499.736181080,160.855791507
102655.462348467,85499.780303900,160.863561974
102656.461367125,85499.824426720,160.871332441
102657.460385783,85499.868549539,160.879102907
102658.459404441,85499.912672359,160.886873374
102659.458423099,85499.956795179,160.894643841
102660.457441757,85500.000917998,160.902414308
102661.456460416,85500.045040818,160.910184774
102662.455479074,85500.089163638,160.917955241
102663.454461008,85500.134104459,160.925787947
102664.453414451,85500.179679901,160.933668940
102665.452367895,85500.225255343,160.941549932
102666.451321338,85500.270830786,160.949430925
102667.450274781,85500.316406228,160.957311918
102668.449228224,85500.361981670,160.965192910
102669.448181667,85500.407557113,160.973073903
102670.447135111,85500.453132555,160.980954895
102671.446088554,85500.498707997,160.988835888
102672.445043328,85500.544254109,160.996728429
102673.444017887,85500.589364342,161.004792587
102674.442992446,85500.634474575,161.012856745
102675.441967005,85500.679584808,161.020920903
102676.440941564,85500.724695041,161.028985061
102677.439916123,85500.769805275,161.037049219
102678.438890682,85500.814915508,161.045113378
102679.437865241,85500.860025741,161.053177536
102680.436839800,85500.905135974,161.061241694
102681.435814359,85500.950246207,161.069305852
102682.434784830,85500.995446813,161.077494561
102683.433752127,85501.040717572,161.085779952
102684.432719424,85501.085988330,161.094065344
102685.431686722,85501.131259088,161.102350735
102686.430654019,85501.176529846,161.110636126
102687.429621316,85501.221800604,161.118921517
102688.428588640,85501.267070787,161.127206665
102689.427556183,85501.312336109,161.135489752
102690.426457212,85501.359029274,161.143924539
102691.425306597,85501.406831022,161.152477107
102692.424155983,85501.454632771,161.161029675
102693.423005369,85501.502434519,161.169582242
102694.421854755,85501.550236268,161.178134810
102695.420704141,85501.598038016,161.186687378
102696.419553526,85501.645839765,161.195239946
102697.418402912,85501.693641513,161.203792513
102698.417252298,85501.741443261,161.212345081
102699.416106682,85501.789138673,161.220918626
102700.415035584,85501.835248881,161.229804880
102701.413964486,85501.881359090,161.238691135
102702.412893388,85501.927469298,161.247577389
102703.411822290,85501.973579506,161.256463644
102704.410751193,85502.019689715,161.265349898
102705.409680095,85502.065799923,161.274236153
102706.408608997,85502.111910132,161.283122407
102707.407537899,85502.158020340,161.292008662
102708.406466801,85502.204130548,161.300894916
102709.405403390,85502.250073668,161.309979624
102710.404345953,85502.295886987,161.319218498
102711.403288515,85502.341700306,161.328457372
102712.402231077,85502.387513625,161.337696246
102713.401173639,85502.433326944,161.346935119
102714.400116201,85502.479140263,161.356173993
102715.399058763,85502.524953582,161.365412867
102716.398001325,85502.570766901,161.374651740
102717.396943887,85502.616580220,161.383890614
102718.395884948,85502.662426089,161.393151342
102719.394803575,85502.708758364,161.402738636
102720.393722202,85502.755090639,161.412325931
102721.392640829,85502.801422914,161.421913226
102722.391559455,85502.847755189,161.431500520
102723.390478082,85502.894087464,161.441087815
102724.389396709,85502.940419739,161.450675109
102725.388315336,85502.986752013,161.460262404
102726.387233962,85503.033084288,161.469849699
102727.386152589,85503.079416563,161.479436993
102728.385060925,85503.125969768,161.489207299
102729.383961262,85503.172694702,161.499119861
102730.382861599,85503.219419636,161.509032423
102731.381761936,85503.266144571,161.518944985
102732.380662273,85503.312869505,161.528857547
102733.379562610,85503.359594439,161.538770108
102734.378462947,85503.406319373,161.548682670
102735.377363284,85503.453044308,161.558595232
102736.376263621,85503.499769242,161.568507794
102737.375167665,85503.546413805,161.578437351
102738.374127247,85503.591854504,161.588621482
102739.373086828,85503.637295202,161.598805613
102740.372046410,85503.682735900,161.608989745
102741.371005992,85503.728176599,161.619173876
102742.369965573,85503.773617297,161.629358007
102743.368925155,85503.819057996,161.639542138
102744.367884736,85503.864498694,161.649726269
102745.366844318,85503.909939392,161.659910400
102746.365803899,85503.955380091,161.670094531
102747.364764691,85504.000794172,161.680382880
102748.363726424,85504.046187553,161.690752285
102749.362688157,85504.091580933,161.701121689
102750.361649889,85504.136974313,161.711491093
102751.360611622,85504.182367694,161.721860497
102752.359573355,85504.227761074,161.732229902
102753.358535088,85504.273154454,161.742599306
102754.357496821,85504.318547835,161.752968710
102755.356458553,85504.363941215,161.763338114
102756.355419186,85504.409358716,161.773712054
102757.354363291,85504.455138374,161.784154081
102758.353307396,85504.500918031,161.794596108
102759.352251502,85504.546697689,161.805038135
102760.351195607,85504.592477346,161.815480162
102761.350139712,85504.638257004,161.825922189
102762.349083817,85504.684036661,161.836364216
102763.348027923,85504.729816319,161.846806244
102764.346972028,85504.775595976,161.857248271
102765.345916133,85504.821375634,161.867690298
102766.344820358,85504.868011267,161.878090885
102767.343693547,85504.915313000,161.888459224
102768.342566737,85504.962614733,161.898827564
102769.341439926,85505.009916466,161.909195903
102770.340313116,85505.057218199,161.919564243
102771.339186305,85505.104519931,161.929932582
102772.338059495,85505.151821664,161.940300922
102773.336932684,85505.199123397,161.950669261
102774.335805874,85505.246425130,161.961037600
102775.334683106,85505.293640213,161.971391404
102776.333621190,85505.339551078,161.981526426
102777.332559273,85505.385461942,161.991661447
102778.331497357,85505.431372807,162.001796468
102779.330435441,85505.477283671,162.011931489
102780.329373524,85505.523194536,162.022066510
102781.328311608,85505.569105401,162.032201531
102782.327249695,85505.615016208,162.042336522
102783.326187897,85505.660924497,162.052470165
102784.325126099,85505.706832787,162.062603808
102785.324048949,85505.753072979,162.072523788
102786.322959847,85505.799571601,162.082277404
102787.321870744,85505.846070223,162.092031020
102788.320781641,85505.892568844,162.101784636
102789.319692539,85505.939067466,162.111538251
102790.318603436,85505.985566088,162.121291867
102791.317514333,85506.032064709,162.131045483
102792.316425231,85506.078563331,162.140799099
102793.315336128,85506.125061953,162.150552715
102794.314244243,85506.171619727,162.160275772
102795.313110393,85506.219069895,162.169537807
102796.311976542,85506.266520064,162.178799843
102797.310842691,85506.313970232,162.188061878
102798.309708841,85506.361420400,162.197323913
102799.308574990,85506.408870569,162.206585949
102800.307441139,85506.456320737,162.215847984
102801.306307288,85506.503770905,162.225110020
102802.305173438,85506.551221074,162.234372055
102803.304039587,85506.598671242,162.243634090
102804.302912967,85506.645968765,162.252584907
102805.301791979,85506.693147368,162.261293265
102806.300670992,85506.740325970,162.270001622
102807.299550005,85506.787504573,162.278709979
102808.298429017,85506.834683175,162.287418337
102809.297308030,85506.881861777,162.296126694
102810.296187043,85506.929040380,162.304835052
102811.295066056,85506.976218982,162.313543409
102812.293945068,85507.023397585,162.322251766
102813.292828563,85507.070479691,162.330924020
102814.291779845,85507.116102499,162.339050273
102815.290731126,85507.161725307,162.347176526
102816.289682407,85507.207348114,162.355302780
102817.288633688,85507.252970922,162.363429033
102818.287584969,85507.298593730,162.371555287
102819.286536250,85507.344216538,162.379681540
102820.285487531,85507.389839346,162.387807794
102821.284438812,85507.435462153,162.395934047
102822.283390093,85507.481084961,162.404060300
102823.282342534,85507.526682359,162.411848799
102824.281295880,85507.572259950,162.419374012
102825.280249225,85507.617837542,162.426899225
102826.279202570,85507.663415133,162.434424438
102827.278155915,85507.708992724,162.441949651
102828.277109260,85507.754570315,162.449474864
102829.276062605,85507.800147906,162.457000077
102830.275015951,85507.845725497,162.464525290
102831.273969296,85507.891303088,162.472050503
102832.272921802,85507.936899016,162.479536715
102833.271861584,85507.982772896,162.486431731
102834.270801367,85508.028646777,162.493326747
102835.269741150,85508.074520658,162.500221763
102836.268680933,85508.120394538,162.507116779
102837.267620716,85508.166268419,162.514011794
102838.266560498,85508.212142299,162.520906810
102839.265500251,85508.258016840,162.527802766
102840.264439956,85508.303892425,162.534700206
102841.263379660,85508.349768009,162.541597646
102842.262287817,85508.396321598,162.548156418
102843.261171370,85508.443403992,162.554451048
102844.260054922,85508.490486386,162.560745679
102845.258938474,85508.537568780,162.567040309
102846.257822026,85508.584651175,162.573334939
102847.256705578,85508.631733569,162.579629569
102848.255589130,85508.678815963,162.585924199
102849.254459762,85508.726160617,162.592180080
102850.253134152,85508.777488641,162.597847405
102851.251808541,85508.828816666,162.603514729
102852.250482931,85508.880144690,162.609182054
102853.249157321,85508.931472715,162.614849379
102854.247831710,85508.982800739,162.620516703
102855.246506100,85509.034128764,162.626184028
102856.245180490,85509.085456788,162.631851352
102857.243854879,85509.136784813,162.637518677
102858.242529269,85509.188112837,162.643186002
102859.241227738,85509.238968469,162.648463099
102860.239944997,85509.289455486,162.653435696
102861.238662257,85509.339942503,162.658408293
102862.237379516,85509.390429520,162.663380890
102863.236096775,85509.440916537,162.668353487
102864.234814034,85509.491403554,162.673326084
102865.233531293,85509.541890571,162.678298681
102866.232248552,85509.592377588,162.683271278
102867.230965811,85509.642864605,162.688243875
102868.229686364,85509.693285773,162.693177936
102869.228457061,85509.742704364,162.697525273
102870.227227758,85509.792122955,162.701872610
102871.225998456,85509.841541547,162.706219947
102872.224769153,85509.890960138,162.710567284
102873.223539850,85509.940378729,162.714914621
102874.222310547,85509.989797320,162.719261958
102875.221081244,85510.039215912,162.723609295
102876.219851941,85510.088634503,162.727956632
102877.218622638,85510.138053094,162.732303969
102878.217315297,85510.189006328,162.736386870
102879.215947029,85510.241157723,162.740263313
102880.214578760,85510.293309117,162.744139756
102881.213210491,85510.345460511,162.748016199
102882.211842222,85510.397611906,162.751892642
102883.210473954,85510.449763300,162.755769085
102884.209105685,85510.501914694,162.759645528
102885.207737416,85510.554066089,162.763521971
102886.206365733,85510.606282212,162.767379986
102887.204941946,85510.659486052,162.770956803
102888.203518160,85510.712689893,162.774533621
102889.202094373,85510.765893733,162.778110438
102890.200670586,85510.819097574,162.781687255
102891.199246800,85510.872301414,162.785264072
102892.197823013,85510.925505255,162.788840889
102893.196399227,85510.978709095,162.792417707
102894.194975440,85511.031912936,162.795994524
102895.193551653,85511.085116777,162.799571341
102896.192176062,85511.137401872,162.803089422
102897.190838119,85511.188969297,162.806561620
102898.189500176,85511.240536722,162.810033818
102899.188162232,85511.292104147,162.813506017
102900.186824289,85511.343671572,162.816978215
102901.185486345,85511.395238997,162.820450414
102902.184148402,85511.446806422,162.823922612
102903.182810459,85511.498373847,162.827394811
102904.181472515,85511.549941272,162.830867009
102905.180301258,85511.598076717,162.834397880
102906.179260238,85511.643530623,162.837974593
102907.178219219,85511.688984530,162.841551306
102908.177178200,85511.734438437,162.845128020
102909.176137180,85511.779892343,162.848704733
102910.175096161,85511.825346250,162.852281446
102911.174055142,85511.870800156,162.855858159
102912.173014122,85511.916254063,162.859434873
102913.171973045,85511.961709238,162.863011212
102914.170901582,85512.007823668,162.866741383
102915.169806398,85512.054452755,162.870591944
102916.168711214,85512.101081843,162.874442506
102917.167616029,85512.147710930,162.878293067
102918.166520845,85512.194340018,162.882143629
102919.165425661,85512.240969105,162.885994190
102920.164330476,85512.287598192,162.889844752
102921.163235292,85512.334227280,162.893695313
102922.162125504,85512.381153708,162.897565033
102923.160791913,85512.432636770,162.901728344
102924.159458322,85512.484119833,162.905891656
102925.158124731,85512.535602895,162.910054967
102926.156791141,85512.587085957,162.914218278
102927.155457550,85512.638569020,162.918381590
102928.154100029,85512.690486274,162.922559851
102929.152375594,85512.749061014,162.926967331
102930.150651158,85512.807635754,162.931374812
102931.148926723,85512.866210493,162.935782292
102932.147165745,85512.925361504,162.940202320
102933.144844300,85512.993351235,162.944814802
102934.142522855,85513.061340967,162.949427284
102935.140201410,85513.129330698,162.954039765
102936.137852718,85513.197702607,162.958673832
102937.135086003,85513.271937897,162.963639062
102938.132319288,85513.346173186,162.968604292
102939.129552573,85513.420408476,162.973569522
102940.126785858,85513.494643766,162.978534751
102941.124019142,85513.568879055,162.983499981
102942.121252427,85513.643114345,162.988465211
102943.118485712,85513.717349634,162.993430440
102944.115718997,85513.791584924,162.998395670
102945.112952282,85513.865820214,163.003360900
102946.109963105,85513.942943236,163.008537530
102947.106799935,85514.022324824,163.013879503
102948.103636765,85514.101706412,163.019221475
102949.100473595,85514.181088001,163.024563447
102950.097310426,85514.260469589,163.029905420
102951.093934153,85514.342450852,163.035446281
102952.090391189,85514.426465599,163.041142714
102953.086848225,85514.510480346,163.046839148
102954.083305261,85514.594495092,163.052535581
102955.079762297,85514.678509839,163.058232015
102956.076219334,85514.762524585,163.063928448
102957.072676370,85514.846539332,163.069624882
102958.069133406,85514.930554079,163.075321315
102959.065535295,85515.015185524,163.081038721
102960.061088974,85515.109302339,163.087078700
102961.056642653,85515.203419154,163.093118679
102962.052196332,85515.297535970,163.099158658
102963.047247770,85515.396719903,163.105372041
102964.041906243,85515.499868459,163.111721099
102965.036564716,85515.603017014,163.118070157
102966.031223189,85515.706165570,163.124419215
102967.025881662,85515.809314125,163.130768273
102968.020507966,85515.912765512,163.137148823
102969.014639138,85516.020878031,163.144014105
102970.008770309,85516.128990549,163.150879387
102971.002901481,85516.237103067,163.157744668
102971.997032652,85516.345215585,163.164609950
102972.991163824,85516.453328103,163.171475231
102973.985294995,85516.561440622,163.178340513
102974.979426167,85516.669553140,163.185205794
102975.973145916,85516.781336340,163.192418690
102976.966543649,85516.895992553,163.199903660
102977.959941382,85517.010648765,163.207388631
102978.953339114,85517.125304978,163.214873601
102979.946736847,85517.239961190,163.222358571
102980.940134580,85517.354617403,163.229843542
102981.933402308,85517.470390169,163.237689858
102982.926568274,85517.587036935,163.245819024
102983.919734239,85517.703683702,163.253948191
102984.912900204,85517.820330469,163.262077357
102985.906066169,85517.936977235,163.270206523
102986.899232134,85518.053624002,163.278335690
102987.892450068,85518.169813374,163.286501890
102988.886469732,85518.278946363,163.295239438
102989.880489397,85518.388079352,163.303976985
102990.874509061,85518.497212341,163.312714532
102991.868528707,85518.606345498,163.321452636
102992.862926557,85518.711929798,163.330648856
102993.857620538,85518.814735383,163.340203524
102994.852314518,85518.917540967,163.349758193
102995.847008498,85519.020346552,163.359312862
102996.841702478,85519.123152137,163.368867531
102997.836396459,85519.225957722,163.378422200
102998.831090439,85519.328763307,163.387976869
102999.825784419,85519.431568892,163.397531538
103000.820478399,85519.534374476,163.407086207
103001.815126190,85519.637611880,163.416694806
103002.809060411,85519.747520332,163.427136564
103003.802994631,85519.857428783,163.437578321
103004.796928852,85519.967337235,163.448020079
103005.790863072,85520.077245687,163.458461836
103006.784797293,85520.187154139,163.468903594
103007.778632616,85520.297950474,163.479837790
103008.772390474,85520.409442275,163.491157705
103009.766148333,85520.520934076,163.502477621
103010.759906191,85520.632425877,163.513797537
103011.753664049,85520.743917678,163.525117452
103012.747421908,85520.855409478,163.536437368
103013.741179766,85520.966901279,163.547757284
103014.734937624,85521.078393080,163.559077199
103015.728695483,85521.189884881,163.570397115
103016.722462041,85521.301298678,163.581781683
103017.716363251,85521.411505247,163.594166857
103018.710264461,85521.521711816,163.606552030
103019.704165671,85521.631918384,163.618937203
103020.698066880,85521.742124953,163.631322376
103021.691968090,85521.852331522,163.643707550
103022.685869300,85521.962538091,163.656092723
103023.679770510,85522.072744660,163.668477896
103024.673671720,85522.182951229,163.680863070
103025.667572929,85522.293157797,163.693248243
103026.661246105,85522.405387356,163.706193450
103027.654740565,85522.519202390,163.719577572
103028.648235024,85522.633017424,163.732961693
103029.641729483,85522.746832458,163.746345815
103030.635223942,85522.860647492,163.759729937
103031.628718402,85522.974462526,163.773114058
103032.622212861,85523.088277561,163.786498180
103033.615707320,85523.202092595,163.799882302
103034.609201780,85523.315907629,163.813266424
103035.602709647,85523.429604600,163.826697994
103036.596425506,85523.541470114,163.840865605
103037.590141366,85523.653335629,163.855033216
103038.583857225,85523.765201143,163.869200828
103039.577573085,85523.877066658,163.883368439
103040.571288944,85523.988932172,163.897536050
103041.565004803,85524.100797687,163.911703662
103042.559199627,85524.208251473,163.926155926
103043.553769980,85524.312246252,163.940831372
103044.548340334,85524.416241031,163.955506818
103045.542910688,85524.520235811,163.970182264
103046.537481796,85524.624223368,163.984881777
103047.532064627,85524.728098755,163.999955085
103048.526647457,85524.831974142,164.015028394
103049.521230288,85524.935849529,164.030101703
103050.515813118,85525.039724916,164.045175012
103051.509987431,85525.147387176,164.060575318
103052.503841393,85525.258019018,164.076232049
103053.497695355,85525.368650860,164.091888779
103054.491549317,85525.479282703,164.107545510
103055.485403279,85525.589914545,164.123202240
103056.479257241,85525.700546387,164.138858970
103057.473111204,85525.811178229,164.154515701
103058.466965166,85525.921810072,164.170172431
103059.460819128,85526.032441914,164.185829162
103060.454674017,85526.143065423,164.201530280
103061.448543325,85526.253559322,164.217921735
103062.442412633,85526.364053221,164.234313189
103063.436281940,85526.474547120,164.250704644
103064.430151248,85526.585041019,164.267096099
103065.424020556,85526.695534919,164.283487553
103066.417889864,85526.806028818,164.299879008
103067.411759171,85526.916522717,164.316270463
103068.405628479,85527.027016616,164.332661917
103069.399497787,85527.137510515,164.349053372
103070.393447099,85527.247280506,164.365833246
103071.387459185,85527.356482501,164.382917882
103072.381471271,85527.465684496,164.400002518
103073.375483357,85527.574886491,164.417087153
103074.369495443,85527.684088486,164.434171789
103075.363507529,85527.793290482,164.451256425
103076.357519637,85527.902492273,164.468341225
103077.351531941,85528.011692282,164.485427455
103078.345544245,85528.120892291,164.502513685
103079.339573639,85528.229934833,164.519640901
103080.333869459,85528.336522468,164.537407085
103081.328165280,85528.443110102,164.555173270
103082.322461100,85528.549697737,164.572939455
103083.316756921,85528.656285371,164.590705639
103084.311052741,85528.762873006,164.608471824
103085.305348562,85528.869460640,164.626238009
103086.299644383,85528.976048275,164.644004193
103087.293940203,85529.082635909,164.661770378
103088.288236024,85529.189223544,164.679536563
103089.282368010,85529.297320200,164.697684277
103090.276371379,85529.406601518,164.716131513
103091.270374747,85529.515882836,164.734578748
103092.264378115,85529.625164155,164.753025984
103093.258381483,85529.734445473,164.771473220
103094.252384852,85529.843726791,164.789920455
103095.246388220,85529.953008109,164.808367691
103096.240391588,85530.062289428,164.826814926
103097.234394956,85530.171570746,164.845262162
103098.228397920,85530.280855740,164.863749723
103099.222394567,85530.390198182,164.882867492
103100.216391213,85530.499540623,164.901985262
103101.210387860,85530.608883065,164.921103031
103102.204384506,85530.718225507,164.940220801
103103.198381152,85530.827567948,164.959338570
103104.192377799,85530.936910390,164.978456340
103105.186374445,85531.046252832,164.997574109
103106.180371092,85531.155595273,165.016691879
103107.174367738,85531.264937715,165.035809648
103108.168434576,85531.373638665,165.055282316
103109.162556548,85531.481835743,165.075033746
103110.156678520,85531.590032822,165.094785176
103111.150800492,85531.698229900,165.114536606
103112.144922464,85531.806426978,165.134288036
103113.139044435,85531.914624056,165.154039466
103114.133166407,85532.022821135,165.173790896
103115.127288379,85532.131018213,165.193542325
103116.121410351,85532.239215291,165.213293755
103117.115515299,85532.347566921,165.234301082
103118.109353570,85532.458339636,165.274982377
103119.103191840,85532.569112352,165.315663671
103120.097030111,85532.679885067,165.356344965
103121.090868382,85532.790657783,165.397026259
103122.084702412,85532.901468499,165.431380863
103123.078512438,85533.012494327,165.429921229
103124.072322464,85533.123520156,165.428461596
103125.066132490,85533.234545984,165.427001962
103126.059942516,85533.345571813,165.425542328
103127.053516910,85533.458671781,165.436500993
103128.046906117,85533.573401837,165.457219326
103129.040295324,85533.688131892,165.477937659
103130.033684531,85533.802861948,165.498655991
103131.027073738,85533.917592004,165.519374324
103132.020462945,85534.032322060,165.540092657
103133.013805505,85534.147444644,165.560824380
103134.006415932,85534.268727963,165.581766262
103134.999026359,85534.390011282,165.602708144
103135.991636785,85534.511294601,165.623650027
103136.984247212,85534.632577920,165.644591909
103137.976804249,85534.754285597,165.665542533
103138.968522913,85534.882656906,165.686630419
103139.960241578,85535.011028216,165.707718306
103140.951960242,85535.139399525,165.728806193
103141.943678907,85535.267770834,165.749894079
103142.935336265,85535.396601763,165.770987022
103143.926030484,85535.532653469,165.792159398
103144.916724704,85535.668705175,165.813331775
103145.907418923,85535.804756881,165.834504151
103146.898039312,85535.941329211,165.855679238
103147.887499326,85536.086084119,165.876896921
103148.876959340,85536.230839026,165.898114603
103149.866419354,85536.375593934,165.919332286
103150.855879368,85536.520348841,165.940549969
103151.844690946,85536.669418609,165.961764810
103152.832992623,85536.821881382,165.982977418
103153.821294300,85536.974344155,166.004190025
103154.809595978,85537.126806929,166.025402632
103155.797897655,85537.279269702,166.046615239
103156.786142161,85537.432095655,166.067823401
103157.773487298,85537.590634874,166.088961630
103158.760832434,85537.749174093,166.110099859
103159.748177571,85537.907713312,166.131238088
103160.735522707,85538.066252531,166.152376318
103161.722867844,85538.224791750,166.173514547
103162.710162066,85538.383642783,166.194641693
103163.696654921,85538.547401597,166.215594398
103164.683147777,85538.711160411,166.236547104
103165.669640632,85538.874919225,166.257499809
103166.656133487,85539.038678039,166.278452515
103167.642626342,85539.202436853,166.299405220
103168.629119198,85539.366195667,166.320357925
103169.615548940,85539.530327358,166.341295542
103170.600984428,85539.700333246,166.361995447
103171.586419916,85539.870339134,166.382695352
103172.571855404,85540.040345022,166.403395257
103173.557290892,85540.210350910,166.424095162
103174.542181831,85540.383456637,166.444658209
103175.526008999,85540.562535411,166.465113054
103176.509836166,85540.741614185,166.485567898
103177.493663333,85540.920692958,166.506022743
103178.476549162,85541.104812115,166.526333325
103179.458694320,85541.292897176,166.546530398
103180.440839479,85541.480982237,166.566727470
103181.422866140,85541.669669293,166.586909205
103182.403024391,85541.867848266,166.606849102
103183.383182642,85542.066027238,166.626788999
103184.363198595,85542.264889385,166.646713004
103185.340970257,85542.474526407,166.666386370
103186.318741918,85542.684163430,166.686059737
103187.296355039,85542.894518284,166.705717515
103188.271467939,85543.116193579,166.725129453
103189.246580838,85543.337868874,166.744541392
103190.220228200,85543.565823257,166.763805604
103191.192722297,85543.798718801,166.782953566
103192.165051336,85544.032286327,166.802085312
103193.134776764,85544.276453680,166.820961262
103194.104502193,85544.520621032,166.839837212
103195.072581944,85544.771165565,166.858547510
103196.039366612,85545.026728684,166.877127446
103197.005967564,85545.282970562,166.895689265
103197.969669797,85545.549922073,166.913965231
103198.933372030,85545.816873583,166.932241198
103199.895305153,85546.090070597,166.950338121
103200.855845982,85546.368182838,166.968294136
103201.816186781,85546.646970952,166.986228336
103202.773371321,85546.936423642,167.003818297
103203.730555860,85547.225876332,167.021408257
103204.687542250,85547.515971188,167.038973585
103205.641401668,85547.816199956,167.056150181
103206.595261086,85548.116428724,167.073326778
103207.548921766,85548.417277069,167.090475317
103208.499445513,85548.727904997,167.107180996
103209.449969259,85549.038532925,167.123886676
103210.400493006,85549.349160854,167.140592356
103211.349201946,85549.665246932,167.157008654
103212.296482490,85549.985629007,167.173197186
103213.243763034,85550.306011082,167.189385718
103214.190866154,85550.626909928,167.205540380
103215.135167971,85550.955967948,167.221160286
103216.079469788,85551.285025968,167.236780192
103217.023771606,85551.614083988,167.252400098
103217.967893108,85551.943651994,167.267982942
103218.909166433,85552.281275496,167.282980376
103219.850439758,85552.618898999,167.297977809
103220.791713084,85552.956522501,167.312975243
103221.732824166,85553.294592708,167.327930922
103222.671371722,85553.639721074,167.342226854
103223.609919277,85553.984849439,167.356522786
103224.548466832,85554.329977805,167.370818718
103225.487014388,85554.675106170,167.385114651
103226.425441040,85555.020560382,167.399355147
103227.361956544,85555.371165307,167.412719348
103228.298472048,85555.721770232,167.426083549
103229.234987552,85556.072375156,167.439447750
103230.171503056,85556.422980081,167.452811951
103231.108018560,85556.773585006,167.466176153
103232.044534064,85557.124189931,167.479540354
103232.980946735,85557.475067501,167.492841364
103233.915732612,85557.830258249,167.505142720
103234.850518488,85558.185448997,167.517444075
103235.785304365,85558.540639744,167.529745431
103236.720090242,85558.895830492,167.542046787
103237.654876119,85559.251021239,167.554348142
103238.589661995,85559.606211987,167.566649498
103239.524322768,85559.961729087,167.578898842
103240.457002956,85560.322412840,167.590324771
103241.389683144,85560.683096592,167.601750699
103242.322363333,85561.043780345,167.613176628
103243.255043521,85561.404464097,167.624602557
103244.187549010,85561.765594234,167.635993180
103245.117287208,85562.133795246,167.646824555
103246.047025406,85562.501996258,167.657655929
103246.976763605,85562.870197270,167.668487303
103247.904345498,85563.243762000,167.679075518
103248.830228772,85563.621551976,167.689472184
103249.756112046,85563.999341952,167.699868850
103250.679604234,85564.382899733,167.710051065
103251.601212852,85564.771001081,167.720064347
103252.522821471,85565.159102429,167.730077629
103253.441859587,85565.553209551,167.739882095
103254.358872673,85565.952047994,167.749522058
103255.275885759,85566.350886436,167.759162020
103256.190211912,85566.755803697,167.768604367
103257.102421212,85567.165510049,167.777891027
103258.014630512,85567.575216402,167.787177686
103258.924133404,85567.990855775,167.796274180
103259.831504079,85568.411169421,167.805220853
103260.738874754,85568.831483067,167.814167527
103261.643715389,85569.257183228,167.822937041
103262.546562774,85569.687127062,167.831566984
103263.449410160,85570.117070897,167.840196927
103264.349740169,85570.552231264,167.848642318
103265.248086745,85570.991501717,167.856942299
103266.146433322,85571.430772170,167.865242281
103267.044609390,85571.870388473,167.873522888
103267.939916463,85572.315819392,167.881495992
103268.833223270,85572.765250200,167.889466625
103269.726530077,85573.214681007,167.897437257
103270.617900706,85573.667923878,167.905235736
103271.507745657,85574.124170594,167.912898562
103272.397590608,85574.580417309,167.920561388
103273.287180175,85575.037156427,167.928207446
103274.172716662,85575.501710227,167.935587393
103275.058253148,85575.966264028,167.942967340
103275.943789635,85576.430817829,167.950347287
103276.826454615,85576.900773296,167.957589309
103277.706856535,85577.374985867,167.964722631
103278.587258454,85577.849198439,167.971855953
103279.464576246,85578.329058791,167.978876682
103280.339463361,85578.813370302,167.985808675
103281.214021256,85579.298268644,167.992730954
103282.083351202,85579.792485750,167.999498969
103282.952681147,85580.286702856,168.006266984
103283.818652323,85580.786746235,168.012933570
103284.681976402,85581.291381389,168.019520216
103285.545300480,85581.796016542,168.026106863
103286.405059209,85582.306664675,168.032590975
103287.262007930,85582.822051901,168.038994274
103288.118956651,85583.337439127,168.045397573
103288.972304203,85583.858731132,168.051702091
103289.822813330,85584.384677259,168.057928751
103290.673322456,85584.910623385,168.064155412
103291.520043783,85585.442608389,168.070288882
103292.363779546,85585.979353267,168.076348899
103293.207515309,85586.516098146,168.082408917
103294.047588413,85587.058524426,168.088377569
103294.884774689,85587.605428660,168.094274210
103295.721960965,85588.152332894,168.100170850
103296.555776952,85588.704335216,168.105981744
103297.386936408,85589.260355955,168.111725051
103298.218095863,85589.816376694,168.117468357
103299.046050000,85590.377136224,168.123127789
103299.871477495,85590.941631178,168.128721105
103300.696904990,85591.506126131,168.134314422
103301.518863281,85592.075635013,168.139825192
103302.338086817,85592.649096345,168.145270892
103303.157310354,85593.222557678,168.150716592
103303.976171752,85593.796530559,168.156152992
103304.789276302,85594.378635441,168.161441556
103305.602380853,85594.960740322,168.166730119
103306.415485403,85595.542845203,168.172018683
103307.225418533,85596.129335050,168.177219964
103308.032851505,85596.719281741,168.182352435
103308.840284477,85597.309228432,168.187484906
103309.647717449,85597.899175124,168.192617377
103310.451805499,85598.493651793,168.197667787
103311.253256373,85599.091699951,168.202653497
103312.054707247,85599.689748109,168.207639208
103312.855748449,85600.288338742,168.212618074
103313.650273665,85600.895557633,168.217488065
103314.444798882,85601.502776525,168.222358056
103315.238898328,85602.110545783,168.227222486
103316.026225072,85602.727069668,168.231998454
103316.813551817,85603.343593552,168.236774422
103317.596703150,85603.965384091,168.241505675
103318.376562211,85604.591327338,168.246201669
103319.155943515,85605.217858072,168.250893170
103319.927722496,85605.853737232,168.255513164
103320.699501478,85606.489616393,168.260133157
103321.466734581,85607.130942192,168.264717373
103322.230383211,85607.776562725,168.269273377
103322.993560395,85608.422734007,168.273825083
103323.749235490,85609.077669312,168.278308407
103324.504910585,85609.732604616,168.282791731
103325.260131253,85610.388058112,168.287270466
103326.008119855,85611.051758462,168.291676163
103326.756108457,85611.715458811,168.296081861
103327.504097059,85612.379159160,168.300487559
103328.248229711,85613.047160200,168.304854645
103328.989321690,85613.718552620,168.309191285
103329.730413669,85614.389945040,168.313527924
103330.467245461,85615.065986940,168.317832904
103331.200717555,85615.745695547,168.322112916
103331.934189649,85616.425404154,168.326392928
103332.662973500,85617.110110057,168.330643856
103333.388060205,85617.798756827,168.334871849
103334.112663409,85618.487906699,168.339097713
103334.829567960,85619.185067346,168.343289693
103335.546472511,85619.882227992,168.347481673
103336.258854591,85620.583985840,168.351653522
103336.967670012,85621.289369284,168.355809495
103337.675975865,85621.995258586,168.359963344
103338.376163894,85622.709206642,168.364083352
103339.076351923,85623.423154698,168.368203360
103339.776031465,85624.137595497,168.372321398
103340.467611244,85624.859885267,168.376408064
103341.159191024,85625.582175036,168.380494729
103341.850335484,85626.304877401,168.384579522
103342.534545563,85627.034152157,168.388634493
103343.218755643,85627.763426912,168.392689464
103343.902965723,85628.492701668,168.396744435
103344.586890043,85629.222242753,168.400797585
103345.266260029,85629.956028502,168.404821724
103345.945630014,85630.689814251,168.408845862
103346.625000000,85631.423600000,168.412870000
