direction,s,x,y,z
out,0.000,1.992,3.960,-0.025
out,2.000,2.695,5.832,-0.044
out,4.000,3.268,7.747,-0.062
out,6.000,3.671,9.704,-0.081
out,8.000,3.880,11.690,-0.100
out,10.000,3.890,13.688,-0.118
out,12.000,3.721,15.679,-0.133
out,14.000,3.399,17.652,-0.144
out,16.000,2.938,19.597,-0.148
out,18.000,2.344,21.505,-0.150
out,20.000,1.620,23.368,-0.150
out,22.000,0.772,25.178,-0.150
out,24.000,-0.196,26.927,-0.154
out,26.000,-1.275,28.610,-0.162
out,28.000,-2.464,30.216,-0.170
out,30.000,-3.763,31.735,-0.175
out,32.000,-5.172,33.153,-0.173
out,34.000,-6.688,34.456,-0.165
out,36.000,-8.299,35.637,-0.154
out,38.000,-9.994,36.697,-0.144
out,40.000,-11.764,37.625,-0.142
out,42.000,-13.605,38.402,-0.148
out,44.000,-15.509,39.007,-0.163
out,46.000,-17.461,39.429,-0.184
out,48.000,-19.444,39.682,-0.208
out,50.000,-21.439,39.807,-0.226
out,52.000,-23.438,39.854,-0.234
out,54.000,-25.438,39.862,-0.234
out,56.000,-27.438,39.860,-0.232
out,58.000,-29.438,39.863,-0.234
out,60.000,-31.438,39.873,-0.242
out,62.000,-33.438,39.868,-0.253
out,64.000,-35.437,39.810,-0.258
out,66.000,-37.430,39.656,-0.254
out,68.000,-39.409,39.378,-0.242
out,70.000,-41.365,38.964,-0.227
out,72.000,-43.285,38.409,-0.217
out,74.000,-45.157,37.710,-0.215
out,76.000,-46.967,36.862,-0.218
out,78.000,-48.700,35.868,-0.223
out,80.000,-50.347,34.735,-0.222
out,82.000,-51.897,33.473,-0.212
out,84.000,-53.342,32.093,-0.193
out,86.000,-54.673,30.602,-0.166
out,88.000,-55.885,29.013,-0.136
out,90.000,-56.975,27.338,-0.108
out,92.000,-57.940,25.588,-0.085
out,94.000,-58.772,23.770,-0.072
out,96.000,-59.460,21.894,-0.067
out,98.000,-59.987,19.966,-0.065
out,100.000,-60.340,18.000,-0.065
out,102.000,-60.529,16.010,-0.068
out,104.000,-60.586,14.011,-0.072
out,106.000,-60.552,12.012,-0.072
out,108.000,-60.465,10.014,-0.071
out,110.000,-60.347,8.018,-0.064
out,112.000,-60.212,6.022,-0.046
out,114.000,-60.068,4.028,-0.020
out,116.000,-59.921,2.033,0.009
out,118.000,-59.767,0.039,0.041
out,120.000,-59.608,-1.954,0.075
out,122.000,-59.450,-3.947,0.111
out,124.000,-59.297,-5.941,0.149
out,126.000,-59.145,-7.935,0.187
out,128.000,-58.994,-9.929,0.224
out,130.000,-58.844,-11.923,0.258
out,132.000,-58.697,-13.917,0.293
out,134.000,-58.554,-15.912,0.332
out,136.000,-58.412,-17.906,0.373
out,138.000,-58.270,-19.901,0.416
out,140.000,-58.127,-21.895,0.457
out,142.000,-57.983,-23.890,0.495
out,144.000,-57.837,-25.884,0.531
out,146.000,-57.689,-27.878,0.566
out,148.000,-57.540,-29.872,0.601
out,150.000,-57.391,-31.867,0.638
out,152.000,-57.243,-33.861,0.676
out,154.000,-57.094,-35.855,0.714
out,156.000,-56.942,-37.849,0.751
out,158.000,-56.790,-39.843,0.786
out,160.000,-56.637,-41.836,0.819
out,162.000,-56.486,-43.831,0.849
out,164.000,-56.338,-45.825,0.876
out,166.000,-56.192,-47.819,0.900
out,168.000,-56.050,-49.814,0.922
out,170.000,-55.911,-51.809,0.943
out,172.000,-55.773,-53.804,0.965
out,174.000,-55.632,-55.799,0.985
out,176.000,-55.491,-57.794,1.004
out,178.000,-55.352,-59.789,1.020
out,180.000,-55.214,-61.784,1.036
out,182.000,-55.076,-63.780,1.055
out,184.000,-54.939,-65.775,1.075
out,186.000,-54.807,-67.770,1.094
out,188.000,-54.688,-69.767,1.107
out,190.000,-54.590,-71.764,1.113
out,192.000,-54.525,-73.763,1.114
out,194.000,-54.507,-75.763,1.118
out,196.000,-54.546,-77.762,1.128
out,198.000,-54.649,-79.759,1.146
out,200.000,-54.824,-81.751,1.167
out,202.000,-55.097,-83.732,1.183
out,204.000,-55.502,-85.689,1.193
out,206.000,-56.060,-87.608,1.198
out,208.000,-56.774,-89.475,1.201
out,210.000,-57.636,-91.278,1.204
out,212.000,-58.622,-93.017,1.205
out,214.000,-59.688,-94.709,1.203
out,216.000,-60.790,-96.377,1.201
out,218.000,-61.904,-98.039,1.200
out,220.000,-63.021,-99.698,1.198
out,222.000,-64.138,-101.357,1.194
out,224.000,-65.253,-103.017,1.185
out,226.000,-66.366,-104.678,1.175
out,228.000,-67.479,-106.340,1.165
out,230.000,-68.594,-108.001,1.158
out,232.000,-69.710,-109.660,1.151
out,234.000,-70.827,-111.320,1.143
out,236.000,-71.942,-112.980,1.133
out,238.000,-73.055,-114.641,1.123
out,240.000,-74.163,-116.306,1.114
out,242.000,-75.268,-117.973,1.105
out,244.000,-76.372,-119.641,1.098
out,246.000,-77.478,-121.307,1.091
out,248.000,-78.591,-122.969,1.083
out,250.000,-79.707,-124.629,1.073
out,252.000,-80.824,-126.288,1.061
out,254.000,-81.938,-127.948,1.051
out,256.000,-83.050,-129.611,1.046
out,258.000,-84.159,-131.276,1.049
out,260.000,-85.265,-132.942,1.060
out,262.000,-86.369,-134.609,1.075
out,264.000,-87.473,-136.277,1.094
out,266.000,-88.577,-137.944,1.117
out,268.000,-89.685,-139.609,1.144
out,270.000,-90.795,-141.273,1.174
out,272.000,-91.906,-142.935,1.206
out,274.000,-93.016,-144.599,1.239
out,276.000,-94.126,-146.262,1.272
out,278.000,-95.237,-147.925,1.304
out,280.000,-96.349,-149.587,1.337
out,282.000,-97.463,-151.248,1.369
out,284.000,-98.576,-152.909,1.399
out,286.000,-99.687,-154.572,1.428
out,288.000,-100.798,-156.235,1.455
out,290.000,-101.909,-157.897,1.479
out,292.000,-103.022,-159.559,1.504
out,294.000,-104.136,-161.220,1.532
out,296.000,-105.250,-162.880,1.567
out,298.000,-106.363,-164.542,1.609
out,300.000,-107.474,-166.204,1.659
out,302.000,-108.583,-167.867,1.712
out,304.000,-109.693,-169.530,1.763
out,306.000,-110.803,-171.193,1.812
out,308.000,-111.914,-172.856,1.859
out,310.000,-113.023,-174.520,1.904
out,312.000,-114.129,-176.185,1.945
out,314.000,-115.236,-177.851,1.981
out,316.000,-116.344,-179.515,2.014
out,318.000,-117.454,-181.178,2.045
out,320.000,-118.568,-182.839,2.075
out,322.000,-119.686,-184.497,2.103
out,324.000,-120.807,-186.154,2.129
out,326.000,-121.925,-187.812,2.155
out,328.000,-123.037,-189.474,2.179
out,330.000,-124.144,-191.140,2.203
out,332.000,-125.247,-192.808,2.227
out,334.000,-126.352,-194.475,2.253
out,336.000,-127.463,-196.137,2.279
out,338.000,-128.582,-197.795,2.305
out,340.000,-129.705,-199.450,2.329
out,342.000,-130.825,-201.106,2.352
out,344.000,-131.939,-202.767,2.376
out,346.000,-133.047,-204.432,2.402
out,348.000,-134.153,-206.098,2.429
out,350.000,-135.257,-207.765,2.458
out,352.000,-136.362,-209.432,2.488
out,354.000,-137.467,-211.099,2.519
out,356.000,-138.573,-212.765,2.550
out,358.000,-139.681,-214.430,2.578
out,360.000,-140.790,-216.094,2.605
out,362.000,-141.899,-217.758,2.629
out,364.000,-143.006,-219.424,2.651
out,366.000,-144.113,-221.089,2.673
out,368.000,-145.222,-222.754,2.700
out,370.000,-146.335,-224.415,2.729
out,372.000,-147.451,-226.074,2.757
out,374.000,-148.566,-227.734,2.782
out,376.000,-149.677,-229.397,2.803
out,378.000,-150.783,-231.064,2.824
out,380.000,-151.886,-232.732,2.847
out,382.000,-152.988,-234.400,2.873
out,384.000,-154.095,-236.066,2.900
out,386.000,-155.203,-237.731,2.927
out,388.000,-156.313,-239.395,2.953
out,390.000,-157.421,-241.060,2.979
out,392.000,-158.528,-242.725,3.005
out,394.000,-159.635,-244.391,3.032
out,396.000,-160.743,-246.055,3.058
out,398.000,-161.853,-247.719,3.084
out,400.000,-162.961,-249.383,3.111
out,402.000,-164.068,-251.049,3.139
out,404.000,-165.173,-252.715,3.166
out,406.000,-166.281,-254.380,3.191
out,408.000,-167.393,-256.043,3.214
out,410.000,-168.508,-257.703,3.235
out,412.000,-169.622,-259.364,3.256
out,414.000,-170.736,-261.025,3.274
out,416.000,-171.847,-262.688,3.288
out,418.000,-172.958,-264.350,3.301
out,420.000,-174.070,-266.013,3.315
out,422.000,-175.181,-267.676,3.329
out,424.000,-176.289,-269.341,3.344
out,426.000,-177.397,-271.006,3.358
out,428.000,-178.507,-272.670,3.373
out,430.000,-179.618,-274.333,3.390
out,432.000,-180.727,-275.997,3.408
out,434.000,-181.835,-277.662,3.422
out,436.000,-182.941,-279.328,3.431
out,438.000,-184.049,-280.994,3.435
out,440.000,-185.159,-282.657,3.437
out,442.000,-186.272,-284.319,3.441
out,444.000,-187.386,-285.980,3.448
out,446.000,-188.498,-287.642,3.458
out,448.000,-189.607,-289.306,3.469
out,450.000,-190.715,-290.971,3.478
out,452.000,-191.823,-292.636,3.489
out,454.000,-192.934,-294.299,3.501
out,456.000,-194.046,-295.962,3.517
out,458.000,-195.158,-297.624,3.532
out,460.000,-196.269,-299.287,3.544
out,462.000,-197.378,-300.951,3.552
out,464.000,-198.486,-302.616,3.558
out,466.000,-199.593,-304.282,3.563
out,468.000,-200.700,-305.948,3.568
out,470.000,-201.807,-307.613,3.570
out,472.000,-202.915,-309.278,3.571
out,474.000,-204.025,-310.942,3.568
out,476.000,-205.135,-312.606,3.563
out,478.000,-206.245,-314.269,3.556
out,480.000,-207.355,-315.933,3.547
out,482.000,-208.463,-317.598,3.539
out,484.000,-209.571,-319.263,3.532
out,486.000,-210.678,-320.929,3.526
out,488.000,-211.786,-322.594,3.520
out,490.000,-212.895,-324.258,3.514
out,492.000,-214.006,-325.921,3.507
out,494.000,-215.118,-327.584,3.499
out,496.000,-216.230,-329.246,3.492
out,498.000,-217.341,-330.909,3.484
out,500.000,-218.450,-332.573,3.475
out,502.000,-219.556,-334.239,3.464
out,504.000,-220.662,-335.906,3.453
out,506.000,-221.769,-337.572,3.443
out,508.000,-222.877,-339.237,3.434
out,510.000,-223.986,-340.901,3.428
out,512.000,-225.095,-342.565,3.423
out,514.000,-226.203,-344.230,3.418
out,516.000,-227.310,-345.896,3.414
out,518.000,-228.418,-347.561,3.412
out,520.000,-229.526,-349.226,3.411
out,522.000,-230.633,-350.892,3.411
out,524.000,-231.740,-352.558,3.411
out,526.000,-232.846,-354.224,3.408
out,528.000,-233.953,-355.889,3.403
out,530.000,-235.064,-357.552,3.396
out,532.000,-236.178,-359.213,3.389
out,534.000,-237.293,-360.874,3.381
out,536.000,-238.406,-362.536,3.374
out,538.000,-239.516,-364.199,3.366
out,540.000,-240.625,-365.864,3.359
out,542.000,-241.731,-367.530,3.351
out,544.000,-242.838,-369.196,3.344
out,546.000,-243.946,-370.860,3.336
out,548.000,-245.056,-372.525,3.329
out,550.000,-246.166,-374.188,3.322
out,552.000,-247.278,-375.851,3.313
out,554.000,-248.393,-377.511,3.302
out,556.000,-249.508,-379.171,3.291
out,558.000,-250.621,-380.833,3.282
out,560.000,-251.730,-382.497,3.277
out,562.000,-252.836,-384.164,3.274
out,564.000,-253.940,-385.831,3.273
out,566.000,-255.047,-387.497,3.270
out,568.000,-256.160,-389.158,3.265
out,570.000,-257.282,-390.814,3.254
out,572.000,-258.413,-392.464,3.237
out,574.000,-259.551,-394.108,3.215
out,576.000,-260.695,-395.748,3.189
out,578.000,-261.843,-397.386,3.162
out,580.000,-262.996,-399.020,3.135
out,582.000,-264.156,-400.649,3.111
out,584.000,-265.324,-402.272,3.092
out,586.000,-266.504,-403.887,3.079
out,588.000,-267.697,-405.492,3.072
out,590.000,-268.908,-407.084,3.070
out,592.000,-270.136,-408.662,3.071
out,594.000,-271.384,-410.225,3.073
out,596.000,-272.651,-411.772,3.072
out,598.000,-273.939,-413.302,3.066
out,600.000,-275.248,-414.815,3.055
out,602.000,-276.575,-416.311,3.042
out,604.000,-277.917,-417.793,3.030
out,606.000,-279.269,-419.268,3.019
out,608.000,-280.624,-420.738,3.009
out,610.000,-281.982,-422.206,3.000
out,612.000,-283.347,-423.668,2.991
out,614.000,-284.723,-425.120,2.982
out,616.000,-286.112,-426.558,2.974
out,618.000,-287.515,-427.984,2.966
out,620.000,-288.929,-429.398,2.958
out,622.000,-290.352,-430.803,2.951
out,624.000,-291.783,-432.201,2.946
out,626.000,-293.219,-433.593,2.941
out,628.000,-294.661,-434.978,2.936
out,630.000,-296.110,-436.358,2.930
out,632.000,-297.566,-437.728,2.924
out,634.000,-299.035,-439.086,2.917
out,636.000,-300.520,-440.426,2.909
out,638.000,-302.023,-441.744,2.898
out,640.000,-303.545,-443.042,2.887
out,642.000,-305.080,-444.324,2.877
out,644.000,-306.624,-445.595,2.868
out,646.000,-308.176,-446.856,2.859
out,648.000,-309.738,-448.105,2.851
out,650.000,-311.313,-449.338,2.844
out,652.000,-312.900,-450.555,2.834
out,654.000,-314.497,-451.759,2.819
out,656.000,-316.102,-452.952,2.800
out,658.000,-317.715,-454.134,2.777
out,660.000,-319.334,-455.308,2.755
out,662.000,-320.957,-456.477,2.738
out,664.000,-322.580,-457.646,2.726
out,666.000,-324.198,-458.821,2.721
out,668.000,-325.811,-460.003,2.719
out,670.000,-327.424,-461.187,2.719
out,672.000,-329.043,-462.360,2.716
out,674.000,-330.678,-463.512,2.707
out,676.000,-332.334,-464.633,2.693
out,678.000,-334.011,-465.723,2.676
out,680.000,-335.705,-466.786,2.660
out,682.000,-337.414,-467.825,2.646
out,684.000,-339.134,-468.844,2.633
out,686.000,-340.863,-469.850,2.620
out,688.000,-342.598,-470.845,2.607
out,690.000,-344.336,-471.834,2.597
out,692.000,-346.079,-472.815,2.590
out,694.000,-347.828,-473.784,2.586
out,696.000,-349.584,-474.743,2.583
out,698.000,-351.344,-475.692,2.579
out,700.000,-353.111,-476.629,2.574
out,702.000,-354.887,-477.549,2.570
out,704.000,-356.671,-478.453,2.567
out,706.000,-358.460,-479.346,2.563
out,708.000,-360.252,-480.234,2.557
out,710.000,-362.047,-481.117,2.550
out,712.000,-363.847,-481.989,2.543
out,714.000,-365.654,-482.846,2.536
out,716.000,-367.470,-483.684,2.527
out,718.000,-369.292,-484.508,2.514
out,720.000,-371.119,-485.322,2.497
out,722.000,-372.949,-486.129,2.475
out,724.000,-374.783,-486.926,2.455
out,726.000,-376.622,-487.712,2.437
out,728.000,-378.467,-488.483,2.423
out,730.000,-380.318,-489.241,2.410
out,732.000,-382.172,-489.992,2.396
out,734.000,-384.026,-490.741,2.379
out,736.000,-385.881,-491.488,2.356
out,738.000,-387.737,-492.232,2.327
out,740.000,-389.595,-492.972,2.294
out,742.000,-391.455,-493.707,2.261
out,744.000,-393.316,-494.439,2.232
out,746.000,-395.178,-495.169,2.205
out,748.000,-397.040,-495.897,2.181
out,750.000,-398.904,-496.623,2.157
out,752.000,-400.768,-497.348,2.134
out,754.000,-402.633,-498.070,2.111
out,756.000,-404.499,-498.788,2.087
out,758.000,-406.369,-499.496,2.059
out,760.000,-408.244,-500.192,2.026
out,762.000,-410.124,-500.873,1.987
out,764.000,-412.009,-501.541,1.943
out,766.000,-413.898,-502.196,1.898
out,768.000,-415.791,-502.838,1.854
out,770.000,-417.690,-503.466,1.808
out,772.000,-419.593,-504.079,1.759
out,774.000,-421.501,-504.677,1.709
out,776.000,-423.413,-505.259,1.660
out,778.000,-425.331,-505.824,1.613
out,780.000,-427.256,-506.367,1.570
out,782.000,-429.187,-506.887,1.529
out,784.000,-431.123,-507.384,1.488
out,786.000,-433.066,-507.859,1.445
out,788.000,-435.012,-508.317,1.397
out,790.000,-436.962,-508.758,1.342
out,792.000,-438.915,-509.183,1.283
out,794.000,-440.871,-509.597,1.225
out,796.000,-442.829,-510.001,1.173
out,798.000,-444.789,-510.398,1.125
out,800.000,-446.750,-510.788,1.077
out,802.000,-448.712,-511.171,1.026
out,804.000,-450.676,-511.546,0.975
out,806.000,-452.641,-511.916,0.927
out,808.000,-454.606,-512.286,0.886
out,810.000,-456.571,-512.657,0.851
out,812.000,-458.536,-513.028,0.818
out,814.000,-460.501,-513.395,0.782
out,816.000,-462.468,-513.757,0.742
out,818.000,-464.437,-514.107,0.700
out,820.000,-466.408,-514.444,0.656
out,822.000,-468.381,-514.769,0.612
out,824.000,-470.354,-515.089,0.568
out,826.000,-472.328,-515.407,0.523
out,828.000,-474.302,-515.727,0.477
out,830.000,-476.276,-516.045,0.433
out,832.000,-478.251,-516.359,0.390
out,834.000,-480.227,-516.663,0.348
out,836.000,-482.205,-516.956,0.306
out,838.000,-484.184,-517.243,0.261
out,840.000,-486.163,-517.526,0.215
out,842.000,-488.143,-517.807,0.170
out,844.000,-490.123,-518.083,0.128
out,846.000,-492.105,-518.353,0.088
out,848.000,-494.087,-518.617,0.045
out,850.000,-496.069,-518.877,0.004
out,852.000,-498.052,-519.134,-0.037
out,854.000,-500.035,-519.390,-0.078
out,856.000,-502.019,-519.646,-0.119
out,858.000,-504.002,-519.903,-0.160
out,860.000,-505.984,-520.163,-0.201
out,862.000,-507.967,-520.425,-0.240
out,864.000,-509.949,-520.688,-0.278
out,866.000,-511.931,-520.952,-0.315
out,868.000,-513.913,-521.216,-0.351
out,870.000,-515.895,-521.479,-0.387
out,872.000,-517.878,-521.742,-0.421
out,874.000,-519.860,-522.006,-0.455
out,876.000,-521.842,-522.274,-0.491
out,878.000,-523.823,-522.543,-0.528
out,880.000,-525.805,-522.810,-0.563
out,882.000,-527.787,-523.076,-0.594
out,884.000,-529.769,-523.340,-0.618
out,886.000,-531.752,-523.603,-0.642
out,888.000,-533.735,-523.863,-0.668
out,890.000,-535.718,-524.120,-0.696
out,892.000,-537.701,-524.376,-0.724
out,894.000,-539.684,-524.634,-0.753
out,896.000,-541.667,-524.893,-0.783
out,898.000,-543.650,-525.155,-0.816
out,900.000,-545.632,-525.417,-0.853
out,902.000,-547.614,-525.680,-0.893
out,904.000,-549.596,-525.945,-0.935
out,906.000,-551.578,-526.211,-0.975
out,908.000,-553.560,-526.478,-1.013
out,910.000,-555.542,-526.745,-1.049
out,912.000,-557.523,-527.010,-1.087
out,914.000,-559.506,-527.275,-1.123
out,916.000,-561.488,-527.538,-1.155
out,918.000,-563.471,-527.800,-1.186
out,920.000,-565.453,-528.060,-1.214
out,922.000,-567.436,-528.321,-1.239
out,924.000,-569.418,-528.584,-1.262
out,926.000,-571.401,-528.850,-1.288
out,928.000,-573.383,-529.115,-1.318
out,930.000,-575.365,-529.380,-1.350
out,932.000,-577.347,-529.644,-1.383
out,934.000,-579.329,-529.908,-1.416
out,936.000,-581.312,-530.172,-1.447
out,938.000,-583.294,-530.436,-1.476
out,940.000,-585.276,-530.703,-1.503
out,942.000,-587.257,-530.973,-1.528
out,944.000,-589.239,-531.244,-1.551
out,946.000,-591.220,-531.515,-1.575
out,948.000,-593.202,-531.783,-1.601
out,950.000,-595.184,-532.047,-1.627
out,952.000,-597.167,-532.309,-1.654
out,954.000,-599.149,-532.570,-1.681
out,956.000,-601.132,-532.833,-1.708
out,958.000,-603.114,-533.097,-1.736
out,960.000,-605.097,-533.361,-1.766
out,962.000,-607.079,-533.626,-1.796
out,964.000,-609.061,-533.892,-1.825
out,966.000,-611.043,-534.160,-1.851
out,968.000,-613.024,-534.428,-1.876
out,970.000,-615.006,-534.698,-1.899
out,972.000,-616.987,-534.968,-1.923
out,974.000,-618.969,-535.237,-1.948
out,976.000,-620.951,-535.507,-1.976
out,978.000,-622.931,-535.782,-2.007
out,980.000,-624.911,-536.062,-2.039
out,982.000,-626.892,-536.339,-2.069
out,984.000,-628.873,-536.609,-2.094
out,986.000,-630.856,-536.870,-2.114
out,988.000,-632.840,-537.124,-2.127
out,990.000,-634.824,-537.380,-2.134
out,992.000,-636.806,-537.641,-2.137
out,994.000,-638.789,-537.907,-2.140
out,996.000,-640.770,-538.176,-2.144
out,998.000,-642.753,-538.442,-2.149
out,1000.000,-644.735,-538.705,-2.156
out,1002.000,-646.718,-538.964,-2.165
out,1004.000,-648.702,-539.220,-2.178
out,1006.000,-650.686,-539.471,-2.193
out,1008.000,-652.671,-539.717,-2.208
out,1010.000,-654.656,-539.958,-2.221
out,1012.000,-656.642,-540.194,-2.231
out,1014.000,-658.629,-540.423,-2.242
out,1016.000,-660.617,-540.643,-2.254
out,1018.000,-662.605,-540.856,-2.266
out,1020.000,-664.594,-541.066,-2.278
out,1022.000,-666.583,-541.277,-2.287
out,1024.000,-668.572,-541.490,-2.296
out,1026.000,-670.560,-541.705,-2.308
out,1028.000,-672.548,-541.920,-2.322
out,1030.000,-674.537,-542.131,-2.338
out,1032.000,-676.527,-542.334,-2.355
out,1034.000,-678.517,-542.529,-2.370
out,1036.000,-680.509,-542.715,-2.382
out,1038.000,-682.501,-542.893,-2.391
out,1040.000,-684.493,-543.062,-2.400
out,1042.000,-686.487,-543.224,-2.412
out,1044.000,-688.480,-543.384,-2.428
out,1046.000,-690.474,-543.542,-2.443
out,1048.000,-692.468,-543.697,-2.457
out,1050.000,-694.462,-543.854,-2.468
out,1052.000,-696.455,-544.019,-2.474
out,1054.000,-698.448,-544.190,-2.477
out,1056.000,-700.440,-544.358,-2.477
out,1058.000,-702.435,-544.512,-2.477
out,1060.000,-704.430,-544.648,-2.480
out,1062.000,-706.426,-544.775,-2.487
out,1064.000,-708.422,-544.903,-2.496
out,1066.000,-710.417,-545.043,-2.506
out,1068.000,-712.411,-545.196,-2.516
out,1070.000,-714.404,-545.358,-2.525
out,1072.000,-716.398,-545.521,-2.532
out,1074.000,-718.392,-545.676,-2.538
out,1076.000,-720.386,-545.823,-2.541
out,1078.000,-722.381,-545.967,-2.543
out,1080.000,-724.376,-546.112,-2.542
out,1082.000,-726.370,-546.259,-2.538
out,1084.000,-728.365,-546.408,-2.534
out,1086.000,-730.359,-546.555,-2.530
out,1088.000,-732.354,-546.698,-2.526
out,1090.000,-734.349,-546.836,-2.522
out,1092.000,-736.345,-546.969,-2.516
out,1094.000,-738.341,-547.101,-2.512
out,1096.000,-740.336,-547.233,-2.511
out,1098.000,-742.332,-547.365,-2.515
out,1100.000,-744.328,-547.497,-2.522
out,1102.000,-746.323,-547.636,-2.528
out,1104.000,-748.317,-547.791,-2.529
out,1106.000,-750.309,-547.960,-2.522
out,1108.000,-752.302,-548.135,-2.505
out,1110.000,-754.295,-548.300,-2.481
out,1112.000,-756.290,-548.432,-2.455
out,1114.000,-758.288,-548.506,-2.433
out,1116.000,-760.288,-548.502,-2.420
out,1118.000,-762.286,-548.425,-2.418
out,1120.000,-764.281,-548.279,-2.423
out,1122.000,-766.270,-548.069,-2.432
out,1124.000,-768.252,-547.809,-2.441
out,1126.000,-770.231,-547.517,-2.448
out,1128.000,-772.208,-547.215,-2.455
out,1130.000,-774.187,-546.929,-2.465
out,1132.000,-776.173,-546.687,-2.477
out,1134.000,-778.164,-546.502,-2.490
out,1136.000,-780.160,-546.380,-2.502
out,1138.000,-782.159,-546.325,-2.511
out,1140.000,-784.159,-546.332,-2.518
out,1142.000,-786.158,-546.389,-2.521
out,1144.000,-788.156,-546.479,-2.525
out,1146.000,-790.153,-546.585,-2.532
out,1148.000,-792.149,-546.700,-2.543
out,1150.000,-794.146,-546.822,-2.559
out,1152.000,-796.142,-546.950,-2.576
out,1154.000,-798.137,-547.082,-2.593
out,1156.000,-800.132,-547.217,-2.607
out,1158.000,-802.128,-547.355,-2.620
out,1160.000,-804.123,-547.493,-2.630
out,1162.000,-806.118,-547.631,-2.640
out,1164.000,-808.113,-547.769,-2.651
out,1166.000,-810.109,-547.905,-2.662
out,1168.000,-812.104,-548.041,-2.675
out,1170.000,-814.099,-548.180,-2.689
out,1172.000,-816.094,-548.321,-2.702
out,1174.000,-818.089,-548.461,-2.716
out,1176.000,-820.084,-548.598,-2.731
out,1178.000,-822.080,-548.733,-2.746
out,1180.000,-824.075,-548.870,-2.760
out,1182.000,-826.070,-549.011,-2.774
out,1184.000,-828.065,-549.155,-2.789
out,1186.000,-830.059,-549.298,-2.805
out,1188.000,-832.054,-549.439,-2.825
out,1190.000,-834.050,-549.577,-2.848
out,1192.000,-836.045,-549.712,-2.874
out,1194.000,-838.040,-549.846,-2.900
out,1196.000,-840.035,-549.980,-2.927
out,1198.000,-842.031,-550.116,-2.955
out,1200.000,-844.025,-550.256,-2.986
out,1202.000,-846.020,-550.396,-3.018
out,1204.000,-848.015,-550.536,-3.050
out,1206.000,-850.010,-550.676,-3.081
out,1208.000,-852.005,-550.813,-3.111
out,1210.000,-854.000,-550.950,-3.140
out,1212.000,-855.995,-551.085,-3.167
out,1214.000,-857.991,-551.222,-3.192
out,1216.000,-859.986,-551.361,-3.218
out,1218.000,-861.981,-551.500,-3.243
out,1220.000,-863.976,-551.636,-3.268
out,1222.000,-865.971,-551.769,-3.294
out,1224.000,-867.967,-551.900,-3.319
out,1226.000,-869.962,-552.032,-3.342
out,1228.000,-871.958,-552.166,-3.363
out,1230.000,-873.953,-552.302,-3.382
out,1232.000,-875.948,-552.438,-3.400
out,1234.000,-877.943,-552.574,-3.419
out,1236.000,-879.939,-552.709,-3.439
out,1238.000,-881.934,-552.844,-3.460
out,1240.000,-883.929,-552.981,-3.481
out,1242.000,-885.924,-553.120,-3.501
out,1244.000,-887.919,-553.260,-3.518
out,1246.000,-889.914,-553.400,-3.533
out,1248.000,-891.910,-553.537,-3.548
out,1250.000,-893.905,-553.672,-3.564
out,1252.000,-895.900,-553.807,-3.583
out,1254.000,-897.896,-553.943,-3.604
out,1256.000,-899.891,-554.078,-3.626
out,1258.000,-901.886,-554.213,-3.646
out,1260.000,-903.882,-554.349,-3.665
out,1262.000,-905.877,-554.483,-3.683
out,1264.000,-907.873,-554.615,-3.700
out,1266.000,-909.868,-554.746,-3.716
out,1268.000,-911.864,-554.879,-3.732
out,1270.000,-913.859,-555.015,-3.747
out,1272.000,-915.854,-555.150,-3.764
out,1274.000,-917.850,-555.285,-3.782
out,1276.000,-919.845,-555.419,-3.799
out,1278.000,-921.841,-555.552,-3.815
out,1280.000,-923.836,-555.687,-3.830
out,1282.000,-925.831,-555.823,-3.845
out,1284.000,-927.827,-555.961,-3.862
out,1286.000,-929.822,-556.100,-3.879
out,1288.000,-931.817,-556.238,-3.895
out,1290.000,-933.812,-556.374,-3.910
out,1292.000,-935.808,-556.509,-3.925
out,1294.000,-937.803,-556.643,-3.941
out,1296.000,-939.798,-556.778,-3.957
out,1298.000,-941.794,-556.914,-3.974
out,1300.000,-943.789,-557.048,-3.991
out,1302.000,-945.785,-557.182,-4.007
out,1304.000,-947.780,-557.318,-4.024
out,1306.000,-949.775,-557.457,-4.039
out,1308.000,-951.770,-557.596,-4.052
out,1310.000,-953.765,-557.734,-4.063
out,1312.000,-955.761,-557.871,-4.072
out,1314.000,-957.756,-558.005,-4.081
out,1316.000,-959.752,-558.138,-4.092
out,1318.000,-961.747,-558.272,-4.104
out,1320.000,-963.742,-558.408,-4.117
out,1322.000,-965.738,-558.546,-4.128
out,1324.000,-967.733,-558.687,-4.139
out,1326.000,-969.728,-558.828,-4.148
out,1328.000,-971.723,-558.966,-4.157
out,1330.000,-973.718,-559.100,-4.167
out,1332.000,-975.714,-559.233,-4.177
out,1334.000,-977.709,-559.367,-4.186
out,1336.000,-979.705,-559.505,-4.196
out,1338.000,-981.700,-559.645,-4.206
out,1340.000,-983.695,-559.786,-4.218
out,1342.000,-985.690,-559.924,-4.231
out,1344.000,-987.685,-560.058,-4.246
out,1346.000,-989.681,-560.189,-4.263
out,1348.000,-991.676,-560.320,-4.281
out,1350.000,-993.672,-560.453,-4.302
out,1352.000,-995.667,-560.590,-4.326
out,1354.000,-997.662,-560.728,-4.351
out,1356.000,-999.657,-560.864,-4.378
out,1358.000,-1001.653,-561.001,-4.405
out,1360.000,-1003.648,-561.137,-4.430
out,1362.000,-1005.643,-561.276,-4.454
out,1364.000,-1007.638,-561.414,-4.478
out,1366.000,-1009.633,-561.551,-4.501
out,1368.000,-1011.628,-561.689,-4.524
out,1370.000,-1013.623,-561.826,-4.545
out,1372.000,-1015.619,-561.962,-4.563
out,1374.000,-1017.614,-562.094,-4.581
out,1376.000,-1019.610,-562.224,-4.598
out,1378.000,-1021.606,-562.354,-4.616
out,1380.000,-1023.601,-562.486,-4.634
out,1382.000,-1025.596,-562.622,-4.652
out,1384.000,-1027.591,-562.763,-4.670
out,1386.000,-1029.586,-562.906,-4.687
out,1388.000,-1031.581,-563.050,-4.702
out,1390.000,-1033.576,-563.192,-4.716
out,1392.000,-1035.571,-563.329,-4.729
out,1394.000,-1037.567,-563.462,-4.740
out,1396.000,-1039.562,-563.592,-4.752
out,1398.000,-1041.558,-563.723,-4.766
out,1400.000,-1043.554,-563.855,-4.782
out,1402.000,-1045.549,-563.990,-4.799
out,1404.000,-1047.544,-564.127,-4.817
out,1406.000,-1049.539,-564.267,-4.836
out,1408.000,-1051.534,-564.408,-4.854
out,1410.000,-1053.529,-564.546,-4.872
out,1412.000,-1055.524,-564.683,-4.892
out,1414.000,-1057.520,-564.819,-4.915
out,1416.000,-1059.515,-564.953,-4.940
out,1418.000,-1061.510,-565.086,-4.968
out,1420.000,-1063.506,-565.217,-4.999
out,1422.000,-1065.501,-565.348,-5.033
out,1424.000,-1067.496,-565.482,-5.070
out,1426.000,-1069.491,-565.618,-5.107
out,1428.000,-1071.487,-565.753,-5.145
out,1430.000,-1073.482,-565.887,-5.182
out,1432.000,-1075.477,-566.020,-5.220
out,1434.000,-1077.472,-566.156,-5.258
out,1436.000,-1079.467,-566.293,-5.294
out,1438.000,-1081.462,-566.432,-5.327
out,1440.000,-1083.457,-566.571,-5.358
out,1442.000,-1085.452,-566.708,-5.387
out,1444.000,-1087.447,-566.841,-5.413
out,1446.000,-1089.443,-566.972,-5.440
out,1448.000,-1091.438,-567.104,-5.466
out,1450.000,-1093.433,-567.238,-5.492
out,1452.000,-1095.429,-567.376,-5.515
out,1454.000,-1097.424,-567.515,-5.535
out,1456.000,-1099.419,-567.655,-5.554
out,1458.000,-1101.414,-567.795,-5.570
out,1460.000,-1103.409,-567.932,-5.584
out,1462.000,-1105.404,-568.067,-5.595
out,1464.000,-1107.400,-568.200,-5.603
out,1466.000,-1109.396,-568.331,-5.607
out,1468.000,-1111.391,-568.460,-5.609
out,1470.000,-1113.387,-568.591,-5.610
out,1472.000,-1115.383,-568.726,-5.610
out,1474.000,-1117.378,-568.864,-5.611
out,1476.000,-1119.373,-569.003,-5.614
out,1478.000,-1121.368,-569.141,-5.622
out,1480.000,-1123.363,-569.279,-5.633
out,1482.000,-1125.359,-569.414,-5.650
out,1484.000,-1127.354,-569.549,-5.671
out,1486.000,-1129.349,-569.684,-5.695
out,1488.000,-1131.344,-569.822,-5.720
out,1490.000,-1133.340,-569.960,-5.746
out,1492.000,-1135.335,-570.096,-5.774
out,1494.000,-1137.330,-570.231,-5.803
out,1496.000,-1139.325,-570.367,-5.833
out,1498.000,-1141.320,-570.502,-5.865
out,1500.000,-1143.316,-570.636,-5.898
out,1502.000,-1145.311,-570.767,-5.932
out,1504.000,-1147.306,-570.898,-5.966
out,1506.000,-1149.302,-571.029,-6.003
out,1508.000,-1151.297,-571.157,-6.042
out,1510.000,-1153.293,-571.285,-6.078
out,1512.000,-1155.288,-571.418,-6.112
out,1514.000,-1157.283,-571.555,-6.146
out,1516.000,-1159.278,-571.693,-6.183
out,1518.000,-1161.273,-571.832,-6.223
out,1520.000,-1163.268,-571.969,-6.266
out,1522.000,-1165.263,-572.104,-6.310
out,1524.000,-1167.257,-572.239,-6.355
out,1526.000,-1169.252,-572.373,-6.398
out,1528.000,-1171.248,-572.507,-6.440
out,1530.000,-1173.243,-572.643,-6.481
out,1532.000,-1175.237,-572.780,-6.521
out,1534.000,-1177.232,-572.918,-6.561
out,1536.000,-1179.227,-573.055,-6.602
out,1538.000,-1181.222,-573.188,-6.645
out,1540.000,-1183.217,-573.319,-6.689
out,1542.000,-1185.213,-573.450,-6.735
out,1544.000,-1187.208,-573.582,-6.782
out,1546.000,-1189.203,-573.713,-6.828
out,1548.000,-1191.198,-573.845,-6.872
out,1550.000,-1193.193,-573.980,-6.914
out,1552.000,-1195.188,-574.119,-6.955
out,1554.000,-1197.182,-574.258,-6.999
out,1556.000,-1199.177,-574.395,-7.047
out,1558.000,-1201.172,-574.528,-7.097
out,1560.000,-1203.167,-574.661,-7.148
out,1562.000,-1205.162,-574.794,-7.199
out,1564.000,-1207.157,-574.928,-7.251
out,1566.000,-1209.152,-575.062,-7.306
out,1568.000,-1211.146,-575.198,-7.360
out,1570.000,-1213.141,-575.334,-7.413
out,1572.000,-1215.135,-575.473,-7.462
out,1574.000,-1217.130,-575.611,-7.510
out,1576.000,-1219.125,-575.750,-7.560
out,1578.000,-1221.119,-575.887,-7.613
out,1580.000,-1223.114,-576.022,-7.667
out,1582.000,-1225.109,-576.155,-7.722
out,1584.000,-1227.104,-576.289,-7.775
out,1586.000,-1229.098,-576.424,-7.829
out,1588.000,-1231.093,-576.560,-7.884
out,1590.000,-1233.087,-576.698,-7.942
out,1592.000,-1235.082,-576.836,-8.003
out,1594.000,-1237.076,-576.973,-8.065
out,1596.000,-1239.070,-577.109,-8.127
out,1598.000,-1241.065,-577.243,-8.184
out,1600.000,-1243.060,-577.376,-8.242
out,1602.000,-1245.054,-577.510,-8.306
out,1604.000,-1247.049,-577.644,-8.371
out,1606.000,-1249.043,-577.780,-8.434
out,1608.000,-1251.037,-577.917,-8.497
out,1610.000,-1253.032,-578.053,-8.562
out,1612.000,-1255.026,-578.187,-8.630
out,1614.000,-1257.020,-578.322,-8.699
out,1616.000,-1259.014,-578.458,-8.769
out,1618.000,-1261.008,-578.594,-8.838
out,1620.000,-1263.003,-578.730,-8.907
out,1622.000,-1264.997,-578.863,-8.974
out,1624.000,-1266.992,-578.994,-9.040
out,1626.000,-1268.986,-579.127,-9.105
out,1628.000,-1270.981,-579.262,-9.170
out,1630.000,-1272.975,-579.397,-9.236
out,1632.000,-1274.969,-579.532,-9.305
out,1634.000,-1276.964,-579.667,-9.373
out,1636.000,-1278.958,-579.803,-9.440
out,1638.000,-1280.952,-579.940,-9.508
out,1640.000,-1282.946,-580.078,-9.580
out,1642.000,-1284.940,-580.215,-9.655
out,1644.000,-1286.934,-580.352,-9.729
out,1646.000,-1288.928,-580.489,-9.800
out,1648.000,-1290.922,-580.626,-9.868
out,1650.000,-1292.916,-580.763,-9.933
out,1652.000,-1294.910,-580.902,-9.999
out,1654.000,-1296.904,-581.042,-10.066
out,1656.000,-1298.898,-581.180,-10.135
out,1658.000,-1300.892,-581.315,-10.204
out,1660.000,-1302.887,-581.447,-10.276
out,1662.000,-1304.881,-581.581,-10.350
out,1664.000,-1306.875,-581.720,-10.425
out,1666.000,-1308.868,-581.865,-10.501
out,1668.000,-1310.861,-582.015,-10.576
out,1670.000,-1312.854,-582.163,-10.652
out,1672.000,-1314.848,-582.305,-10.725
out,1674.000,-1316.841,-582.444,-10.796
out,1676.000,-1318.835,-582.583,-10.866
out,1678.000,-1320.829,-582.724,-10.939
out,1680.000,-1322.823,-582.865,-11.016
out,1682.000,-1324.816,-583.007,-11.095
out,1684.000,-1326.810,-583.148,-11.172
out,1686.000,-1328.803,-583.291,-11.247
out,1688.000,-1330.796,-583.434,-11.322
out,1690.000,-1332.790,-583.578,-11.398
out,1692.000,-1334.783,-583.721,-11.476
out,1694.000,-1336.777,-583.863,-11.554
out,1696.000,-1338.770,-584.006,-11.628
out,1698.000,-1340.764,-584.146,-11.698
out,1700.000,-1342.758,-584.285,-11.766
out,1702.000,-1344.752,-584.422,-11.834
out,1704.000,-1346.746,-584.557,-11.903
out,1706.000,-1348.741,-584.692,-11.976
out,1708.000,-1350.734,-584.825,-12.057
out,1710.000,-1352.728,-584.960,-12.152
out,1712.000,-1354.721,-585.098,-12.248
out,1714.000,-1356.714,-585.233,-12.339
out,1716.000,-1358.708,-585.360,-12.430
out,1718.000,-1360.702,-585.480,-12.522
out,1720.000,-1362.696,-585.606,-12.612
out,1722.000,-1364.688,-585.759,-12.696
out,1724.000,-1366.677,-585.959,-12.772
out,1726.000,-1368.658,-586.224,-12.840
out,1728.000,-1370.628,-586.561,-12.901
out,1730.000,-1372.586,-586.966,-12.957
out,1732.000,-1374.531,-587.426,-13.013
out,1734.000,-1376.468,-587.924,-13.071
out,1736.000,-1378.397,-588.447,-13.134
out,1738.000,-1380.322,-588.984,-13.202
out,1740.000,-1382.249,-589.515,-13.276
out,1742.000,-1384.183,-590.017,-13.355
out,1744.000,-1386.129,-590.472,-13.438
out,1746.000,-1388.088,-590.867,-13.526
out,1748.000,-1390.058,-591.193,-13.616
out,1750.000,-1392.040,-591.452,-13.705
out,1752.000,-1394.027,-591.654,-13.791
out,1754.000,-1396.019,-591.816,-13.872
out,1756.000,-1398.013,-591.956,-13.944
out,1758.000,-1400.008,-592.082,-14.011
out,1760.000,-1402.003,-592.200,-14.073
out,1762.000,-1403.999,-592.317,-14.132
out,1764.000,-1405.994,-592.439,-14.190
out,1766.000,-1407.990,-592.565,-14.250
out,1768.000,-1409.985,-592.689,-14.312
out,1770.000,-1411.980,-592.809,-14.375
out,1772.000,-1413.976,-592.927,-14.438
out,1774.000,-1415.971,-593.049,-14.500
out,1776.000,-1417.966,-593.172,-14.561
out,1778.000,-1419.961,-593.295,-14.622
out,1780.000,-1421.957,-593.417,-14.684
out,1782.000,-1423.952,-593.537,-14.746
out,1784.000,-1425.948,-593.655,-14.808
out,1786.000,-1427.943,-593.771,-14.870
out,1788.000,-1429.939,-593.886,-14.931
out,1790.000,-1431.935,-594.000,-14.992
out,1792.000,-1433.931,-594.116,-15.056
out,1794.000,-1435.926,-594.234,-15.123
out,1796.000,-1437.921,-594.351,-15.192
out,1798.000,-1439.917,-594.465,-15.262
out,1800.000,-1441.913,-594.573,-15.335
out,1802.000,-1443.909,-594.677,-15.407
out,1804.000,-1445.905,-594.779,-15.480
out,1806.000,-1447.901,-594.885,-15.552
out,1808.000,-1449.896,-594.995,-15.623
out,1810.000,-1451.892,-595.110,-15.694
out,1812.000,-1453.887,-595.227,-15.764
out,1814.000,-1455.882,-595.347,-15.835
out,1816.000,-1457.878,-595.466,-15.905
out,1818.000,-1459.873,-595.583,-15.974
out,1820.000,-1461.868,-595.697,-16.043
out,1822.000,-1463.864,-595.809,-16.114
out,1824.000,-1465.860,-595.917,-16.186
out,1826.000,-1467.856,-596.022,-16.258
out,1828.000,-1469.851,-596.131,-16.333
out,1830.000,-1471.847,-596.245,-16.411
out,1832.000,-1473.842,-596.362,-16.490
out,1834.000,-1475.837,-596.479,-16.566
out,1836.000,-1477.832,-596.592,-16.640
out,1838.000,-1479.828,-596.705,-16.712
out,1840.000,-1481.823,-596.820,-16.782
out,1842.000,-1483.818,-596.940,-16.850
out,1844.000,-1485.813,-597.065,-16.916
out,1846.000,-1487.808,-597.191,-16.982
out,1848.000,-1489.803,-597.314,-17.049
out,1850.000,-1491.799,-597.432,-17.118
out,1852.000,-1493.794,-597.545,-17.188
out,1854.000,-1495.790,-597.655,-17.259
out,1856.000,-1497.786,-597.768,-17.330
out,1858.000,-1499.781,-597.885,-17.399
out,1860.000,-1501.776,-598.007,-17.467
out,1862.000,-1503.771,-598.132,-17.535
out,1864.000,-1505.766,-598.254,-17.604
out,1866.000,-1507.761,-598.370,-17.674
out,1868.000,-1509.757,-598.482,-17.743
out,1870.000,-1511.753,-598.591,-17.808
out,1872.000,-1513.749,-598.700,-17.867
out,1874.000,-1515.745,-598.812,-17.923
out,1876.000,-1517.741,-598.926,-17.981
out,1878.000,-1519.737,-599.045,-18.043
out,1880.000,-1521.732,-599.167,-18.108
out,1882.000,-1523.727,-599.289,-18.173
out,1884.000,-1525.723,-599.408,-18.235
out,1886.000,-1527.718,-599.523,-18.293
out,1888.000,-1529.714,-599.637,-18.352
out,1890.000,-1531.710,-599.754,-18.413
out,1892.000,-1533.705,-599.874,-18.476
out,1894.000,-1535.700,-599.999,-18.541
out,1896.000,-1537.695,-600.124,-18.607
out,1898.000,-1539.691,-600.246,-18.674
out,1900.000,-1541.686,-600.364,-18.741
out,1902.000,-1543.682,-600.478,-18.808
out,1904.000,-1545.677,-600.593,-18.875
out,1906.000,-1547.673,-600.709,-18.942
out,1908.000,-1549.668,-600.827,-19.008
out,1910.000,-1551.664,-600.944,-19.072
out,1912.000,-1553.659,-601.061,-19.133
out,1914.000,-1555.655,-601.179,-19.192
out,1916.000,-1557.651,-601.298,-19.249
out,1918.000,-1559.646,-601.419,-19.306
out,1920.000,-1561.642,-601.541,-19.363
out,1922.000,-1563.637,-601.662,-19.423
out,1924.000,-1565.632,-601.781,-19.486
out,1926.000,-1567.628,-601.899,-19.549
out,1928.000,-1569.624,-602.014,-19.609
out,1930.000,-1571.620,-602.128,-19.665
out,1932.000,-1573.616,-602.242,-19.718
out,1934.000,-1575.612,-602.357,-19.769
out,1936.000,-1577.608,-602.474,-19.819
out,1938.000,-1579.604,-602.593,-19.866
out,1940.000,-1581.600,-602.711,-19.910
out,1942.000,-1583.596,-602.828,-19.952
out,1944.000,-1585.592,-602.944,-19.996
out,1946.000,-1587.588,-603.060,-20.043
out,1948.000,-1589.584,-603.179,-20.094
out,1950.000,-1591.580,-603.300,-20.146
out,1952.000,-1593.575,-603.421,-20.196
out,1954.000,-1595.572,-603.535,-20.240
out,1956.000,-1597.568,-603.645,-20.280
out,1958.000,-1599.565,-603.754,-20.320
out,1960.000,-1601.561,-603.869,-20.362
out,1962.000,-1603.557,-603.992,-20.403
out,1964.000,-1605.552,-604.121,-20.441
out,1966.000,-1607.548,-604.250,-20.473
out,1968.000,-1609.544,-604.375,-20.499
out,1970.000,-1611.540,-604.495,-20.521
out,1972.000,-1613.536,-604.613,-20.542
out,1974.000,-1615.533,-604.732,-20.562
out,1976.000,-1617.529,-604.852,-20.582
out,1978.000,-1619.526,-604.969,-20.599
out,1980.000,-1621.522,-605.081,-20.616
out,1982.000,-1623.519,-605.191,-20.632
out,1984.000,-1625.516,-605.306,-20.651
out,1986.000,-1627.512,-605.430,-20.672
out,1988.000,-1629.507,-605.562,-20.693
out,1990.000,-1631.503,-605.696,-20.710
out,1992.000,-1633.498,-605.828,-20.722
out,1994.000,-1635.494,-605.958,-20.731
out,1996.000,-1637.490,-606.086,-20.739
out,1998.000,-1639.486,-606.218,-20.747
out,2000.000,-1641.481,-606.355,-20.757
out,2002.000,-1643.476,-606.496,-20.767
out,2004.000,-1645.471,-606.641,-20.774
out,2006.000,-1647.465,-606.788,-20.777
out,2008.000,-1649.460,-606.935,-20.776
out,2010.000,-1651.455,-607.078,-20.772
out,2012.000,-1653.450,-607.216,-20.767
out,2014.000,-1655.445,-607.350,-20.761
out,2016.000,-1657.441,-607.487,-20.756
out,2018.000,-1659.435,-607.634,-20.754
out,2020.000,-1661.429,-607.795,-20.754
out,2022.000,-1663.421,-607.968,-20.755
out,2024.000,-1665.413,-608.154,-20.755
out,2026.000,-1667.403,-608.352,-20.754
out,2028.000,-1669.392,-608.563,-20.753
out,2030.000,-1671.379,-608.784,-20.751
out,2032.000,-1673.367,-609.010,-20.749
out,2034.000,-1675.354,-609.237,-20.746
out,2036.000,-1677.341,-609.462,-20.743
out,2038.000,-1679.328,-609.690,-20.740
out,2040.000,-1681.314,-609.929,-20.739
out,2042.000,-1683.297,-610.185,-20.738
out,2044.000,-1685.278,-610.459,-20.738
out,2046.000,-1687.258,-610.746,-20.735
out,2048.000,-1689.236,-611.035,-20.729
out,2050.000,-1691.216,-611.324,-20.723
out,2052.000,-1693.194,-611.614,-20.719
out,2054.000,-1695.173,-611.908,-20.717
out,2056.000,-1697.150,-612.210,-20.714
out,2058.000,-1699.126,-612.518,-20.709
out,2060.000,-1701.101,-612.835,-20.704
out,2062.000,-1703.073,-613.164,-20.700
out,2064.000,-1705.043,-613.512,-20.693
out,2066.000,-1707.009,-613.878,-20.680
out,2068.000,-1708.973,-614.257,-20.661
out,2070.000,-1710.935,-614.640,-20.643
out,2072.000,-1712.898,-615.023,-20.628
out,2074.000,-1714.861,-615.406,-20.617
out,2076.000,-1716.824,-615.792,-20.609
out,2078.000,-1718.784,-616.186,-20.602
out,2080.000,-1720.743,-616.590,-20.594
out,2082.000,-1722.700,-617.005,-20.582
out,2084.000,-1724.654,-617.430,-20.568
out,2086.000,-1726.606,-617.863,-20.554
out,2088.000,-1728.558,-618.301,-20.540
out,2090.000,-1730.508,-618.744,-20.528
out,2092.000,-1732.458,-619.190,-20.515
out,2094.000,-1734.407,-619.639,-20.502
out,2096.000,-1736.355,-620.091,-20.488
out,2098.000,-1738.302,-620.547,-20.474
out,2100.000,-1740.248,-621.011,-20.460
out,2102.000,-1742.190,-621.486,-20.448
out,2104.000,-1744.130,-621.974,-20.436
out,2106.000,-1746.067,-622.473,-20.425
out,2108.000,-1748.002,-622.976,-20.415
out,2110.000,-1749.937,-623.484,-20.404
out,2112.000,-1751.869,-623.998,-20.390
out,2114.000,-1753.799,-624.523,-20.372
out,2116.000,-1755.726,-625.059,-20.351
out,2118.000,-1757.650,-625.602,-20.328
out,2120.000,-1759.575,-626.144,-20.308
out,2122.000,-1761.502,-626.680,-20.294
out,2124.000,-1763.431,-627.208,-20.285
out,2126.000,-1765.362,-627.730,-20.279
out,2128.000,-1767.294,-628.249,-20.272
out,2130.000,-1769.225,-628.768,-20.264
out,2132.000,-1771.156,-629.289,-20.257
out,2134.000,-1773.086,-629.814,-20.251
out,2136.000,-1775.014,-630.344,-20.249
out,2138.000,-1776.941,-630.880,-20.249
out,2140.000,-1778.867,-631.420,-20.250
out,2142.000,-1780.793,-631.958,-20.249
out,2144.000,-1782.722,-632.488,-20.244
out,2146.000,-1784.651,-633.013,-20.236
out,2148.000,-1786.581,-633.537,-20.227
out,2150.000,-1788.510,-634.066,-20.218
out,2152.000,-1790.438,-634.599,-20.209
out,2154.000,-1792.366,-635.131,-20.200
out,2156.000,-1794.295,-635.660,-20.191
out,2158.000,-1796.225,-636.184,-20.182
out,2160.000,-1798.154,-636.709,-20.173
out,2162.000,-1800.083,-637.241,-20.165
out,2164.000,-1802.009,-637.777,-20.156
out,2166.000,-1803.936,-638.312,-20.147
out,2168.000,-1805.865,-638.840,-20.137
out,2170.000,-1807.796,-639.362,-20.127
out,2172.000,-1809.727,-639.883,-20.118
out,2174.000,-1811.657,-640.409,-20.111
out,2176.000,-1813.584,-640.942,-20.104
out,2178.000,-1815.510,-641.480,-20.096
out,2180.000,-1817.437,-642.017,-20.084
out,2182.000,-1819.365,-642.548,-20.069
out,2184.000,-1821.295,-643.072,-20.052
out,2186.000,-1823.226,-643.594,-20.039
out,2188.000,-1825.155,-644.121,-20.033
out,2190.000,-1827.083,-644.654,-20.029
out,2192.000,-1829.009,-645.192,-20.024
out,2194.000,-1830.935,-645.729,-20.018
out,2196.000,-1832.863,-646.262,-20.013
out,2198.000,-1834.792,-646.791,-20.012
out,2200.000,-1836.721,-647.319,-20.010
out,2202.000,-1838.649,-647.851,-20.004
out,2204.000,-1840.576,-648.387,-19.993
out,2206.000,-1842.502,-648.924,-19.983
out,2208.000,-1844.431,-649.454,-19.977
out,2210.000,-1846.361,-649.977,-19.974
out,2212.000,-1848.292,-650.497,-19.972
out,2214.000,-1850.222,-651.025,-19.968
out,2216.000,-1852.148,-651.563,-19.964
out,2218.000,-1854.072,-652.107,-19.961
out,2220.000,-1855.998,-652.647,-19.958
out,2222.000,-1857.927,-653.176,-19.956
out,2224.000,-1859.857,-653.698,-19.957
out,2226.000,-1861.788,-654.219,-19.960
out,2228.000,-1863.718,-654.744,-19.965
out,2230.000,-1865.647,-655.273,-19.970
out,2232.000,-1867.576,-655.803,-19.975
out,2234.000,-1869.504,-656.333,-19.978
out,2236.000,-1871.432,-656.866,-19.981
out,2238.000,-1873.358,-657.404,-19.984
out,2240.000,-1875.284,-657.942,-19.987
out,2242.000,-1877.212,-658.475,-19.990
out,2244.000,-1879.141,-659.001,-19.991
out,2246.000,-1881.071,-659.526,-19.992
out,2248.000,-1882.999,-660.058,-19.993
out,2250.000,-1884.925,-660.600,-19.998
out,2252.000,-1886.851,-661.138,-20.004
out,2254.000,-1888.779,-661.667,-20.011
out,2256.000,-1890.711,-662.185,-20.017
out,2258.000,-1892.642,-662.706,-20.023
out,2260.000,-1894.570,-663.239,-20.029
out,2262.000,-1896.495,-663.780,-20.037
out,2264.000,-1898.422,-664.317,-20.047
out,2266.000,-1900.352,-664.841,-20.055
out,2268.000,-1902.283,-665.360,-20.061
out,2270.000,-1904.212,-665.887,-20.065
out,2272.000,-1906.138,-666.427,-20.070
out,2274.000,-1908.063,-666.972,-20.075
out,2276.000,-1909.989,-667.509,-20.081
out,2278.000,-1911.919,-668.035,-20.086
out,2280.000,-1913.851,-668.553,-20.090
out,2282.000,-1915.782,-669.072,-20.094
out,2284.000,-1917.711,-669.600,-20.100
out,2286.000,-1919.638,-670.134,-20.107
out,2288.000,-1921.566,-670.667,-20.114
out,2290.000,-1923.495,-671.196,-20.120
out,2292.000,-1925.424,-671.723,-20.126
out,2294.000,-1927.353,-672.253,-20.132
out,2296.000,-1929.280,-672.786,-20.139
out,2298.000,-1931.208,-673.318,-20.147
out,2300.000,-1933.138,-673.844,-20.156
out,2302.000,-1935.069,-674.365,-20.164
out,2304.000,-1936.999,-674.890,-20.170
out,2306.000,-1938.926,-675.425,-20.173
out,2308.000,-1940.850,-675.969,-20.176
out,2310.000,-1942.775,-676.511,-20.180
out,2312.000,-1944.703,-677.044,-20.186
out,2314.000,-1946.633,-677.568,-20.192
out,2316.000,-1948.564,-678.088,-20.200
out,2318.000,-1950.495,-678.611,-20.207
out,2320.000,-1952.424,-679.138,-20.214
out,2322.000,-1954.353,-679.668,-20.220
out,2324.000,-1956.281,-680.198,-20.227
out,2326.000,-1958.209,-680.729,-20.233
out,2328.000,-1960.138,-681.259,-20.239
out,2330.000,-1962.066,-681.791,-20.245
out,2332.000,-1963.993,-682.324,-20.254
out,2334.000,-1965.921,-682.856,-20.263
out,2336.000,-1967.850,-683.386,-20.273
out,2338.000,-1969.780,-683.910,-20.281
out,2340.000,-1971.710,-684.433,-20.289
out,2342.000,-1973.640,-684.958,-20.296
out,2344.000,-1975.569,-685.487,-20.304
out,2346.000,-1977.497,-686.020,-20.314
out,2348.000,-1979.424,-686.555,-20.327
out,2350.000,-1981.351,-687.089,-20.342
out,2352.000,-1983.279,-687.620,-20.355
out,2354.000,-1985.208,-688.146,-20.367
out,2356.000,-1987.138,-688.673,-20.378
out,2358.000,-1989.067,-689.202,-20.393
out,2360.000,-1990.995,-689.733,-20.411
out,2362.000,-1992.923,-690.265,-20.431
out,2364.000,-1994.851,-690.796,-20.447
out,2366.000,-1996.779,-691.327,-20.457
out,2368.000,-1998.708,-691.857,-20.464
out,2370.000,-2000.636,-692.386,-20.470
out,2372.000,-2002.564,-692.917,-20.477
out,2374.000,-2004.491,-693.452,-20.486
out,2376.000,-2006.418,-693.987,-20.495
out,2378.000,-2008.346,-694.520,-20.503
out,2380.000,-2010.275,-695.050,-20.510
out,2382.000,-2012.203,-695.580,-20.516
out,2384.000,-2014.132,-696.110,-20.525
out,2386.000,-2016.059,-696.643,-20.536
out,2388.000,-2017.987,-697.177,-20.550
out,2390.000,-2019.914,-697.710,-20.562
out,2392.000,-2021.842,-698.241,-20.572
out,2394.000,-2023.771,-698.769,-20.580
out,2396.000,-2025.701,-699.296,-20.588
out,2398.000,-2027.630,-699.825,-20.597
out,2400.000,-2029.558,-700.356,-20.606
out,2402.000,-2031.485,-700.890,-20.613
out,2404.000,-2033.412,-701.425,-20.618
out,2406.000,-2035.339,-701.961,-20.621
out,2408.000,-2037.267,-702.495,-20.626
out,2410.000,-2039.196,-703.022,-20.633
out,2412.000,-2041.127,-703.543,-20.642
out,2414.000,-2043.058,-704.063,-20.649
out,2416.000,-2044.988,-704.587,-20.656
out,2418.000,-2046.916,-705.118,-20.663
out,2420.000,-2048.843,-705.656,-20.670
out,2422.000,-2050.769,-706.192,-20.679
out,2424.000,-2052.697,-706.724,-20.689
out,2426.000,-2054.626,-707.252,-20.697
out,2428.000,-2056.555,-707.783,-20.702
out,2430.000,-2058.481,-708.320,-20.703
out,2432.000,-2060.406,-708.862,-20.702
out,2434.000,-2062.330,-709.408,-20.702
out,2436.000,-2064.255,-709.952,-20.705
out,2438.000,-2066.181,-710.491,-20.713
out,2440.000,-2068.108,-711.026,-20.719
out,2442.000,-2070.036,-711.558,-20.724
out,2444.000,-2071.964,-712.089,-20.728
out,2446.000,-2073.892,-712.621,-20.733
out,2448.000,-2075.820,-713.154,-20.738
out,2450.000,-2077.747,-713.688,-20.744
out,2452.000,-2079.674,-714.222,-20.748
out,2454.000,-2081.602,-714.755,-20.751
out,2456.000,-2083.531,-715.284,-20.752
out,2458.000,-2085.460,-715.812,-20.753
out,2460.000,-2087.389,-716.341,-20.751
out,2462.000,-2089.317,-716.873,-20.746
out,2464.000,-2091.244,-717.407,-20.741
out,2466.000,-2093.171,-717.942,-20.737
out,2468.000,-2095.099,-718.473,-20.736
out,2470.000,-2097.029,-719.000,-20.739
out,2472.000,-2098.959,-719.524,-20.742
out,2474.000,-2100.889,-720.047,-20.747
out,2476.000,-2102.819,-720.572,-20.749
out,2478.000,-2104.748,-721.099,-20.750
out,2480.000,-2106.677,-721.630,-20.747
out,2482.000,-2108.604,-722.163,-20.741
out,2484.000,-2110.532,-722.696,-20.733
out,2486.000,-2112.460,-723.228,-20.721
out,2488.000,-2114.388,-723.759,-20.708
out,2490.000,-2116.316,-724.290,-20.695
out,2492.000,-2118.244,-724.823,-20.683
out,2494.000,-2120.172,-725.355,-20.671
out,2496.000,-2122.100,-725.885,-20.659
out,2498.000,-2124.031,-726.407,-20.644
out,2500.000,-2125.964,-726.919,-20.626
out,2502.000,-2127.900,-727.422,-20.608
out,2504.000,-2129.837,-727.917,-20.593
out,2506.000,-2131.776,-728.408,-20.579
out,2508.000,-2133.716,-728.893,-20.563
out,2510.000,-2135.659,-729.369,-20.542
out,2512.000,-2137.604,-729.834,-20.521
out,2514.000,-2139.552,-730.287,-20.502
out,2516.000,-2141.502,-730.730,-20.488
out,2518.000,-2143.455,-731.161,-20.478
out,2520.000,-2145.410,-731.582,-20.471
out,2522.000,-2147.368,-731.992,-20.464
out,2524.000,-2149.327,-732.391,-20.456
out,2526.000,-2151.289,-732.781,-20.446
out,2528.000,-2153.253,-733.160,-20.434
out,2530.000,-2155.220,-733.522,-20.415
out,2532.000,-2157.190,-733.863,-20.390
out,2534.000,-2159.165,-734.180,-20.361
out,2536.000,-2161.143,-734.472,-20.334
out,2538.000,-2163.125,-734.742,-20.313
out,2540.000,-2165.109,-734.990,-20.299
out,2542.000,-2167.096,-735.214,-20.292
out,2544.000,-2169.086,-735.419,-20.290
out,2546.000,-2171.077,-735.608,-20.291
out,2548.000,-2173.069,-735.789,-20.295
out,2550.000,-2175.061,-735.960,-20.302
out,2552.000,-2177.055,-736.117,-20.312
out,2554.000,-2179.050,-736.258,-20.322
out,2556.000,-2181.047,-736.378,-20.331
out,2558.000,-2183.044,-736.477,-20.339
out,2560.000,-2185.042,-736.556,-20.347
out,2562.000,-2187.041,-736.619,-20.356
out,2564.000,-2189.041,-736.665,-20.368
out,2566.000,-2191.041,-736.696,-20.380
out,2568.000,-2193.040,-736.710,-20.391
out,2570.000,-2195.040,-736.711,-20.401
out,2572.000,-2197.040,-736.703,-20.411
out,2574.000,-2199.040,-736.690,-20.422
out,2576.000,-2201.040,-736.669,-20.436
out,2578.000,-2203.040,-736.635,-20.451
out,2580.000,-2205.039,-736.588,-20.465
out,2582.000,-2207.038,-736.530,-20.477
out,2584.000,-2209.037,-736.466,-20.487
out,2586.000,-2211.036,-736.404,-20.495
out,2588.000,-2213.035,-736.345,-20.501
out,2590.000,-2215.035,-736.292,-20.504
out,2592.000,-2217.034,-736.242,-20.506
out,2594.000,-2219.033,-736.191,-20.507
out,2596.000,-2221.033,-736.137,-20.510
out,2598.000,-2223.032,-736.076,-20.514
out,2600.000,-2225.031,-736.010,-20.518
out,2602.000,-2227.030,-735.944,-20.522
out,2604.000,-2229.029,-735.883,-20.526
out,2606.000,-2231.028,-735.828,-20.530
out,2608.000,-2233.027,-735.777,-20.533
out,2610.000,-2235.027,-735.724,-20.535
out,2612.000,-2237.026,-735.667,-20.536
out,2614.000,-2239.025,-735.606,-20.535
out,2616.000,-2241.024,-735.546,-20.532
out,2618.000,-2243.023,-735.488,-20.530
out,2620.000,-2245.022,-735.435,-20.530
out,2622.000,-2247.022,-735.386,-20.533
out,2624.000,-2249.021,-735.341,-20.538
out,2626.000,-2251.021,-735.300,-20.544
out,2628.000,-2253.020,-735.259,-20.549
out,2630.000,-2255.020,-735.213,-20.553
out,2632.000,-2257.019,-735.159,-20.558
out,2634.000,-2259.018,-735.094,-20.564
out,2636.000,-2261.017,-735.021,-20.569
out,2638.000,-2263.015,-734.945,-20.572
out,2640.000,-2265.014,-734.873,-20.575
out,2642.000,-2267.013,-734.807,-20.576
out,2644.000,-2269.012,-734.747,-20.579
out,2646.000,-2271.011,-734.689,-20.582
out,2648.000,-2273.010,-734.627,-20.584
out,2650.000,-2275.009,-734.557,-20.585
out,2652.000,-2277.007,-734.481,-20.585
out,2654.000,-2279.006,-734.405,-20.586
out,2656.000,-2281.005,-734.332,-20.589
out,2658.000,-2283.003,-734.261,-20.595
out,2660.000,-2285.002,-734.189,-20.601
out,2662.000,-2287.001,-734.116,-20.607
out,2664.000,-2288.999,-734.045,-20.611
out,2666.000,-2290.998,-733.976,-20.610
out,2668.000,-2292.997,-733.901,-20.605
out,2670.000,-2294.995,-733.816,-20.599
out,2672.000,-2296.993,-733.717,-20.594
out,2674.000,-2298.989,-733.606,-20.592
out,2676.000,-2300.986,-733.484,-20.593
out,2678.000,-2302.982,-733.357,-20.595
out,2680.000,-2304.977,-733.226,-20.597
out,2682.000,-2306.973,-733.093,-20.600
out,2684.000,-2308.968,-732.959,-20.604
out,2686.000,-2310.964,-732.824,-20.606
out,2688.000,-2312.959,-732.688,-20.608
out,2690.000,-2314.955,-732.550,-20.608
out,2692.000,-2316.950,-732.408,-20.607
out,2694.000,-2318.944,-732.264,-20.607
out,2696.000,-2320.939,-732.118,-20.609
out,2698.000,-2322.934,-731.973,-20.614
out,2700.000,-2324.928,-731.827,-20.622
out,2702.000,-2326.923,-731.682,-20.630
out,2704.000,-2328.918,-731.534,-20.638
out,2706.000,-2330.912,-731.383,-20.645
out,2708.000,-2332.906,-731.227,-20.654
out,2710.000,-2334.900,-731.070,-20.664
out,2712.000,-2336.893,-730.914,-20.675
out,2714.000,-2338.888,-730.762,-20.684
out,2716.000,-2340.882,-730.610,-20.692
out,2718.000,-2342.875,-730.450,-20.701
out,2720.000,-2344.868,-730.282,-20.711
out,2722.000,-2346.861,-730.107,-20.721
out,2724.000,-2348.852,-729.925,-20.728
out,2726.000,-2350.843,-729.732,-20.730
out,2728.000,-2352.832,-729.524,-20.730
out,2730.000,-2354.819,-729.298,-20.728
out,2732.000,-2356.805,-729.058,-20.726
out,2734.000,-2358.789,-728.809,-20.728
out,2736.000,-2360.772,-728.550,-20.732
out,2738.000,-2362.754,-728.278,-20.739
out,2740.000,-2364.733,-727.992,-20.746
out,2742.000,-2366.711,-727.693,-20.754
out,2744.000,-2368.686,-727.379,-20.760
out,2746.000,-2370.659,-727.050,-20.765
out,2748.000,-2372.629,-726.707,-20.770
out,2750.000,-2374.597,-726.352,-20.776
out,2752.000,-2376.563,-725.984,-20.782
out,2754.000,-2378.527,-725.608,-20.789
out,2756.000,-2380.491,-725.227,-20.797
out,2758.000,-2382.454,-724.848,-20.804
out,2760.000,-2384.419,-724.475,-20.811
out,2762.000,-2386.385,-724.108,-20.817
out,2764.000,-2388.351,-723.742,-20.819
out,2766.000,-2390.317,-723.370,-20.815
out,2768.000,-2392.280,-722.987,-20.807
out,2770.000,-2394.241,-722.596,-20.800
out,2772.000,-2396.202,-722.201,-20.796
out,2774.000,-2398.163,-721.810,-20.793
out,2776.000,-2400.126,-721.426,-20.790
out,2778.000,-2402.090,-721.048,-20.788
out,2780.000,-2404.052,-720.661,-20.786
out,2782.000,-2406.011,-720.259,-20.786
out,2784.000,-2407.969,-719.851,-20.788
out,2786.000,-2409.925,-719.435,-20.791
out,2788.000,-2411.881,-719.017,-20.792
out,2790.000,-2413.838,-718.602,-20.792
out,2792.000,-2415.793,-718.184,-20.789
out,2794.000,-2417.747,-717.754,-20.780
out,2796.000,-2419.698,-717.314,-20.767
out,2798.000,-2421.648,-716.871,-20.752
out,2800.000,-2423.599,-716.433,-20.736
out,2802.000,-2425.553,-716.006,-20.721
out,2804.000,-2427.509,-715.587,-20.706
out,2806.000,-2429.463,-715.163,-20.690
out,2808.000,-2431.416,-714.734,-20.674
out,2810.000,-2433.368,-714.297,-20.659
out,2812.000,-2435.318,-713.854,-20.643
out,2814.000,-2437.269,-713.413,-20.626
out,2816.000,-2439.221,-712.977,-20.607
out,2818.000,-2441.173,-712.543,-20.587
out,2820.000,-2443.125,-712.107,-20.569
out,2822.000,-2445.076,-711.666,-20.551
out,2824.000,-2447.026,-711.223,-20.535
out,2826.000,-2448.977,-710.782,-20.517
out,2828.000,-2450.928,-710.346,-20.498
out,2830.000,-2452.881,-709.914,-20.477
out,2832.000,-2454.834,-709.485,-20.458
out,2834.000,-2456.787,-709.053,-20.442
out,2836.000,-2458.739,-708.618,-20.430
out,2838.000,-2460.691,-708.181,-20.419
out,2840.000,-2462.643,-707.747,-20.407
out,2842.000,-2464.597,-707.320,-20.389
out,2844.000,-2466.552,-706.899,-20.362
out,2846.000,-2468.507,-706.477,-20.330
out,2848.000,-2470.460,-706.048,-20.301
out,2850.000,-2472.411,-705.608,-20.278
out,2852.000,-2474.359,-705.157,-20.262
out,2854.000,-2476.306,-704.699,-20.243
out,2856.000,-2478.253,-704.243,-20.214
out,2858.000,-2480.202,-703.795,-20.172
out,2860.000,-2482.153,-703.360,-20.125
out,2862.000,-2484.107,-702.934,-20.081
out,2864.000,-2486.061,-702.510,-20.043
out,2866.000,-2488.015,-702.083,-20.010
out,2868.000,-2489.967,-701.649,-19.978
out,2870.000,-2491.917,-701.208,-19.948
out,2872.000,-2493.867,-700.764,-19.922
out,2874.000,-2495.817,-700.320,-19.899
out,2876.000,-2497.767,-699.878,-19.877
out,2878.000,-2499.719,-699.439,-19.856
out,2880.000,-2501.670,-699.003,-19.832
out,2882.000,-2503.622,-698.569,-19.807
out,2884.000,-2505.575,-698.134,-19.780
out,2886.000,-2507.526,-697.699,-19.756
out,2888.000,-2509.479,-697.265,-19.735
out,2890.000,-2511.431,-696.831,-19.718
out,2892.000,-2513.383,-696.398,-19.702
out,2894.000,-2515.335,-695.962,-19.685
out,2896.000,-2517.287,-695.525,-19.667
out,2898.000,-2519.238,-695.086,-19.647
out,2900.000,-2521.189,-694.646,-19.626
out,2902.000,-2523.140,-694.208,-19.605
out,2904.000,-2525.092,-693.771,-19.581
out,2906.000,-2527.043,-693.334,-19.556
out,2908.000,-2528.994,-692.896,-19.532
out,2910.000,-2530.946,-692.457,-19.510
out,2912.000,-2532.897,-692.019,-19.486
out,2914.000,-2534.849,-691.584,-19.457
out,2916.000,-2536.801,-691.150,-19.423
out,2918.000,-2538.753,-690.715,-19.387
out,2920.000,-2540.705,-690.281,-19.357
out,2922.000,-2542.656,-689.844,-19.334
out,2924.000,-2544.608,-689.407,-19.317
out,2926.000,-2546.558,-688.965,-19.299
out,2928.000,-2548.508,-688.519,-19.277
out,2930.000,-2550.457,-688.072,-19.249
out,2932.000,-2552.407,-687.627,-19.219
out,2934.000,-2554.357,-687.185,-19.189
out,2936.000,-2556.308,-686.747,-19.162
out,2938.000,-2558.260,-686.311,-19.135
out,2940.000,-2560.212,-685.875,-19.107
out,2942.000,-2562.163,-685.436,-19.076
out,2944.000,-2564.113,-684.992,-19.046
out,2946.000,-2566.062,-684.547,-19.017
out,2948.000,-2568.012,-684.104,-18.988
out,2950.000,-2569.963,-683.663,-18.957
out,2952.000,-2571.914,-683.224,-18.922
out,2954.000,-2573.865,-682.786,-18.886
out,2956.000,-2575.817,-682.353,-18.851
out,2958.000,-2577.770,-681.922,-18.821
out,2960.000,-2579.723,-681.491,-18.792
out,2962.000,-2581.674,-681.054,-18.761
out,2964.000,-2583.624,-680.610,-18.723
out,2966.000,-2585.573,-680.164,-18.681
out,2968.000,-2587.523,-679.720,-18.637
out,2970.000,-2589.473,-679.278,-18.595
out,2972.000,-2591.424,-678.840,-18.557
out,2974.000,-2593.376,-678.405,-18.529
out,2976.000,-2595.328,-677.971,-18.508
out,2978.000,-2597.280,-677.534,-18.486
out,2980.000,-2599.230,-677.094,-18.461
out,2982.000,-2601.181,-676.652,-18.434
out,2984.000,-2603.132,-676.212,-18.407
out,2986.000,-2605.083,-675.775,-18.378
out,2988.000,-2607.035,-675.339,-18.349
out,2990.000,-2608.986,-674.902,-18.320
out,2992.000,-2610.938,-674.465,-18.291
out,2994.000,-2612.889,-674.027,-18.281
out,2996.000,-2614.840,-673.589,-18.331
out,2998.000,-2616.791,-673.150,-18.349
out,3000.000,-2618.742,-672.711,-18.306
out,3002.000,-2620.692,-672.272,-18.243
out,3004.000,-2622.642,-671.832,-18.178
out,3006.000,-2624.592,-671.393,-18.128
out,3008.000,-2626.543,-670.955,-18.094
out,3010.000,-2628.496,-670.520,-18.070
out,3012.000,-2630.449,-670.090,-18.048
out,3014.000,-2632.402,-669.660,-18.026
out,3016.000,-2634.354,-669.224,-18.003
out,3018.000,-2636.305,-668.786,-17.979
out,3020.000,-2638.256,-668.350,-17.955
out,3022.000,-2640.207,-667.910,-17.930
out,3024.000,-2642.157,-667.464,-17.904
out,3026.000,-2644.106,-667.018,-17.877
out,3028.000,-2646.058,-666.582,-17.851
out,3030.000,-2648.012,-666.157,-17.825
out,3032.000,-2649.966,-665.732,-17.800
out,3034.000,-2651.919,-665.298,-17.777
out,3036.000,-2653.869,-664.854,-17.752
out,3038.000,-2655.818,-664.408,-17.725
out,3040.000,-2657.768,-663.964,-17.691
out,3042.000,-2659.718,-663.523,-17.654
out,3044.000,-2661.668,-663.081,-17.618
out,3046.000,-2663.619,-662.639,-17.586
out,3048.000,-2665.569,-662.198,-17.557
out,3050.000,-2667.521,-661.764,-17.528
out,3052.000,-2669.475,-661.336,-17.497
out,3054.000,-2671.429,-660.911,-17.465
out,3056.000,-2673.382,-660.483,-17.433
out,3058.000,-2675.334,-660.049,-17.405
out,3060.000,-2677.285,-659.608,-17.382
out,3062.000,-2679.235,-659.164,-17.358
out,3064.000,-2681.185,-658.719,-17.331
out,3066.000,-2683.134,-658.275,-17.300
out,3068.000,-2685.084,-657.831,-17.266
out,3070.000,-2687.034,-657.389,-17.233
out,3072.000,-2688.984,-656.946,-17.203
out,3074.000,-2690.935,-656.504,-17.175
out,3076.000,-2692.887,-656.068,-17.149
out,3078.000,-2694.840,-655.638,-17.122
out,3080.000,-2696.793,-655.209,-17.095
out,3082.000,-2698.746,-654.777,-17.068
out,3084.000,-2700.696,-654.336,-17.044
out,3086.000,-2702.644,-653.884,-17.022
out,3088.000,-2704.592,-653.429,-17.001
out,3090.000,-2706.539,-652.975,-16.978
out,3092.000,-2708.489,-652.528,-16.951
out,3094.000,-2710.440,-652.090,-16.922
out,3096.000,-2712.393,-651.659,-16.894
out,3098.000,-2714.346,-651.231,-16.870
out,3100.000,-2716.299,-650.801,-16.851
out,3102.000,-2718.251,-650.365,-16.834
out,3104.000,-2720.202,-649.926,-16.815
out,3106.000,-2722.153,-649.486,-16.791
out,3108.000,-2724.104,-649.047,-16.764
out,3110.000,-2726.055,-648.607,-16.737
out,3112.000,-2728.005,-648.166,-16.710
out,3114.000,-2729.955,-647.722,-16.682
out,3116.000,-2731.905,-647.277,-16.651
out,3118.000,-2733.855,-646.833,-16.620
out,3120.000,-2735.806,-646.394,-16.590
out,3122.000,-2737.758,-645.959,-16.563
out,3124.000,-2739.710,-645.524,-16.535
out,3126.000,-2741.661,-645.087,-16.507
out,3128.000,-2743.612,-644.645,-16.480
out,3130.000,-2745.561,-644.197,-16.454
out,3132.000,-2747.509,-643.746,-16.429
out,3134.000,-2749.457,-643.296,-16.407
out,3136.000,-2751.407,-642.850,-16.384
out,3138.000,-2753.358,-642.410,-16.363
out,3140.000,-2755.310,-641.975,-16.340
out,3142.000,-2757.262,-641.542,-16.314
out,3144.000,-2759.215,-641.109,-16.287
out,3146.000,-2761.167,-640.675,-16.259
out,3148.000,-2763.118,-640.238,-16.232
out,3150.000,-2765.070,-639.800,-16.207
out,3152.000,-2767.020,-639.356,-16.184
out,3154.000,-2768.968,-638.904,-16.160
out,3156.000,-2770.914,-638.446,-16.134
out,3158.000,-2772.861,-637.989,-16.106
out,3160.000,-2774.810,-637.539,-16.078
out,3162.000,-2776.760,-637.096,-16.050
out,3164.000,-2778.711,-636.656,-16.020
out,3166.000,-2780.661,-636.216,-15.988
out,3168.000,-2782.611,-635.772,-15.955
out,3170.000,-2784.561,-635.327,-15.924
out,3172.000,-2786.510,-634.882,-15.897
out,3174.000,-2788.460,-634.439,-15.872
out,3176.000,-2790.411,-633.996,-15.846
out,3178.000,-2792.361,-633.552,-15.819
out,3180.000,-2794.310,-633.106,-15.792
out,3182.000,-2796.260,-632.661,-15.766
out,3184.000,-2798.210,-632.218,-15.744
out,3186.000,-2800.160,-631.775,-15.723
out,3188.000,-2802.110,-631.331,-15.700
out,3190.000,-2804.059,-630.882,-15.674
out,3192.000,-2806.007,-630.429,-15.646
out,3194.000,-2807.955,-629.976,-15.620
out,3196.000,-2809.903,-629.527,-15.597
out,3198.000,-2811.853,-629.080,-15.579
out,3200.000,-2813.803,-628.636,-15.564
out,3202.000,-2815.753,-628.193,-15.547
out,3204.000,-2817.702,-627.744,-15.527
out,3206.000,-2819.649,-627.287,-15.505
out,3208.000,-2821.594,-626.825,-15.484
out,3210.000,-2823.540,-626.361,-15.466
out,3212.000,-2825.486,-625.900,-15.448
out,3214.000,-2827.433,-625.443,-15.429
out,3216.000,-2829.380,-624.987,-15.409
out,3218.000,-2831.328,-624.532,-15.389
out,3220.000,-2833.275,-624.078,-15.370
out,3222.000,-2835.223,-623.623,-15.354
out,3224.000,-2837.170,-623.166,-15.338
out,3226.000,-2839.116,-622.706,-15.324
out,3228.000,-2841.062,-622.244,-15.310
out,3230.000,-2843.007,-621.780,-15.295
out,3232.000,-2844.952,-621.313,-15.280
out,3234.000,-2846.896,-620.844,-15.264
out,3236.000,-2848.841,-620.376,-15.248
out,3238.000,-2850.784,-619.905,-15.231
out,3240.000,-2852.727,-619.431,-15.212
out,3242.000,-2854.669,-618.953,-15.192
out,3244.000,-2856.610,-618.472,-15.171
out,3246.000,-2858.550,-617.986,-15.153
out,3248.000,-2860.490,-617.499,-15.139
out,3250.000,-2862.430,-617.013,-15.127
out,3252.000,-2864.371,-616.530,-15.113
out,3254.000,-2866.313,-616.052,-15.095
out,3256.000,-2868.256,-615.578,-15.073
out,3258.000,-2870.199,-615.105,-15.048
out,3260.000,-2872.141,-614.628,-15.023
out,3262.000,-2874.081,-614.144,-14.999
out,3264.000,-2876.020,-613.653,-14.976
out,3266.000,-2877.958,-613.158,-14.953
out,3268.000,-2879.896,-612.664,-14.932
out,3270.000,-2881.835,-612.174,-14.913
out,3272.000,-2883.776,-611.693,-14.896
out,3274.000,-2885.720,-611.224,-14.878
out,3276.000,-2887.666,-610.764,-14.857
out,3278.000,-2889.613,-610.307,-14.827
out,3280.000,-2891.559,-609.847,-14.790
out,3282.000,-2893.505,-609.386,-14.755
out,3284.000,-2895.449,-608.917,-14.728
out,3286.000,-2897.390,-608.434,-14.709
out,3288.000,-2899.327,-607.939,-14.692
out,3290.000,-2901.263,-607.436,-14.672
out,3292.000,-2903.198,-606.931,-14.649
out,3294.000,-2905.133,-606.425,-14.621
out,3296.000,-2907.068,-605.922,-14.594
out,3298.000,-2909.006,-605.428,-14.567
out,3300.000,-2910.947,-604.946,-14.539
out,3302.000,-2912.889,-604.471,-14.509
out,3304.000,-2914.833,-603.999,-14.474
out,3306.000,-2916.776,-603.526,-14.435
out,3308.000,-2918.717,-603.049,-14.391
out,3310.000,-2920.657,-602.565,-14.346
out,3312.000,-2922.597,-602.078,-14.305
out,3314.000,-2924.536,-601.590,-14.272
out,3316.000,-2926.476,-601.103,-14.243
out,3318.000,-2928.416,-600.620,-14.212
out,3320.000,-2930.357,-600.138,-14.175
out,3322.000,-2932.299,-599.661,-14.133
out,3324.000,-2934.241,-599.188,-14.091
out,3326.000,-2936.186,-598.720,-14.052
out,3328.000,-2938.130,-598.253,-14.017
out,3330.000,-2940.073,-597.780,-13.987
out,3332.000,-2942.014,-597.298,-13.962
out,3334.000,-2943.953,-596.809,-13.940
out,3336.000,-2945.891,-596.317,-13.917
out,3338.000,-2947.831,-595.831,-13.891
out,3340.000,-2949.773,-595.352,-13.863
out,3342.000,-2951.715,-594.875,-13.834
out,3344.000,-2953.657,-594.398,-13.808
out,3346.000,-2955.599,-593.919,-13.784
out,3348.000,-2957.540,-593.439,-13.762
out,3350.000,-2959.481,-592.959,-13.744
out,3352.000,-2961.424,-592.481,-13.735
out,3354.000,-2963.366,-592.004,-13.730
out,3356.000,-2965.308,-591.528,-13.718
out,3358.000,-2967.251,-591.053,-13.703
out,3360.000,-2969.194,-590.580,-13.688
out,3362.000,-2971.138,-590.108,-13.674
out,3364.000,-2973.081,-589.636,-13.662
out,3366.000,-2975.024,-589.160,-13.650
out,3368.000,-2976.965,-588.681,-13.638
out,3370.000,-2978.907,-588.203,-13.624
out,3372.000,-2980.849,-587.725,-13.609
out,3374.000,-2982.791,-587.248,-13.594
out,3376.000,-2984.733,-586.768,-13.579
out,3378.000,-2986.675,-586.290,-13.564
out,3380.000,-2988.617,-585.812,-13.550
out,3382.000,-2990.559,-585.334,-13.535
out,3384.000,-2992.501,-584.855,-13.520
out,3386.000,-2994.442,-584.374,-13.504
out,3388.000,-2996.384,-583.897,-13.484
out,3390.000,-2998.326,-583.420,-13.456
out,3392.000,-3000.267,-582.940,-13.418
out,3394.000,-3002.211,-582.485,-13.308
out,3396.000,-3004.149,-582.002,-13.228
out,3398.000,-3006.090,-581.523,-13.205
out,3400.000,-3008.040,-581.076,-13.184
out,3402.000,-3009.985,-580.612,-13.160
out,3404.000,-3011.927,-580.135,-13.133
out,3406.000,-3013.864,-579.636,-13.112
out,3408.000,-3015.800,-579.134,-13.094
out,3410.000,-3017.736,-578.636,-13.085
out,3412.000,-3019.676,-578.146,-13.075
out,3414.000,-3021.615,-577.660,-13.057
out,3416.000,-3023.556,-577.176,-13.036
out,3418.000,-3025.497,-576.696,-13.012
out,3420.000,-3027.440,-576.220,-12.985
out,3422.000,-3029.383,-575.747,-12.957
out,3424.000,-3031.326,-575.273,-12.933
out,3426.000,-3033.268,-574.798,-12.918
out,3428.000,-3035.211,-574.324,-12.907
out,3430.000,-3037.155,-573.853,-12.890
out,3432.000,-3039.098,-573.381,-12.868
out,3434.000,-3041.042,-572.910,-12.848
out,3436.000,-3042.985,-572.437,-12.827
out,3438.000,-3044.928,-571.964,-12.810
out,3440.000,-3046.871,-571.489,-12.795
out,3442.000,-3048.813,-571.010,-12.780
out,3444.000,-3050.753,-570.527,-12.760
out,3446.000,-3052.694,-570.042,-12.739
out,3448.000,-3054.634,-569.558,-12.718
out,3450.000,-3056.574,-569.071,-12.696
out,3452.000,-3058.514,-568.587,-12.674
out,3454.000,-3060.456,-568.108,-12.648
out,3456.000,-3062.399,-567.635,-12.619
out,3458.000,-3064.343,-567.165,-12.589
out,3460.000,-3066.286,-566.691,-12.563
out,3462.000,-3068.227,-566.212,-12.540
out,3464.000,-3070.168,-565.730,-12.517
out,3466.000,-3072.110,-565.250,-12.493
out,3468.000,-3074.052,-564.774,-12.469
out,3470.000,-3075.994,-564.298,-12.447
out,3472.000,-3077.936,-563.818,-12.428
out,3474.000,-3079.877,-563.336,-12.411
out,3476.000,-3081.818,-562.855,-12.391
out,3478.000,-3083.759,-562.376,-12.365
out,3480.000,-3085.701,-561.898,-12.336
out,3482.000,-3087.643,-561.418,-12.308
out,3484.000,-3089.583,-560.936,-12.283
out,3486.000,-3091.524,-560.450,-12.264
out,3488.000,-3093.463,-559.964,-12.247
out,3490.000,-3095.403,-559.478,-12.228
out,3492.000,-3097.344,-558.994,-12.204
out,3494.000,-3099.285,-558.513,-12.179
out,3496.000,-3101.227,-558.036,-12.155
out,3498.000,-3103.170,-557.562,-12.137
out,3500.000,-3105.113,-557.088,-12.120
out,3502.000,-3107.055,-556.609,-12.100
out,3504.000,-3108.995,-556.126,-12.072
out,3506.000,-3110.936,-555.644,-12.038
out,3508.000,-3112.877,-555.164,-12.004
out,3510.000,-3114.819,-554.687,-11.975
out,3512.000,-3116.762,-554.212,-11.949
out,3514.000,-3118.704,-553.736,-11.923
out,3516.000,-3120.646,-553.257,-11.894
out,3518.000,-3122.587,-552.776,-11.860
out,3520.000,-3124.528,-552.294,-11.825
out,3522.000,-3126.469,-551.813,-11.794
out,3524.000,-3128.410,-551.332,-11.769
out,3526.000,-3130.351,-550.850,-11.747
out,3528.000,-3132.291,-550.367,-11.726
out,3530.000,-3134.233,-549.886,-11.704
out,3532.000,-3136.175,-549.408,-11.682
out,3534.000,-3138.117,-548.933,-11.660
out,3536.000,-3140.060,-548.457,-11.638
out,3538.000,-3142.002,-547.981,-11.616
out,3540.000,-3143.945,-547.508,-11.594
out,3542.000,-3145.888,-547.034,-11.571
out,3544.000,-3147.831,-546.560,-11.549
out,3546.000,-3149.773,-546.083,-11.528
out,3548.000,-3151.715,-545.604,-11.509
out,3550.000,-3153.656,-545.124,-11.489
out,3552.000,-3155.597,-544.642,-11.469
out,3554.000,-3157.538,-544.160,-11.448
out,3556.000,-3159.480,-543.681,-11.425
out,3558.000,-3161.423,-543.207,-11.404
out,3560.000,-3163.366,-542.736,-11.387
out,3562.000,-3165.310,-542.264,-11.373
out,3564.000,-3167.253,-541.790,-11.360
out,3566.000,-3169.195,-541.314,-11.345
out,3568.000,-3171.138,-540.837,-11.327
out,3570.000,-3173.080,-540.361,-11.308
out,3572.000,-3175.022,-539.885,-11.289
out,3574.000,-3176.965,-539.409,-11.269
out,3576.000,-3178.907,-538.932,-11.249
out,3578.000,-3180.849,-538.454,-11.225
out,3580.000,-3182.791,-537.978,-11.198
out,3582.000,-3184.734,-537.502,-11.172
out,3584.000,-3186.675,-537.022,-11.155
out,3586.000,-3188.615,-536.534,-11.141
out,3588.000,-3190.552,-536.040,-11.124
out,3590.000,-3192.490,-535.543,-11.098
out,3592.000,-3194.427,-535.050,-11.057
out,3594.000,-3196.370,-534.576,-11.003
out,3596.000,-3198.319,-534.132,-10.944
out,3598.000,-3200.277,-533.730,-10.886
out,3600.000,-3202.246,-533.385,-10.832
out,3602.000,-3204.227,-533.112,-10.788
out,3604.000,-3206.217,-532.923,-10.753
out,3606.000,-3208.215,-532.824,-10.721
out,3608.000,-3210.214,-532.811,-10.688
out,3610.000,-3212.213,-532.879,-10.653
out,3612.000,-3214.208,-533.014,-10.615
out,3614.000,-3216.199,-533.199,-10.577
out,3616.000,-3218.185,-533.429,-10.538
out,3618.000,-3220.164,-533.712,-10.500
out,3620.000,-3222.131,-534.071,-10.463
out,3622.000,-3224.076,-534.534,-10.430
out,3624.000,-3225.984,-535.130,-10.401
out,3626.000,-3227.840,-535.875,-10.374
out,3628.000,-3229.632,-536.760,-10.343
out,3630.000,-3231.367,-537.755,-10.302
out,3632.000,-3233.059,-538.819,-10.255
out,3634.000,-3234.731,-539.916,-10.208
out,3636.000,-3236.396,-541.023,-10.173
out,3638.000,-3238.054,-542.142,-10.152
out,3640.000,-3239.690,-543.292,-10.143
out,3642.000,-3241.286,-544.497,-10.137
out,3644.000,-3242.830,-545.768,-10.125
out,3646.000,-3244.318,-547.103,-10.105
out,3648.000,-3245.752,-548.497,-10.081
out,3650.000,-3247.133,-549.943,-10.056
out,3652.000,-3248.462,-551.438,-10.034
out,3654.000,-3249.739,-552.977,-10.014
out,3656.000,-3250.963,-554.559,-9.993
out,3658.000,-3252.128,-556.184,-9.971
out,3660.000,-3253.229,-557.853,-9.946
out,3662.000,-3254.259,-559.567,-9.923
out,3664.000,-3255.209,-561.326,-9.909
out,3666.000,-3256.077,-563.128,-9.906
out,3668.000,-3256.877,-564.961,-9.908
out,3670.000,-3257.632,-566.813,-9.907
out,3672.000,-3258.367,-568.673,-9.894
out,3674.000,-3259.097,-570.535,-9.868
out,3676.000,-3259.829,-572.396,-9.829
out,3678.000,-3260.565,-574.255,-9.781
out,3680.000,-3261.303,-576.113,-9.724
out,3682.000,-3262.038,-577.972,-9.660
out,3684.000,-3262.769,-579.832,-9.594
out,3686.000,-3263.496,-581.694,-9.527
out,3688.000,-3264.221,-583.557,-9.460
out,3690.000,-3264.948,-585.419,-9.393
out,3692.000,-3265.678,-587.280,-9.329
out,3694.000,-3266.409,-589.140,-9.267
out,3696.000,-3267.140,-591.001,-9.206
out,3698.000,-3267.864,-592.865,-9.149
out,3700.000,-3268.580,-594.731,-9.090
out,3702.000,-3269.288,-596.600,-9.023
out,3704.000,-3269.994,-598.470,-8.945
out,3706.000,-3270.705,-600.338,-8.860
out,3708.000,-3271.420,-602.203,-8.774
out,3710.000,-3272.138,-604.068,-8.694
out,3712.000,-3272.857,-605.933,-8.622
out,3714.000,-3273.578,-607.797,-8.558
out,3716.000,-3274.297,-609.663,-8.495
out,3718.000,-3275.013,-611.529,-8.431
out,3720.000,-3275.726,-613.397,-8.366
out,3722.000,-3276.435,-615.266,-8.302
out,3724.000,-3277.142,-617.135,-8.237
out,3726.000,-3277.849,-619.005,-8.171
out,3728.000,-3278.559,-620.874,-8.102
out,3730.000,-3279.270,-622.741,-8.033
out,3732.000,-3279.983,-624.609,-7.962
out,3734.000,-3280.697,-626.476,-7.893
out,3736.000,-3281.414,-628.341,-7.824
out,3738.000,-3282.131,-630.207,-7.754
out,3740.000,-3282.847,-632.073,-7.683
out,3742.000,-3283.559,-633.941,-7.612
out,3744.000,-3284.265,-635.811,-7.541
out,3746.000,-3284.969,-637.681,-7.470
out,3748.000,-3285.676,-639.551,-7.400
out,3750.000,-3286.386,-641.419,-7.329
out,3752.000,-3287.099,-643.287,-7.259
out,3754.000,-3287.815,-645.153,-7.189
out,3756.000,-3288.532,-647.019,-7.119
out,3758.000,-3289.249,-648.884,-7.047
out,3760.000,-3289.962,-650.751,-6.974
out,3762.000,-3290.669,-652.621,-6.901
out,3764.000,-3291.371,-654.492,-6.829
out,3766.000,-3292.076,-656.363,-6.758
out,3768.000,-3292.784,-658.232,-6.687
out,3770.000,-3293.495,-660.099,-6.615
out,3772.000,-3294.210,-661.966,-6.542
out,3774.000,-3294.927,-663.832,-6.468
out,3776.000,-3295.643,-665.697,-6.393
out,3778.000,-3296.357,-667.564,-6.320
out,3780.000,-3297.066,-669.433,-6.247
out,3782.000,-3297.772,-671.303,-6.176
out,3784.000,-3298.479,-673.172,-6.103
out,3786.000,-3299.189,-675.041,-6.028
out,3788.000,-3299.901,-676.908,-5.950
out,3790.000,-3300.615,-678.775,-5.870
out,3792.000,-3301.327,-680.642,-5.790
out,3794.000,-3302.038,-682.510,-5.711
out,3796.000,-3302.746,-684.378,-5.634
out,3798.000,-3303.453,-686.247,-5.557
out,3800.000,-3304.163,-688.116,-5.480
out,3802.000,-3304.876,-689.983,-5.404
out,3804.000,-3305.591,-691.849,-5.327
out,3806.000,-3306.306,-693.715,-5.250
out,3808.000,-3307.020,-695.582,-5.172
out,3810.000,-3307.730,-697.450,-5.096
out,3812.000,-3308.437,-699.319,-5.020
out,3814.000,-3309.144,-701.189,-4.945
out,3816.000,-3309.852,-703.058,-4.868
out,3818.000,-3310.561,-704.926,-4.791
out,3820.000,-3311.273,-706.793,-4.711
out,3822.000,-3311.985,-708.660,-4.629
out,3824.000,-3312.698,-710.527,-4.548
out,3826.000,-3313.411,-712.394,-4.470
out,3828.000,-3314.123,-714.262,-4.391
out,3830.000,-3314.834,-716.129,-4.310
out,3832.000,-3315.545,-717.997,-4.227
out,3834.000,-3316.254,-719.865,-4.144
out,3836.000,-3316.962,-721.734,-4.063
out,3838.000,-3317.670,-723.603,-3.984
out,3840.000,-3318.379,-725.471,-3.907
out,3842.000,-3319.090,-727.339,-3.829
out,3844.000,-3319.802,-729.206,-3.752
out,3846.000,-3320.514,-731.074,-3.676
out,3848.000,-3321.225,-732.942,-3.599
out,3850.000,-3321.937,-734.809,-3.520
out,3852.000,-3322.651,-736.675,-3.438
out,3854.000,-3323.368,-738.540,-3.354
out,3856.000,-3324.084,-740.406,-3.272
out,3858.000,-3324.798,-742.273,-3.192
out,3860.000,-3325.509,-744.140,-3.117
out,3862.000,-3326.221,-746.008,-3.044
out,3864.000,-3326.935,-747.875,-2.973
out,3866.000,-3327.653,-749.740,-2.901
out,3868.000,-3328.372,-751.605,-2.830
out,3870.000,-3329.094,-753.469,-2.761
out,3872.000,-3329.814,-755.333,-2.685
out,3874.000,-3330.524,-757.201,-2.607
out,3876.000,-3331.230,-759.070,-2.524
out,3878.000,-3331.934,-760.941,-2.441
out,3880.000,-3332.638,-762.811,-2.359
out,3882.000,-3333.345,-764.680,-2.280
out,3884.000,-3334.056,-766.548,-2.206
out,3886.000,-3334.772,-768.414,-2.137
out,3888.000,-3335.486,-770.281,-2.070
out,3890.000,-3336.199,-772.149,-2.005
out,3892.000,-3336.913,-774.016,-1.941
out,3894.000,-3337.629,-775.882,-1.877
out,3896.000,-3338.349,-777.747,-1.813
out,3898.000,-3339.071,-779.611,-1.749
out,3900.000,-3339.797,-781.474,-1.686
out,3902.000,-3340.522,-783.337,-1.625
out,3904.000,-3341.239,-785.202,-1.563
out,3906.000,-3341.949,-787.071,-1.500
out,3908.000,-3342.657,-788.941,-1.438
out,3910.000,-3343.365,-790.810,-1.380
out,3912.000,-3344.073,-792.680,-1.325
out,3914.000,-3344.782,-794.549,-1.272
out,3916.000,-3345.493,-796.418,-1.224
out,3918.000,-3346.208,-798.285,-1.176
out,3920.000,-3346.931,-800.149,-1.115
out,3922.000,-3347.662,-802.009,-1.039
out,3924.000,-3348.394,-803.869,-0.960
out,3926.000,-3349.122,-805.730,-0.883
out,3928.000,-3349.848,-807.592,-0.812
out,3930.000,-3350.573,-809.455,-0.746
out,3932.000,-3351.295,-811.319,-0.682
out,3934.000,-3352.014,-813.184,-0.621
out,3936.000,-3352.730,-815.051,-0.562
out,3938.000,-3353.443,-816.918,-0.505
out,3940.000,-3354.157,-818.786,-0.452
out,3942.000,-3354.878,-820.650,-0.403
out,3944.000,-3355.610,-822.511,-0.356
out,3946.000,-3356.342,-824.372,-0.310
out,3948.000,-3357.069,-826.234,-0.264
out,3950.000,-3357.791,-828.099,-0.216
out,3952.000,-3358.506,-829.966,-0.166
out,3954.000,-3359.220,-831.834,-0.114
out,3956.000,-3359.936,-833.700,-0.066
out,3958.000,-3360.658,-835.565,-0.022
out,3960.000,-3361.383,-837.428,0.023
out,3962.000,-3362.109,-839.291,0.075
out,3964.000,-3362.833,-841.155,0.132
out,3966.000,-3363.555,-843.019,0.192
out,3968.000,-3364.275,-844.884,0.253
out,3970.000,-3364.994,-846.749,0.311
out,3972.000,-3365.712,-848.615,0.366
out,3974.000,-3366.428,-850.482,0.416
out,3976.000,-3367.145,-852.348,0.461
out,3978.000,-3367.866,-854.214,0.507
out,3980.000,-3368.590,-856.077,0.555
out,3982.000,-3369.315,-857.940,0.603
out,3984.000,-3370.039,-859.804,0.647
out,3986.000,-3370.760,-861.669,0.688
out,3988.000,-3371.480,-863.535,0.727
out,3990.000,-3372.200,-865.400,0.767
out,3992.000,-3372.922,-867.265,0.809
out,3994.000,-3373.645,-869.129,0.853
out,3996.000,-3374.370,-870.993,0.899
out,3998.000,-3375.095,-872.856,0.946
out,4000.000,-3375.820,-874.719,0.995
out,4002.000,-3376.547,-876.582,1.043
out,4004.000,-3377.274,-878.444,1.089
out,4006.000,-3377.999,-880.308,1.130
out,4008.000,-3378.720,-882.173,1.168
out,4010.000,-3379.437,-884.040,1.203
out,4012.000,-3380.155,-885.906,1.236
out,4014.000,-3380.877,-887.771,1.269
out,4016.000,-3381.603,-889.634,1.304
out,4018.000,-3382.332,-891.496,1.342
out,4020.000,-3383.062,-893.358,1.382
out,4022.000,-3383.792,-895.220,1.422
out,4024.000,-3384.519,-897.082,1.462
out,4026.000,-3385.244,-898.946,1.498
out,4028.000,-3385.967,-900.811,1.528
out,4030.000,-3386.688,-902.676,1.553
out,4032.000,-3387.411,-904.540,1.579
out,4034.000,-3388.137,-906.404,1.609
out,4036.000,-3388.867,-908.266,1.643
out,4038.000,-3389.597,-910.127,1.678
out,4040.000,-3390.328,-911.989,1.710
out,4042.000,-3391.058,-913.850,1.736
out,4044.000,-3391.788,-915.712,1.757
out,4046.000,-3392.518,-917.574,1.775
out,4048.000,-3393.245,-919.437,1.795
out,4050.000,-3393.971,-921.301,1.812
out,4052.000,-3394.696,-923.165,1.827
out,4054.000,-3395.414,-925.031,1.841
out,4056.000,-3396.132,-926.898,1.856
out,4058.000,-3396.853,-928.763,1.871
out,4060.000,-3397.578,-930.627,1.887
out,4062.000,-3398.304,-932.491,1.903
out,4064.000,-3399.029,-934.355,1.918
out,4066.000,-3399.753,-936.219,1.931
out,4068.000,-3400.474,-938.084,1.944
out,4070.000,-3401.196,-939.950,1.957
out,4072.000,-3401.917,-941.815,1.970
out,4074.000,-3402.641,-943.679,1.984
out,4076.000,-3403.368,-945.542,1.998
out,4078.000,-3404.099,-947.404,2.012
out,4080.000,-3404.830,-949.266,2.026
out,4082.000,-3405.561,-951.127,2.039
out,4084.000,-3406.290,-952.989,2.051
out,4086.000,-3407.016,-954.853,2.055
out,4088.000,-3407.739,-956.718,2.048
out,4090.000,-3408.459,-958.584,2.046
out,4092.000,-3409.179,-960.450,2.052
out,4094.000,-3409.902,-962.314,2.057
out,4096.000,-3410.630,-964.177,2.061
out,4098.000,-3411.361,-966.039,2.065
out,4100.000,-3412.093,-967.900,2.070
out,4102.000,-3412.825,-969.761,2.077
out,4104.000,-3413.555,-971.623,2.086
out,4106.000,-3414.285,-973.485,2.096
out,4108.000,-3415.014,-975.348,2.105
out,4110.000,-3415.744,-977.210,2.114
out,4112.000,-3416.475,-979.071,2.122
out,4114.000,-3417.206,-980.933,2.126
out,4116.000,-3417.936,-982.795,2.128
out,4118.000,-3418.664,-984.658,2.130
out,4120.000,-3419.388,-986.522,2.134
out,4122.000,-3420.111,-988.387,2.140
out,4124.000,-3420.832,-990.252,2.146
out,4126.000,-3421.553,-992.118,2.154
out,4128.000,-3422.275,-993.983,2.163
out,4130.000,-3422.999,-995.847,2.175
out,4132.000,-3423.725,-997.711,2.186
out,4134.000,-3424.454,-999.573,2.196
out,4136.000,-3425.185,-1001.435,2.205
out,4138.000,-3425.917,-1003.296,2.214
out,4140.000,-3426.649,-1005.157,2.222
out,4142.000,-3427.380,-1007.019,2.231
out,4144.000,-3428.110,-1008.881,2.240
out,4146.000,-3428.837,-1010.744,2.249
out,4148.000,-3429.564,-1012.607,2.257
out,4150.000,-3430.292,-1014.470,2.264
out,4152.000,-3431.020,-1016.333,2.271
out,4154.000,-3431.748,-1018.195,2.278
out,4156.000,-3432.477,-1020.058,2.285
out,4158.000,-3433.206,-1021.920,2.293
out,4160.000,-3433.934,-1023.783,2.301
out,4162.000,-3434.661,-1025.646,2.311
out,4164.000,-3435.387,-1027.510,2.322
out,4166.000,-3436.112,-1029.373,2.334
out,4168.000,-3436.840,-1031.236,2.345
out,4170.000,-3437.571,-1033.098,2.356
out,4172.000,-3438.303,-1034.959,2.367
out,4174.000,-3439.032,-1036.821,2.377
out,4176.000,-3439.758,-1038.685,2.383
out,4178.000,-3440.480,-1040.550,2.390
out,4180.000,-3441.200,-1042.416,2.399
out,4182.000,-3441.921,-1044.282,2.407
out,4184.000,-3442.646,-1046.145,2.414
out,4186.000,-3443.377,-1048.007,2.420
out,4188.000,-3444.111,-1049.868,2.427
out,4190.000,-3444.845,-1051.728,2.435
out,4192.000,-3445.577,-1053.589,2.444
out,4194.000,-3446.306,-1055.451,2.454
out,4196.000,-3447.034,-1057.314,2.465
out,4198.000,-3447.761,-1059.178,2.476
out,4200.000,-3448.488,-1061.041,2.486
out,4202.000,-3449.215,-1062.904,2.495
out,4204.000,-3449.943,-1064.767,2.504
out,4206.000,-3450.671,-1066.629,2.513
out,4208.000,-3451.399,-1068.492,2.524
out,4210.000,-3452.128,-1070.355,2.535
out,4212.000,-3452.856,-1072.217,2.547
out,4214.000,-3453.584,-1074.080,2.558
out,4216.000,-3454.313,-1075.942,2.569
out,4218.000,-3455.042,-1077.805,2.580
out,4220.000,-3455.770,-1079.667,2.592
out,4222.000,-3456.497,-1081.530,2.605
out,4224.000,-3457.223,-1083.394,2.619
out,4226.000,-3457.950,-1085.257,2.631
out,4228.000,-3458.678,-1087.120,2.642
out,4230.000,-3459.410,-1088.981,2.653
out,4232.000,-3460.142,-1090.842,2.662
out,4234.000,-3460.873,-1092.704,2.670
out,4236.000,-3461.603,-1094.566,2.676
out,4238.000,-3462.333,-1096.428,2.680
out,4240.000,-3463.064,-1098.290,2.683
out,4242.000,-3463.794,-1100.152,2.687
out,4244.000,-3464.521,-1102.015,2.693
out,4246.000,-3465.242,-1103.880,2.700
out,4248.000,-3465.958,-1105.748,2.709
out,4250.000,-3466.670,-1107.617,2.717
out,4252.000,-3467.379,-1109.487,2.721
out,4254.000,-3468.089,-1111.357,2.723
out,4256.000,-3468.803,-1113.225,2.723
out,4258.000,-3469.528,-1115.089,2.725
out,4260.000,-3470.271,-1116.946,2.729
out,4262.000,-3471.040,-1118.792,2.731
out,4264.000,-3471.836,-1120.627,2.731
out,4266.000,-3472.659,-1122.450,2.729
out,4268.000,-3473.508,-1124.261,2.726
out,4270.000,-3474.382,-1126.059,2.727
out,4272.000,-3475.281,-1127.846,2.732
out,4274.000,-3476.204,-1129.620,2.739
out,4276.000,-3477.151,-1131.382,2.745
out,4278.000,-3478.124,-1133.129,2.751
out,4280.000,-3479.126,-1134.860,2.757
out,4282.000,-3480.158,-1136.573,2.765
out,4284.000,-3481.221,-1138.267,2.772
out,4286.000,-3482.313,-1139.942,2.778
out,4288.000,-3483.434,-1141.599,2.781
out,4290.000,-3484.581,-1143.237,2.781
out,4292.000,-3485.757,-1144.855,2.783
out,4294.000,-3486.958,-1146.454,2.786
out,4296.000,-3488.182,-1148.036,2.787
out,4298.000,-3489.426,-1149.602,2.787
out,4300.000,-3490.688,-1151.153,2.786
out,4302.000,-3491.971,-1152.688,2.786
out,4304.000,-3493.273,-1154.206,2.788
out,4306.000,-3494.593,-1155.709,2.793
out,4308.000,-3495.927,-1157.199,2.799
out,4310.000,-3497.272,-1158.679,2.803
out,4312.000,-3498.628,-1160.148,2.804
out,4314.000,-3500.000,-1161.604,2.803
out,4316.000,-3501.389,-1163.043,2.803
out,4318.000,-3502.797,-1164.463,2.804
out,4320.000,-3504.224,-1165.864,2.807
out,4322.000,-3505.669,-1167.248,2.809
out,4324.000,-3507.129,-1168.614,2.813
out,4326.000,-3508.602,-1169.967,2.817
out,4328.000,-3510.087,-1171.307,2.822
out,4330.000,-3511.581,-1172.637,2.827
out,4332.000,-3513.081,-1173.959,2.832
out,4334.000,-3514.590,-1175.272,2.834
out,4336.000,-3516.110,-1176.572,2.835
out,4338.000,-3517.645,-1177.854,2.834
out,4340.000,-3519.198,-1179.113,2.833
out,4342.000,-3520.771,-1180.349,2.835
out,4344.000,-3522.360,-1181.564,2.840
out,4346.000,-3523.962,-1182.761,2.849
out,4348.000,-3525.574,-1183.945,2.860
out,4350.000,-3527.194,-1185.116,2.873
out,4352.000,-3528.823,-1186.277,2.888
out,4354.000,-3530.462,-1187.424,2.906
out,4356.000,-3532.112,-1188.553,2.924
out,4358.000,-3533.776,-1189.663,2.938
out,4360.000,-3535.453,-1190.753,2.944
out,4362.000,-3537.143,-1191.822,2.944
out,4364.000,-3538.848,-1192.868,2.938
out,4366.000,-3540.567,-1193.890,2.931
out,4368.000,-3542.299,-1194.890,2.925
out,4370.000,-3544.041,-1195.872,2.922
out,4372.000,-3545.793,-1196.837,2.923
out,4374.000,-3547.556,-1197.782,2.926
out,4376.000,-3549.331,-1198.703,2.932
out,4378.000,-3551.118,-1199.601,2.940
out,4380.000,-3552.918,-1200.473,2.949
out,4382.000,-3554.730,-1201.320,2.960
out,4384.000,-3556.552,-1202.144,2.969
out,4386.000,-3558.384,-1202.946,2.977
out,4388.000,-3560.224,-1203.731,2.983
out,4390.000,-3562.071,-1204.498,2.988
out,4392.000,-3563.925,-1205.248,2.994
out,4394.000,-3565.786,-1205.980,3.001
out,4396.000,-3567.654,-1206.694,3.010
out,4398.000,-3569.530,-1207.388,3.020
out,4400.000,-3571.414,-1208.060,3.030
out,4402.000,-3573.308,-1208.702,3.039
out,4404.000,-3575.213,-1209.309,3.047
out,4406.000,-3577.129,-1209.882,3.055
out,4408.000,-3579.054,-1210.427,3.061
out,4410.000,-3580.984,-1210.950,3.064
out,4412.000,-3582.920,-1211.453,3.066
out,4414.000,-3584.861,-1211.934,3.067
out,4416.000,-3586.808,-1212.390,3.072
out,4418.000,-3588.762,-1212.817,3.079
out,4420.000,-3590.722,-1213.214,3.088
out,4422.000,-3592.688,-1213.583,3.097
out,4424.000,-3594.658,-1213.926,3.106
out,4426.000,-3596.632,-1214.246,3.117
out,4428.000,-3598.610,-1214.547,3.131
out,4430.000,-3600.589,-1214.833,3.146
out,4432.000,-3602.570,-1215.111,3.159
out,4434.000,-3604.550,-1215.389,3.170
out,4436.000,-3606.530,-1215.670,3.178
out,4438.000,-3608.510,-1215.956,3.184
out,4440.000,-3610.489,-1216.246,3.187
out,4442.000,-3612.467,-1216.540,3.190
out,4444.000,-3614.445,-1216.834,3.195
out,4446.000,-3616.424,-1217.126,3.202
out,4448.000,-3618.402,-1217.417,3.210
out,4450.000,-3620.381,-1217.706,3.218
out,4452.000,-3622.361,-1217.993,3.224
out,4454.000,-3624.340,-1218.278,3.231
out,4456.000,-3626.320,-1218.563,3.240
out,4458.000,-3628.299,-1218.847,3.251
out,4460.000,-3630.279,-1219.131,3.261
out,4462.000,-3632.259,-1219.416,3.269
out,4464.000,-3634.238,-1219.703,3.276
out,4466.000,-3636.217,-1219.991,3.280
out,4468.000,-3638.196,-1220.279,3.283
out,4470.000,-3640.176,-1220.566,3.285
out,4472.000,-3642.155,-1220.852,3.287
out,4474.000,-3644.134,-1221.138,3.291
out,4476.000,-3646.114,-1221.426,3.296
out,4478.000,-3648.093,-1221.714,3.301
out,4480.000,-3650.072,-1222.003,3.308
out,4482.000,-3652.051,-1222.292,3.317
out,4484.000,-3654.030,-1222.582,3.326
out,4486.000,-3656.009,-1222.872,3.335
out,4488.000,-3657.987,-1223.162,3.344
out,4490.000,-3659.966,-1223.451,3.353
out,4492.000,-3661.946,-1223.737,3.363
out,4494.000,-3663.926,-1224.019,3.375
out,4496.000,-3665.906,-1224.300,3.386
out,4498.000,-3667.886,-1224.582,3.397
out,4500.000,-3669.866,-1224.865,3.407
out,4502.000,-3671.845,-1225.151,3.417
out,4504.000,-3673.824,-1225.439,3.427
out,4506.000,-3675.803,-1225.727,3.438
out,4508.000,-3677.783,-1226.014,3.450
out,4510.000,-3679.762,-1226.300,3.464
out,4512.000,-3681.742,-1226.585,3.478
out,4514.000,-3683.721,-1226.872,3.492
out,4516.000,-3685.700,-1227.161,3.507
out,4518.000,-3687.679,-1227.450,3.524
out,4520.000,-3689.658,-1227.738,3.541
out,4522.000,-3691.637,-1228.022,3.559
out,4524.000,-3693.617,-1228.304,3.576
out,4526.000,-3695.598,-1228.583,3.592
out,4528.000,-3697.578,-1228.863,3.608
out,4530.000,-3699.558,-1229.145,3.620
out,4532.000,-3701.538,-1229.428,3.629
out,4534.000,-3703.518,-1229.711,3.638
out,4536.000,-3705.498,-1229.994,3.648
out,4538.000,-3707.478,-1230.276,3.657
out,4540.000,-3709.457,-1230.561,3.667
out,4542.000,-3711.437,-1230.847,3.677
out,4544.000,-3713.416,-1231.134,3.689
out,4546.000,-3715.396,-1231.418,3.701
out,4548.000,-3717.376,-1231.697,3.713
out,4550.000,-3719.356,-1231.975,3.723
out,4552.000,-3721.337,-1232.254,3.732
out,4554.000,-3723.317,-1232.537,3.740
out,4556.000,-3725.296,-1232.821,3.749
out,4558.000,-3727.276,-1233.107,3.762
out,4560.000,-3729.255,-1233.394,3.778
out,4562.000,-3731.234,-1233.681,3.793
out,4564.000,-3733.213,-1233.969,3.806
out,4566.000,-3735.193,-1234.256,3.816
out,4568.000,-3737.173,-1234.539,3.825
out,4570.000,-3739.153,-1234.818,3.833
out,4572.000,-3741.134,-1235.096,3.843
out,4574.000,-3743.114,-1235.377,3.854
out,4576.000,-3745.093,-1235.663,3.867
out,4578.000,-3747.072,-1235.951,3.880
out,4580.000,-3749.051,-1236.240,3.892
out,4582.000,-3751.030,-1236.528,3.901
out,4584.000,-3753.010,-1236.815,3.908
out,4586.000,-3754.989,-1237.101,3.915
out,4588.000,-3756.968,-1237.387,3.922
out,4590.000,-3758.948,-1237.676,3.932
out,4592.000,-3760.926,-1237.965,3.945
out,4594.000,-3762.906,-1238.253,3.958
out,4596.000,-3764.885,-1238.536,3.970
out,4598.000,-3766.866,-1238.816,3.982
out,4600.000,-3768.846,-1239.095,3.995
out,4602.000,-3770.827,-1239.374,4.008
out,4604.000,-3772.807,-1239.653,4.020
out,4606.000,-3774.787,-1239.936,4.029
out,4608.000,-3776.766,-1240.222,4.038
out,4610.000,-3778.745,-1240.510,4.047
out,4612.000,-3780.725,-1240.795,4.059
out,4614.000,-3782.705,-1241.076,4.073
out,4616.000,-3784.685,-1241.354,4.089
out,4618.000,-3786.666,-1241.632,4.104
out,4620.000,-3788.646,-1241.911,4.118
out,4622.000,-3790.626,-1242.196,4.128
out,4624.000,-3792.605,-1242.487,4.136
out,4626.000,-3794.583,-1242.778,4.144
out,4628.000,-3796.563,-1243.064,4.155
out,4630.000,-3798.543,-1243.343,4.167
out,4632.000,-3800.524,-1243.618,4.178
out,4634.000,-3802.505,-1243.894,4.188
out,4636.000,-3804.485,-1244.173,4.198
out,4638.000,-3806.465,-1244.457,4.211
out,4640.000,-3808.444,-1244.744,4.226
out,4642.000,-3810.423,-1245.033,4.244
out,4644.000,-3812.402,-1245.321,4.260
out,4646.000,-3814.382,-1245.607,4.275
out,4648.000,-3816.362,-1245.889,4.290
out,4650.000,-3818.342,-1246.168,4.305
out,4652.000,-3820.322,-1246.448,4.321
out,4654.000,-3822.302,-1246.730,4.339
out,4656.000,-3824.282,-1247.015,4.357
out,4658.000,-3826.261,-1247.302,4.375
out,4660.000,-3828.240,-1247.588,4.391
out,4662.000,-3830.220,-1247.871,4.403
out,4664.000,-3832.201,-1248.146,4.413
out,4666.000,-3834.183,-1248.418,4.422
out,4668.000,-3836.164,-1248.693,4.433
out,4670.000,-3838.144,-1248.975,4.446
out,4672.000,-3840.122,-1249.265,4.460
out,4674.000,-3842.100,-1249.559,4.476
out,4676.000,-3844.079,-1249.854,4.492
out,4678.000,-3846.058,-1250.141,4.510
out,4680.000,-3848.038,-1250.419,4.527
out,4682.000,-3850.020,-1250.690,4.543
out,4684.000,-3852.002,-1250.959,4.559
out,4686.000,-3853.983,-1251.232,4.575
out,4688.000,-3855.963,-1251.512,4.591
out,4690.000,-3857.942,-1251.801,4.607
out,4692.000,-3859.920,-1252.096,4.621
out,4694.000,-3861.898,-1252.395,4.635
out,4696.000,-3863.875,-1252.692,4.647
out,4698.000,-3865.854,-1252.981,4.660
out,4700.000,-3867.835,-1253.261,4.676
out,4702.000,-3869.816,-1253.534,4.695
out,4704.000,-3871.797,-1253.805,4.715
out,4706.000,-3873.778,-1254.078,4.731
out,4708.000,-3875.759,-1254.356,4.744
out,4710.000,-3877.739,-1254.638,4.754
out,4712.000,-3879.718,-1254.923,4.766
out,4714.000,-3881.697,-1255.212,4.779
out,4716.000,-3883.676,-1255.504,4.793
out,4718.000,-3885.655,-1255.795,4.807
out,4720.000,-3887.634,-1256.084,4.821
out,4722.000,-3889.613,-1256.371,4.836
out,4724.000,-3891.592,-1256.655,4.852
out,4726.000,-3893.572,-1256.938,4.869
out,4728.000,-3895.552,-1257.219,4.883
out,4730.000,-3897.532,-1257.502,4.895
out,4732.000,-3899.512,-1257.785,4.908
out,4734.000,-3901.492,-1258.070,4.924
out,4736.000,-3903.471,-1258.353,4.944
out,4738.000,-3905.451,-1258.636,4.967
out,4740.000,-3907.431,-1258.917,4.990
out,4742.000,-3909.411,-1259.198,5.014
out,4744.000,-3911.391,-1259.482,5.035
out,4746.000,-3913.370,-1259.767,5.054
out,4748.000,-3915.350,-1260.054,5.073
out,4750.000,-3917.329,-1260.340,5.097
out,4752.000,-3919.308,-1260.623,5.126
out,4754.000,-3921.288,-1260.905,5.154
out,4756.000,-3923.268,-1261.186,5.176
out,4758.000,-3925.248,-1261.469,5.193
out,4760.000,-3927.228,-1261.754,5.207
out,4762.000,-3929.207,-1262.042,5.221
out,4764.000,-3931.186,-1262.330,5.237
out,4766.000,-3933.165,-1262.616,5.256
out,4768.000,-3935.145,-1262.896,5.277
out,4770.000,-3937.126,-1263.174,5.297
out,4772.000,-3939.106,-1263.451,5.316
out,4774.000,-3941.086,-1263.733,5.335
out,4776.000,-3943.066,-1264.020,5.357
out,4778.000,-3945.044,-1264.309,5.382
out,4780.000,-3947.023,-1264.599,5.405
out,4782.000,-3949.002,-1264.885,5.424
out,4784.000,-3950.982,-1265.167,5.438
out,4786.000,-3952.964,-1265.442,5.450
out,4788.000,-3954.946,-1265.709,5.461
out,4790.000,-3956.928,-1265.972,5.474
out,4792.000,-3958.911,-1266.232,5.488
out,4794.000,-3960.894,-1266.489,5.502
out,4796.000,-3962.879,-1266.740,5.517
out,4798.000,-3964.864,-1266.980,5.533
out,4800.000,-3966.851,-1267.207,5.551
out,4802.000,-3968.840,-1267.421,5.572
out,4804.000,-3970.829,-1267.624,5.597
out,4806.000,-3972.820,-1267.814,5.621
out,4808.000,-3974.812,-1267.988,5.643
out,4810.000,-3976.806,-1268.144,5.658
out,4812.000,-3978.801,-1268.282,5.665
out,4814.000,-3980.798,-1268.399,5.668
out,4816.000,-3982.795,-1268.500,5.671
out,4818.000,-3984.793,-1268.583,5.679
out,4820.000,-3986.792,-1268.652,5.691
out,4822.000,-3988.791,-1268.711,5.706
out,4824.000,-3990.791,-1268.763,5.720
out,4826.000,-3992.790,-1268.808,5.734
out,4828.000,-3994.790,-1268.848,5.750
out,4830.000,-3996.789,-1268.883,5.767
out,4832.000,-3998.789,-1268.913,5.785
out,4834.000,-4000.789,-1268.938,5.805
out,4836.000,-4002.788,-1268.954,5.826
out,4838.000,-4004.788,-1268.959,5.848
out,4840.000,-4006.788,-1268.952,5.873
out,4842.000,-4008.788,-1268.930,5.899
out,4844.000,-4010.787,-1268.893,5.924
out,4846.000,-4012.787,-1268.841,5.946
out,4848.000,-4014.785,-1268.775,5.963
out,4850.000,-4016.784,-1268.694,5.979
out,4852.000,-4018.781,-1268.598,5.994
out,4854.000,-4020.778,-1268.490,6.009
out,4856.000,-4022.775,-1268.372,6.024
out,4858.000,-4024.771,-1268.245,6.039
out,4860.000,-4026.766,-1268.106,6.054
out,4862.000,-4028.760,-1267.950,6.069
out,4864.000,-4030.752,-1267.775,6.083
out,4866.000,-4032.743,-1267.582,6.098
out,4868.000,-4034.732,-1267.377,6.111
out,4870.000,-4036.721,-1267.165,6.122
out,4872.000,-4038.708,-1266.940,6.131
out,4874.000,-4040.693,-1266.696,6.136
out,4876.000,-4042.675,-1266.429,6.138
out,4878.000,-4044.655,-1266.145,6.138
out,4880.000,-4046.633,-1265.849,6.138
out,4882.000,-4048.609,-1265.543,6.140
out,4884.000,-4050.584,-1265.226,6.145
out,4886.000,-4052.557,-1264.897,6.153
out,4888.000,-4054.527,-1264.554,6.163
out,4890.000,-4056.494,-1264.194,6.174
out,4892.000,-4058.458,-1263.817,6.184
out,4894.000,-4060.419,-1263.423,6.195
out,4896.000,-4062.376,-1263.011,6.207
out,4898.000,-4064.329,-1262.581,6.224
out,4900.000,-4066.279,-1262.134,6.246
out,4902.000,-4068.224,-1261.672,6.268
out,4904.000,-4070.166,-1261.194,6.288
out,4906.000,-4072.105,-1260.701,6.302
out,4908.000,-4074.039,-1260.195,6.314
out,4910.000,-4075.971,-1259.676,6.331
out,4912.000,-4077.898,-1259.142,6.355
out,4914.000,-4079.822,-1258.595,6.386
out,4916.000,-4081.742,-1258.037,6.417
out,4918.000,-4083.659,-1257.468,6.446
out,4920.000,-4085.573,-1256.889,6.471
out,4922.000,-4087.484,-1256.300,6.493
out,4924.000,-4089.391,-1255.697,6.509
out,4926.000,-4091.293,-1255.079,6.521
out,4928.000,-4093.190,-1254.445,6.527
out,4930.000,-4095.082,-1253.796,6.531
out,4932.000,-4096.970,-1253.136,6.533
out,4934.000,-4098.855,-1252.468,6.535
out,4936.000,-4100.737,-1251.791,6.537
out,4938.000,-4102.616,-1251.106,6.544
out,4940.000,-4104.491,-1250.409,6.559
out,4942.000,-4106.361,-1249.702,6.580
out,4944.000,-4108.229,-1248.987,6.601
out,4946.000,-4110.096,-1248.271,6.616
out,4948.000,-4111.964,-1247.556,6.628
out,4950.000,-4113.834,-1246.845,6.639
out,4952.000,-4115.704,-1246.138,6.650
out,4954.000,-4117.575,-1245.432,6.662
out,4956.000,-4119.446,-1244.725,6.675
out,4958.000,-4121.316,-1244.016,6.687
out,4960.000,-4123.186,-1243.306,6.697
out,4962.000,-4125.056,-1242.595,6.704
out,4964.000,-4126.926,-1241.886,6.711
out,4966.000,-4128.795,-1241.176,6.715
out,4968.000,-4130.664,-1240.464,6.719
out,4970.000,-4132.533,-1239.751,6.726
out,4972.000,-4134.401,-1239.036,6.735
out,4974.000,-4136.268,-1238.320,6.744
out,4976.000,-4138.136,-1237.605,6.751
out,4978.000,-4140.005,-1236.893,6.756
out,4980.000,-4141.875,-1236.183,6.760
out,4982.000,-4143.744,-1235.472,6.763
out,4984.000,-4145.613,-1234.760,6.767
out,4986.000,-4147.482,-1234.049,6.772
out,4988.000,-4149.353,-1233.342,6.779
out,4990.000,-4151.225,-1232.637,6.786
out,4992.000,-4153.097,-1231.934,6.794
out,4994.000,-4154.970,-1231.232,6.804
out,4996.000,-4156.842,-1230.529,6.815
out,4998.000,-4158.714,-1229.824,6.826
out,5000.000,-4160.585,-1229.118,6.835
out,5002.000,-4162.455,-1228.410,6.843
out,5004.000,-4164.324,-1227.698,6.851
out,5006.000,-4166.193,-1226.985,6.857
out,5008.000,-4168.062,-1226.274,6.862
out,5010.000,-4169.933,-1225.566,6.867
out,5012.000,-4171.805,-1224.862,6.872
out,5014.000,-4173.677,-1224.157,6.878
out,5016.000,-4175.548,-1223.453,6.882
out,5018.000,-4177.420,-1222.747,6.883
out,5020.000,-4179.291,-1222.041,6.879
out,5022.000,-4181.162,-1221.334,6.874
out,5024.000,-4183.033,-1220.628,6.870
out,5026.000,-4184.903,-1219.920,6.867
out,5028.000,-4186.773,-1219.209,6.866
out,5030.000,-4188.643,-1218.499,6.867
out,5032.000,-4190.513,-1217.792,6.866
out,5034.000,-4192.385,-1217.087,6.861
out,5036.000,-4194.256,-1216.381,6.857
out,5038.000,-4196.127,-1215.673,6.853
out,5040.000,-4197.996,-1214.961,6.851
out,5042.000,-4199.865,-1214.250,6.849
out,5044.000,-4201.735,-1213.540,6.846
out,5046.000,-4203.605,-1212.832,6.842
out,5048.000,-4205.476,-1212.125,6.838
out,5050.000,-4207.346,-1211.415,6.836
out,5052.000,-4209.215,-1210.703,6.836
out,5054.000,-4211.084,-1209.990,6.838
out,5056.000,-4212.953,-1209.279,6.837
out,5058.000,-4214.823,-1208.571,6.829
out,5060.000,-4216.694,-1207.865,6.812
out,5062.000,-4218.566,-1207.161,6.800
out,5064.000,-4220.438,-1206.456,6.791
out,5066.000,-4222.310,-1205.750,6.785
out,5068.000,-4224.180,-1205.043,6.781
out,5070.000,-4226.051,-1204.335,6.779
out,5072.000,-4227.921,-1203.625,6.777
out,5074.000,-4229.790,-1202.915,6.774
out,5076.000,-4231.660,-1202.205,6.770
out,5078.000,-4233.529,-1201.494,6.765
out,5080.000,-4235.399,-1200.783,6.759
out,5082.000,-4237.267,-1200.071,6.754
out,5084.000,-4239.136,-1199.358,6.749
out,5086.000,-4241.006,-1198.647,6.745
out,5088.000,-4242.876,-1197.939,6.740
out,5090.000,-4244.747,-1197.232,6.735
out,5092.000,-4246.618,-1196.525,6.730
out,5094.000,-4248.488,-1195.817,6.726
out,5096.000,-4250.359,-1195.110,6.722
out,5098.000,-4252.231,-1194.407,6.717
out,5100.000,-4254.105,-1193.706,6.709
out,5102.000,-4255.977,-1193.004,6.700
out,5104.000,-4257.848,-1192.296,6.692
out,5106.000,-4259.716,-1191.582,6.685
out,5108.000,-4261.583,-1190.866,6.677
out,5110.000,-4263.451,-1190.151,6.668
out,5112.000,-4265.320,-1189.438,6.660
out,5114.000,-4267.188,-1188.724,6.653
out,5116.000,-4269.056,-1188.010,6.646
out,5118.000,-4270.925,-1187.297,6.637
out,5120.000,-4272.794,-1186.587,6.627
out,5122.000,-4274.665,-1185.881,6.616
out,5124.000,-4276.536,-1185.174,6.605
out,5126.000,-4278.405,-1184.462,6.595
out,5128.000,-4280.273,-1183.748,6.584
out,5130.000,-4282.142,-1183.034,6.574
out,5132.000,-4284.013,-1182.327,6.563
out,5134.000,-4285.886,-1181.628,6.554
out,5136.000,-4287.761,-1180.930,6.545
out,5138.000,-4289.634,-1180.229,6.538
out,5140.000,-4291.504,-1179.520,6.530
out,5142.000,-4293.371,-1178.804,6.519
out,5144.000,-4295.238,-1178.086,6.506
out,5146.000,-4297.106,-1177.371,6.494
out,5148.000,-4298.975,-1176.661,6.483
out,5150.000,-4300.846,-1175.954,6.475
out,5152.000,-4302.718,-1175.248,6.467
out,5154.000,-4304.588,-1174.541,6.456
out,5156.000,-4306.458,-1173.830,6.442
out,5158.000,-4308.327,-1173.119,6.427
out,5160.000,-4310.196,-1172.408,6.412
out,5162.000,-4312.066,-1171.699,6.397
out,5164.000,-4313.937,-1170.993,6.384
out,5166.000,-4315.809,-1170.288,6.372
out,5168.000,-4317.680,-1169.583,6.364
out,5170.000,-4319.552,-1168.877,6.358
out,5172.000,-4321.423,-1168.171,6.353
out,5174.000,-4323.293,-1167.463,6.347
out,5176.000,-4325.163,-1166.752,6.339
out,5178.000,-4327.032,-1166.041,6.330
out,5180.000,-4328.901,-1165.329,6.318
out,5182.000,-4330.771,-1164.618,6.305
out,5184.000,-4332.640,-1163.908,6.291
out,5186.000,-4334.510,-1163.199,6.278
out,5188.000,-4336.381,-1162.492,6.264
out,5190.000,-4338.253,-1161.787,6.248
out,5192.000,-4340.125,-1161.083,6.234
out,5194.000,-4341.996,-1160.378,6.221
out,5196.000,-4343.868,-1159.673,6.207
out,5198.000,-4345.739,-1158.968,6.193
out,5200.000,-4347.610,-1158.262,6.181
out,5202.000,-4349.481,-1157.555,6.171
out,5204.000,-4351.353,-1156.850,6.163
out,5206.000,-4353.225,-1156.147,6.156
out,5208.000,-4355.098,-1155.444,6.147
out,5210.000,-4356.969,-1154.739,6.134
out,5212.000,-4358.839,-1154.031,6.117
out,5214.000,-4360.709,-1153.321,6.097
out,5216.000,-4362.579,-1152.612,6.078
out,5218.000,-4364.450,-1151.904,6.061
out,5220.000,-4366.320,-1151.195,6.047
out,5222.000,-4368.190,-1150.486,6.035
out,5224.000,-4370.059,-1149.775,6.021
out,5226.000,-4371.928,-1149.064,6.007
out,5228.000,-4373.798,-1148.355,5.992
out,5230.000,-4375.670,-1147.650,5.978
out,5232.000,-4377.542,-1146.947,5.968
out,5234.000,-4379.415,-1146.246,5.961
out,5236.000,-4381.288,-1145.543,5.955
out,5238.000,-4383.159,-1144.836,5.948
out,5240.000,-4385.028,-1144.126,5.941
out,5242.000,-4386.897,-1143.412,5.931
out,5244.000,-4388.764,-1142.697,5.920
out,5246.000,-4390.633,-1141.984,5.908
out,5248.000,-4392.502,-1141.274,5.898
out,5250.000,-4394.373,-1140.566,5.891
out,5252.000,-4396.244,-1139.860,5.887
out,5254.000,-4398.115,-1139.152,5.884
out,5256.000,-4399.984,-1138.439,5.877
out,5258.000,-4401.851,-1137.724,5.866
out,5260.000,-4403.720,-1137.011,5.852
out,5262.000,-4405.589,-1136.299,5.838
out,5264.000,-4407.458,-1135.588,5.824
out,5266.000,-4409.326,-1134.874,5.808
out,5268.000,-4411.194,-1134.159,5.788
out,5270.000,-4413.063,-1133.447,5.766
out,5272.000,-4414.934,-1132.741,5.741
out,5274.000,-4416.806,-1132.039,5.715
out,5276.000,-4418.680,-1131.340,5.686
out,5278.000,-4420.553,-1130.639,5.656
out,5280.000,-4422.424,-1129.934,5.626
out,5282.000,-4424.295,-1129.226,5.597
out,5284.000,-4426.164,-1128.517,5.569
out,5286.000,-4428.034,-1127.808,5.541
out,5288.000,-4429.905,-1127.100,5.511
out,5290.000,-4431.775,-1126.392,5.478
out,5292.000,-4433.646,-1125.685,5.443
out,5294.000,-4435.516,-1124.979,5.409
out,5296.000,-4437.387,-1124.271,5.377
out,5298.000,-4439.256,-1123.562,5.349
out,5300.000,-4441.126,-1122.851,5.325
out,5302.000,-4442.994,-1122.139,5.304
out,5304.000,-4444.863,-1121.426,5.286
out,5306.000,-4446.732,-1120.714,5.269
out,5308.000,-4448.602,-1120.005,5.250
out,5310.000,-4450.472,-1119.296,5.227
out,5312.000,-4452.342,-1118.587,5.197
out,5314.000,-4454.211,-1117.877,5.164
out,5316.000,-4456.082,-1117.170,5.131
out,5318.000,-4457.954,-1116.467,5.100
out,5320.000,-4459.827,-1115.767,5.070
out,5322.000,-4461.700,-1115.066,5.038
out,5324.000,-4463.569,-1114.355,5.003
out,5326.000,-4465.432,-1113.630,4.965
out,5328.000,-4467.293,-1112.896,4.926
out,5330.000,-4469.155,-1112.167,4.889
out,5332.000,-4471.025,-1111.459,4.854
out,5334.000,-4472.908,-1110.788,4.824
out,5336.000,-4474.809,-1110.166,4.801
out,5338.000,-4476.728,-1109.604,4.787
out,5340.000,-4478.665,-1109.105,4.780
out,5342.000,-4480.617,-1108.670,4.779
out,5344.000,-4482.582,-1108.302,4.778
out,5346.000,-4484.560,-1108.007,4.773
out,5348.000,-4486.548,-1107.789,4.760
out,5350.000,-4488.543,-1107.651,4.738
out,5352.000,-4490.542,-1107.598,4.711
out,5354.000,-4492.541,-1107.627,4.685
out,5356.000,-4494.539,-1107.725,4.664
out,5358.000,-4496.532,-1107.881,4.650
out,5360.000,-4498.521,-1108.092,4.641
out,5362.000,-4500.501,-1108.375,4.635
out,5364.000,-4502.464,-1108.753,4.630
out,5366.000,-4504.401,-1109.250,4.622
out,5368.000,-4506.298,-1109.879,4.608
out,5370.000,-4508.144,-1110.646,4.591
out,5372.000,-4509.928,-1111.547,4.574
out,5374.000,-4511.644,-1112.573,4.561
out,5376.000,-4513.288,-1113.711,4.553
out,5378.000,-4514.861,-1114.946,4.548
out,5380.000,-4516.371,-1116.256,4.543
out,5382.000,-4517.833,-1117.622,4.539
out,5384.000,-4519.259,-1119.024,4.534
out,5386.000,-4520.657,-1120.453,4.527
out,5388.000,-4522.030,-1121.908,4.516
out,5390.000,-4523.378,-1123.385,4.502
out,5392.000,-4524.706,-1124.881,4.484
out,5394.000,-4526.012,-1126.395,4.464
out,5396.000,-4527.296,-1127.929,4.445
out,5398.000,-4528.551,-1129.485,4.429
out,5400.000,-4529.776,-1131.066,4.417
out,5402.000,-4530.968,-1132.672,4.406
out,5404.000,-4532.125,-1134.303,4.396
out,5406.000,-4533.243,-1135.961,4.385
out,5408.000,-4533.905,-1137.849,4.372
out,5410.000,-4533.467,-1139.788,4.358
out,5412.000,-4533.509,-1141.766,4.341
out,5414.000,-4533.995,-1143.698,4.329
out,5416.000,-4534.600,-1145.604,4.328
out,5418.000,-4535.223,-1147.504,4.332
out,5420.000,-4535.865,-1149.399,4.338
out,5422.000,-4536.526,-1151.286,4.339
out,5424.000,-4537.207,-1153.167,4.335
out,5426.000,-4537.915,-1155.037,4.327
out,5428.000,-4538.654,-1156.895,4.320
out,5430.000,-4539.429,-1158.739,4.317
out,5432.000,-4540.238,-1160.568,4.318
out,5434.000,-4541.076,-1162.384,4.322
out,5436.000,-4541.935,-1164.190,4.325
out,5438.000,-4542.809,-1165.989,4.326
out,5440.000,-4543.695,-1167.782,4.324
out,5442.000,-4544.592,-1169.570,4.317
out,5444.000,-4545.502,-1171.350,4.306
out,5446.000,-4546.426,-1173.124,4.289
out,5448.000,-4547.364,-1174.890,4.270
out,5450.000,-4548.317,-1176.649,4.246
out,5452.000,-4549.283,-1178.400,4.216
out,5454.000,-4550.262,-1180.143,4.181
out,5456.000,-4551.254,-1181.880,4.145
out,5458.000,-4552.259,-1183.608,4.111
out,5460.000,-4553.279,-1185.328,4.082
out,5462.000,-4554.312,-1187.041,4.056
out,5464.000,-4555.358,-1188.745,4.032
out,5466.000,-4556.418,-1190.441,4.007
out,5468.000,-4557.498,-1192.124,3.982
out,5470.000,-4558.605,-1193.790,3.958
out,5472.000,-4559.741,-1195.435,3.935
out,5474.000,-4560.906,-1197.061,3.914
out,5476.000,-4562.098,-1198.667,3.893
out,5478.000,-4563.314,-1200.254,3.872
out,5480.000,-4564.555,-1201.822,3.852
out,5482.000,-4565.820,-1203.371,3.837
out,5484.000,-4567.108,-1204.901,3.830
out,5486.000,-4568.422,-1206.409,3.829
out,5488.000,-4569.759,-1207.896,3.827
out,5490.000,-4571.119,-1209.363,3.822
out,5492.000,-4572.499,-1210.811,3.813
out,5494.000,-4573.902,-1212.236,3.803
out,5496.000,-4575.333,-1213.633,3.797
out,5498.000,-4576.792,-1215.000,3.796
out,5500.000,-4578.278,-1216.339,3.798
out,5502.000,-4579.790,-1217.648,3.799
out,5504.000,-4581.326,-1218.929,3.796
out,5506.000,-4582.885,-1220.182,3.788
out,5508.000,-4584.469,-1221.402,3.777
out,5510.000,-4586.080,-1222.587,3.763
out,5512.000,-4587.717,-1223.737,3.746
out,5514.000,-4589.371,-1224.860,3.728
out,5516.000,-4591.036,-1225.969,3.707
return,0.000,-4597.392,-1204.629,4.116
return,2.000,-4596.005,-1203.189,4.134
return,4.000,-4594.616,-1201.750,4.146
return,6.000,-4593.226,-1200.312,4.157
return,8.000,-4591.837,-1198.873,4.170
return,10.000,-4590.449,-1197.433,4.182
return,12.000,-4589.061,-1195.993,4.191
return,14.000,-4587.671,-1194.555,4.200
return,16.000,-4586.280,-1193.118,4.209
return,18.000,-4584.890,-1191.681,4.220
return,20.000,-4583.498,-1190.244,4.231
return,22.000,-4582.106,-1188.808,4.244
return,24.000,-4580.713,-1187.373,4.259
return,26.000,-4579.319,-1185.939,4.272
return,28.000,-4577.925,-1184.505,4.280
return,30.000,-4576.529,-1183.073,4.283
return,32.000,-4575.133,-1181.640,4.283
return,34.000,-4573.739,-1180.206,4.282
return,36.000,-4572.346,-1178.771,4.283
return,38.000,-4570.954,-1177.335,4.286
return,40.000,-4569.565,-1175.896,4.292
return,42.000,-4568.177,-1174.456,4.298
return,44.000,-4566.791,-1173.014,4.304
return,46.000,-4565.404,-1171.573,4.309
return,48.000,-4564.017,-1170.133,4.313
return,50.000,-4562.627,-1168.694,4.316
return,52.000,-4561.235,-1167.258,4.317
return,54.000,-4559.840,-1165.825,4.316
return,56.000,-4558.443,-1164.394,4.313
return,58.000,-4557.044,-1162.965,4.310
return,60.000,-4555.644,-1161.536,4.308
return,62.000,-4554.246,-1160.107,4.306
return,64.000,-4552.851,-1158.673,4.303
return,66.000,-4551.462,-1157.235,4.301
return,68.000,-4550.075,-1155.793,4.304
return,70.000,-4548.689,-1154.352,4.313
return,72.000,-4547.301,-1152.911,4.326
return,74.000,-4545.910,-1151.475,4.336
return,76.000,-4544.514,-1150.042,4.339
return,78.000,-4543.115,-1148.613,4.335
return,80.000,-4541.714,-1147.186,4.328
return,82.000,-4540.313,-1145.758,4.325
return,84.000,-4538.912,-1144.331,4.330
return,86.000,-4537.509,-1142.906,4.343
return,88.000,-4536.107,-1141.479,4.362
return,90.000,-4534.713,-1140.045,4.378
return,92.000,-4533.326,-1138.605,4.387
return,94.000,-4531.939,-1137.164,4.386
return,96.000,-4530.546,-1135.728,4.385
return,98.000,-4529.148,-1134.299,4.389
return,100.000,-4527.749,-1132.870,4.403
return,102.000,-4526.356,-1131.434,4.425
return,104.000,-4524.973,-1129.990,4.452
return,106.000,-4523.600,-1128.536,4.478
return,108.000,-4522.238,-1127.071,4.500
return,110.000,-4520.887,-1125.596,4.518
return,112.000,-4519.541,-1124.117,4.529
return,114.000,-4518.186,-1122.647,4.534
return,116.000,-4516.796,-1121.209,4.534
return,118.000,-4515.342,-1119.836,4.534
return,120.000,-4513.806,-1118.556,4.538
return,122.000,-4512.181,-1117.392,4.546
return,124.000,-4510.469,-1116.360,4.560
return,126.000,-4508.684,-1115.460,4.581
return,128.000,-4506.846,-1114.672,4.606
return,130.000,-4504.973,-1113.972,4.629
return,132.000,-4503.073,-1113.350,4.645
return,134.000,-4501.148,-1112.807,4.655
return,136.000,-4499.202,-1112.349,4.659
return,138.000,-4497.236,-1111.981,4.662
return,140.000,-4495.256,-1111.698,4.665
return,142.000,-4493.267,-1111.496,4.671
return,144.000,-4491.271,-1111.373,4.680
return,146.000,-4489.272,-1111.332,4.694
return,148.000,-4487.273,-1111.376,4.712
return,150.000,-4485.277,-1111.509,4.737
return,152.000,-4483.291,-1111.740,4.767
return,154.000,-4481.321,-1112.077,4.797
return,156.000,-4479.370,-1112.516,4.821
return,158.000,-4477.443,-1113.049,4.837
return,160.000,-4475.537,-1113.655,4.846
return,162.000,-4473.646,-1114.307,4.856
return,164.000,-4471.765,-1114.988,4.871
return,166.000,-4469.892,-1115.687,4.891
return,168.000,-4468.022,-1116.396,4.916
return,170.000,-4466.154,-1117.111,4.941
return,172.000,-4464.286,-1117.823,4.967
return,174.000,-4462.415,-1118.531,4.996
return,176.000,-4460.543,-1119.234,5.026
return,178.000,-4458.669,-1119.933,5.054
return,180.000,-4456.795,-1120.631,5.081
return,182.000,-4454.922,-1121.332,5.113
return,184.000,-4453.051,-1122.037,5.150
return,186.000,-4451.181,-1122.745,5.181
return,188.000,-4449.312,-1123.456,5.210
return,190.000,-4447.442,-1124.166,5.236
return,192.000,-4445.573,-1124.876,5.261
return,194.000,-4443.703,-1125.586,5.286
return,196.000,-4441.834,-1126.297,5.314
return,198.000,-4439.965,-1127.009,5.345
return,200.000,-4438.097,-1127.721,5.377
return,202.000,-4436.228,-1128.432,5.409
return,204.000,-4434.358,-1129.141,5.440
return,206.000,-4432.487,-1129.848,5.471
return,208.000,-4430.616,-1130.553,5.505
return,210.000,-4428.745,-1131.259,5.543
return,212.000,-4426.874,-1131.966,5.582
return,214.000,-4425.003,-1132.670,5.621
return,216.000,-4423.131,-1133.373,5.656
return,218.000,-4421.259,-1134.076,5.688
return,220.000,-4419.387,-1134.780,5.715
return,222.000,-4417.515,-1135.485,5.737
return,224.000,-4415.644,-1136.191,5.754
return,226.000,-4413.774,-1136.900,5.767
return,228.000,-4411.905,-1137.611,5.778
return,230.000,-4410.036,-1138.325,5.790
return,232.000,-4408.169,-1139.039,5.805
return,234.000,-4406.300,-1139.752,5.821
return,236.000,-4404.431,-1140.463,5.836
return,238.000,-4402.561,-1141.173,5.849
return,240.000,-4400.691,-1141.882,5.860
return,242.000,-4398.821,-1142.591,5.869
return,244.000,-4396.951,-1143.300,5.877
return,246.000,-4395.080,-1144.008,5.885
return,248.000,-4393.210,-1144.717,5.896
return,250.000,-4391.341,-1145.427,5.909
return,252.000,-4389.472,-1146.140,5.923
return,254.000,-4387.603,-1146.852,5.936
return,256.000,-4385.734,-1147.564,5.947
return,258.000,-4383.864,-1148.273,5.957
return,260.000,-4381.993,-1148.980,5.968
return,262.000,-4380.121,-1149.683,5.980
return,264.000,-4378.248,-1150.385,5.993
return,266.000,-4376.376,-1151.089,6.007
return,268.000,-4374.506,-1151.797,6.018
return,270.000,-4372.636,-1152.508,6.027
return,272.000,-4370.767,-1153.219,6.035
return,274.000,-4368.898,-1153.930,6.045
return,276.000,-4367.028,-1154.640,6.059
return,278.000,-4365.158,-1155.349,6.076
return,280.000,-4363.287,-1156.056,6.092
return,282.000,-4361.416,-1156.762,6.105
return,284.000,-4359.544,-1157.467,6.114
return,286.000,-4357.673,-1158.173,6.122
return,288.000,-4355.802,-1158.879,6.132
return,290.000,-4353.930,-1159.583,6.144
return,292.000,-4352.058,-1160.286,6.154
return,294.000,-4350.186,-1160.991,6.163
return,296.000,-4348.316,-1161.699,6.172
return,298.000,-4346.446,-1162.411,6.183
return,300.000,-4344.577,-1163.122,6.196
return,302.000,-4342.707,-1163.830,6.211
return,304.000,-4340.835,-1164.534,6.227
return,306.000,-4338.961,-1165.232,6.241
return,308.000,-4337.086,-1165.928,6.253
return,310.000,-4335.212,-1166.627,6.262
return,312.000,-4333.340,-1167.331,6.270
return,314.000,-4331.470,-1168.041,6.279
return,316.000,-4329.603,-1168.757,6.292
return,318.000,-4327.737,-1169.476,6.309
return,320.000,-4325.870,-1170.195,6.325
return,322.000,-4324.003,-1170.910,6.339
return,324.000,-4322.133,-1171.621,6.349
return,326.000,-4320.262,-1172.327,6.358
return,328.000,-4318.390,-1173.032,6.365
return,330.000,-4316.519,-1173.738,6.374
return,332.000,-4314.650,-1174.449,6.383
return,334.000,-4312.781,-1175.161,6.395
return,336.000,-4310.912,-1175.872,6.408
return,338.000,-4309.041,-1176.579,6.423
return,340.000,-4307.169,-1177.283,6.437
return,342.000,-4305.297,-1177.987,6.449
return,344.000,-4303.426,-1178.693,6.460
return,346.000,-4301.556,-1179.402,6.471
return,348.000,-4299.687,-1180.114,6.482
return,350.000,-4297.817,-1180.824,6.493
return,352.000,-4295.947,-1181.534,6.504
return,354.000,-4294.077,-1182.243,6.514
return,356.000,-4292.208,-1182.954,6.524
return,358.000,-4290.339,-1183.666,6.534
return,360.000,-4288.469,-1184.376,6.545
return,362.000,-4286.599,-1185.084,6.557
return,364.000,-4284.728,-1185.790,6.568
return,366.000,-4282.857,-1186.497,6.576
return,368.000,-4280.987,-1187.207,6.582
return,370.000,-4279.118,-1187.920,6.590
return,372.000,-4277.250,-1188.632,6.600
return,374.000,-4275.380,-1189.341,6.612
return,376.000,-4273.508,-1190.045,6.625
return,378.000,-4271.634,-1190.745,6.636
return,380.000,-4269.762,-1191.448,6.646
return,382.000,-4267.891,-1192.155,6.655
return,384.000,-4266.022,-1192.867,6.665
return,386.000,-4264.154,-1193.582,6.675
return,388.000,-4262.286,-1194.297,6.684
return,390.000,-4260.418,-1195.011,6.693
return,392.000,-4258.549,-1195.723,6.701
return,394.000,-4256.679,-1196.433,6.707
return,396.000,-4254.809,-1197.140,6.711
return,398.000,-4252.938,-1197.848,6.715
return,400.000,-4251.068,-1198.557,6.722
return,402.000,-4249.198,-1199.265,6.733
return,404.000,-4247.325,-1199.968,6.739
return,406.000,-4245.453,-1200.671,6.744
return,408.000,-4243.582,-1201.377,6.747
return,410.000,-4241.712,-1202.087,6.751
return,412.000,-4239.843,-1202.799,6.753
return,414.000,-4237.974,-1203.511,6.757
return,416.000,-4236.104,-1204.221,6.763
return,418.000,-4234.234,-1204.929,6.770
return,420.000,-4232.363,-1205.637,6.774
return,422.000,-4230.493,-1206.346,6.773
return,424.000,-4228.623,-1207.054,6.775
return,426.000,-4226.751,-1207.760,6.780
return,428.000,-4224.879,-1208.464,6.785
return,430.000,-4223.008,-1209.168,6.791
return,432.000,-4221.136,-1209.874,6.798
return,434.000,-4219.265,-1210.580,6.803
return,436.000,-4217.393,-1211.285,6.805
return,438.000,-4215.522,-1211.990,6.806
return,440.000,-4213.650,-1212.696,6.808
return,442.000,-4211.780,-1213.404,6.811
return,444.000,-4209.911,-1214.116,6.814
return,446.000,-4208.043,-1214.830,6.817
return,448.000,-4206.175,-1215.546,6.819
return,450.000,-4204.308,-1216.261,6.821
return,452.000,-4202.440,-1216.976,6.823
return,454.000,-4200.571,-1217.690,6.826
return,456.000,-4198.702,-1218.402,6.829
return,458.000,-4196.832,-1219.111,6.832
return,460.000,-4194.961,-1219.817,6.834
return,462.000,-4193.089,-1220.522,6.836
return,464.000,-4191.218,-1221.228,6.835
return,466.000,-4189.348,-1221.936,6.833
return,468.000,-4187.478,-1222.645,6.830
return,470.000,-4185.607,-1223.353,6.828
return,472.000,-4183.737,-1224.061,6.830
return,474.000,-4181.867,-1224.770,6.834
return,476.000,-4179.997,-1225.481,6.841
return,478.000,-4178.127,-1226.191,6.849
return,480.000,-4176.256,-1226.897,6.854
return,482.000,-4174.384,-1227.600,6.856
return,484.000,-4172.512,-1228.305,6.854
return,486.000,-4170.643,-1229.015,6.851
return,488.000,-4168.775,-1229.731,6.846
return,490.000,-4166.908,-1230.449,6.839
return,492.000,-4165.040,-1231.163,6.831
return,494.000,-4163.171,-1231.875,6.821
return,496.000,-4161.301,-1232.584,6.812
return,498.000,-4159.430,-1233.291,6.804
return,500.000,-4157.559,-1233.997,6.800
return,502.000,-4155.688,-1234.703,6.797
return,504.000,-4153.817,-1235.411,6.796
return,506.000,-4151.947,-1236.118,6.795
return,508.000,-4150.075,-1236.824,6.794
return,510.000,-4148.203,-1237.528,6.793
return,512.000,-4146.331,-1238.231,6.791
return,514.000,-4144.460,-1238.937,6.788
return,516.000,-4142.589,-1239.646,6.783
return,518.000,-4140.719,-1240.353,6.777
return,520.000,-4138.845,-1241.054,6.770
return,522.000,-4136.969,-1241.746,6.762
return,524.000,-4135.092,-1242.435,6.755
return,526.000,-4133.216,-1243.129,6.748
return,528.000,-4131.343,-1243.831,6.741
return,530.000,-4129.474,-1244.542,6.734
return,532.000,-4127.606,-1245.256,6.728
return,534.000,-4125.737,-1245.969,6.722
return,536.000,-4123.867,-1246.678,6.717
return,538.000,-4121.996,-1247.385,6.714
return,540.000,-4120.124,-1248.090,6.711
return,542.000,-4118.254,-1248.797,6.708
return,544.000,-4116.385,-1249.511,6.701
return,546.000,-4114.521,-1250.235,6.687
return,548.000,-4112.660,-1250.967,6.666
return,550.000,-4110.800,-1251.703,6.642
return,552.000,-4108.940,-1252.436,6.620
return,554.000,-4107.076,-1253.161,6.604
return,556.000,-4105.206,-1253.872,6.592
return,558.000,-4103.332,-1254.569,6.585
return,560.000,-4101.452,-1255.253,6.580
return,562.000,-4099.568,-1255.923,6.577
return,564.000,-4097.680,-1256.582,6.573
return,566.000,-4095.788,-1257.231,6.569
return,568.000,-4093.893,-1257.872,6.563
return,570.000,-4091.996,-1258.505,6.554
return,572.000,-4090.096,-1259.130,6.544
return,574.000,-4088.194,-1259.745,6.531
return,576.000,-4086.287,-1260.349,6.517
return,578.000,-4084.376,-1260.938,6.500
return,580.000,-4082.459,-1261.508,6.481
return,582.000,-4080.537,-1262.061,6.460
return,584.000,-4078.610,-1262.597,6.439
return,586.000,-4076.680,-1263.119,6.420
return,588.000,-4074.744,-1263.624,6.403
return,590.000,-4072.805,-1264.111,6.388
return,592.000,-4070.860,-1264.579,6.371
return,594.000,-4068.912,-1265.029,6.349
return,596.000,-4066.960,-1265.464,6.329
return,598.000,-4065.004,-1265.884,6.314
return,600.000,-4063.046,-1266.290,6.304
return,602.000,-4061.085,-1266.683,6.298
return,604.000,-4059.122,-1267.065,6.291
return,606.000,-4057.157,-1267.437,6.282
return,608.000,-4055.190,-1267.798,6.271
return,610.000,-4053.221,-1268.149,6.257
return,612.000,-4051.250,-1268.490,6.243
return,614.000,-4049.278,-1268.823,6.231
return,616.000,-4047.304,-1269.145,6.222
return,618.000,-4045.328,-1269.456,6.214
return,620.000,-4043.351,-1269.756,6.205
return,622.000,-4041.372,-1270.044,6.198
return,624.000,-4039.391,-1270.319,6.192
return,626.000,-4037.408,-1270.576,6.188
return,628.000,-4035.422,-1270.812,6.184
return,630.000,-4033.433,-1271.025,6.174
return,632.000,-4031.442,-1271.218,6.158
return,634.000,-4029.450,-1271.397,6.138
return,636.000,-4027.458,-1271.566,6.119
return,638.000,-4025.464,-1271.723,6.102
return,640.000,-4023.469,-1271.865,6.086
return,642.000,-4021.473,-1271.991,6.070
return,644.000,-4019.476,-1272.096,6.054
return,646.000,-4017.478,-1272.180,6.038
return,648.000,-4015.479,-1272.245,6.019
return,650.000,-4013.480,-1272.294,5.996
return,652.000,-4011.480,-1272.331,5.972
return,654.000,-4009.480,-1272.359,5.948
return,656.000,-4007.481,-1272.382,5.926
return,658.000,-4005.481,-1272.398,5.905
return,660.000,-4003.481,-1272.409,5.886
return,662.000,-4001.481,-1272.415,5.867
return,664.000,-3999.481,-1272.415,5.851
return,666.000,-3997.481,-1272.405,5.838
return,668.000,-3995.481,-1272.385,5.824
return,670.000,-3993.482,-1272.354,5.811
return,672.000,-3991.482,-1272.313,5.797
return,674.000,-3989.483,-1272.264,5.785
return,676.000,-3987.484,-1272.205,5.776
return,678.000,-3985.485,-1272.135,5.771
return,680.000,-3983.487,-1272.050,5.768
return,682.000,-3981.489,-1271.952,5.766
return,684.000,-3979.492,-1271.840,5.763
return,686.000,-3977.496,-1271.715,5.758
return,688.000,-3975.501,-1271.575,5.748
return,690.000,-3973.507,-1271.418,5.731
return,692.000,-3971.515,-1271.242,5.708
return,694.000,-3969.525,-1271.049,5.680
return,696.000,-3967.536,-1270.841,5.654
return,698.000,-3965.548,-1270.620,5.632
return,700.000,-3963.562,-1270.389,5.614
return,702.000,-3961.576,-1270.149,5.596
return,704.000,-3959.592,-1269.901,5.573
return,706.000,-3957.608,-1269.646,5.545
return,708.000,-3955.626,-1269.379,5.519
return,710.000,-3953.646,-1269.099,5.501
return,712.000,-3951.668,-1268.807,5.490
return,714.000,-3949.690,-1268.508,5.480
return,716.000,-3947.713,-1268.209,5.464
return,718.000,-3945.734,-1267.918,5.443
return,720.000,-3943.754,-1267.636,5.421
return,722.000,-3941.774,-1267.359,5.401
return,724.000,-3939.793,-1267.083,5.381
return,726.000,-3937.813,-1266.802,5.361
return,728.000,-3935.834,-1266.515,5.339
return,730.000,-3933.855,-1266.221,5.317
return,732.000,-3931.878,-1265.924,5.299
return,734.000,-3929.899,-1265.631,5.285
return,736.000,-3927.920,-1265.343,5.271
return,738.000,-3925.940,-1265.061,5.258
return,740.000,-3923.960,-1264.782,5.241
return,742.000,-3921.979,-1264.503,5.222
return,744.000,-3919.999,-1264.225,5.201
return,746.000,-3918.019,-1263.947,5.179
return,748.000,-3916.038,-1263.667,5.158
return,750.000,-3914.058,-1263.385,5.138
return,752.000,-3912.079,-1263.100,5.117
return,754.000,-3910.100,-1262.812,5.096
return,756.000,-3908.121,-1262.524,5.077
return,758.000,-3906.142,-1262.236,5.059
return,760.000,-3904.162,-1261.951,5.041
return,762.000,-3902.183,-1261.665,5.023
return,764.000,-3900.204,-1261.376,5.005
return,766.000,-3898.225,-1261.088,4.988
return,768.000,-3896.245,-1260.804,4.971
return,770.000,-3894.265,-1260.526,4.953
return,772.000,-3892.284,-1260.252,4.936
return,774.000,-3890.303,-1259.976,4.921
return,776.000,-3888.323,-1259.696,4.908
return,778.000,-3886.343,-1259.411,4.895
return,780.000,-3884.364,-1259.121,4.883
return,782.000,-3882.386,-1258.828,4.871
return,784.000,-3880.408,-1258.533,4.860
return,786.000,-3878.429,-1258.241,4.850
return,788.000,-3876.450,-1257.952,4.838
return,790.000,-3874.470,-1257.669,4.822
return,792.000,-3872.490,-1257.392,4.802
return,794.000,-3870.509,-1257.117,4.780
return,796.000,-3868.528,-1256.840,4.760
return,798.000,-3866.548,-1256.559,4.743
return,800.000,-3864.568,-1256.277,4.730
return,802.000,-3862.589,-1255.993,4.718
return,804.000,-3860.609,-1255.706,4.704
return,806.000,-3858.630,-1255.418,4.690
return,808.000,-3856.651,-1255.130,4.676
return,810.000,-3854.672,-1254.845,4.662
return,812.000,-3852.692,-1254.563,4.647
return,814.000,-3850.711,-1254.283,4.630
return,816.000,-3848.731,-1254.005,4.611
return,818.000,-3846.750,-1253.729,4.593
return,820.000,-3844.769,-1253.453,4.577
return,822.000,-3842.789,-1253.173,4.560
return,824.000,-3840.810,-1252.888,4.541
return,826.000,-3838.831,-1252.599,4.520
return,828.000,-3836.852,-1252.309,4.499
return,830.000,-3834.873,-1252.021,4.481
return,832.000,-3832.893,-1251.738,4.465
return,834.000,-3830.913,-1251.459,4.451
return,836.000,-3828.932,-1251.179,4.435
return,838.000,-3826.952,-1250.897,4.416
return,840.000,-3824.973,-1250.615,4.396
return,842.000,-3822.993,-1250.333,4.376
return,844.000,-3821.012,-1250.053,4.358
return,846.000,-3819.032,-1249.775,4.341
return,848.000,-3817.051,-1249.496,4.323
return,850.000,-3815.071,-1249.217,4.305
return,852.000,-3813.091,-1248.934,4.286
return,854.000,-3811.112,-1248.650,4.267
return,856.000,-3809.132,-1248.364,4.252
return,858.000,-3807.153,-1248.078,4.239
return,860.000,-3805.173,-1247.793,4.229
return,862.000,-3803.194,-1247.509,4.219
return,864.000,-3801.214,-1247.224,4.206
return,866.000,-3799.234,-1246.941,4.191
return,868.000,-3797.254,-1246.659,4.178
return,870.000,-3795.274,-1246.377,4.168
return,872.000,-3793.295,-1246.093,4.160
return,874.000,-3791.315,-1245.807,4.152
return,876.000,-3789.336,-1245.522,4.140
return,878.000,-3787.356,-1245.240,4.124
return,880.000,-3785.375,-1244.960,4.106
return,882.000,-3783.395,-1244.680,4.090
return,884.000,-3781.415,-1244.403,4.077
return,886.000,-3779.434,-1244.126,4.067
return,888.000,-3777.454,-1243.843,4.057
return,890.000,-3775.475,-1243.552,4.047
return,892.000,-3773.498,-1243.255,4.035
return,894.000,-3771.519,-1242.960,4.023
return,896.000,-3769.540,-1242.673,4.014
return,898.000,-3767.559,-1242.396,4.006
return,900.000,-3765.578,-1242.124,3.998
return,902.000,-3763.597,-1241.852,3.988
return,904.000,-3761.616,-1241.577,3.975
return,906.000,-3759.636,-1241.295,3.961
return,908.000,-3757.657,-1241.006,3.947
return,910.000,-3755.678,-1240.714,3.934
return,912.000,-3753.700,-1240.422,3.923
return,914.000,-3751.721,-1240.133,3.911
return,916.000,-3749.741,-1239.849,3.899
return,918.000,-3747.761,-1239.567,3.888
return,920.000,-3745.781,-1239.284,3.880
return,922.000,-3743.802,-1238.997,3.874
return,924.000,-3741.823,-1238.707,3.869
return,926.000,-3739.844,-1238.416,3.862
return,928.000,-3737.865,-1238.131,3.853
return,930.000,-3735.884,-1237.852,3.842
return,932.000,-3733.904,-1237.576,3.830
return,934.000,-3731.923,-1237.296,3.816
return,936.000,-3729.944,-1237.010,3.801
return,938.000,-3727.965,-1236.718,3.787
return,940.000,-3725.987,-1236.423,3.773
return,942.000,-3724.009,-1236.132,3.761
return,944.000,-3722.029,-1235.849,3.748
return,946.000,-3720.048,-1235.574,3.735
return,948.000,-3718.066,-1235.302,3.723
return,950.000,-3716.085,-1235.027,3.712
return,952.000,-3714.105,-1234.746,3.705
return,954.000,-3712.126,-1234.459,3.699
return,956.000,-3710.147,-1234.167,3.691
return,958.000,-3708.169,-1233.874,3.681
return,960.000,-3706.190,-1233.583,3.669
return,962.000,-3704.211,-1233.297,3.658
return,964.000,-3702.231,-1233.018,3.648
return,966.000,-3700.250,-1232.743,3.640
return,968.000,-3698.269,-1232.468,3.631
return,970.000,-3696.288,-1232.193,3.622
return,972.000,-3694.307,-1231.916,3.611
return,974.000,-3692.327,-1231.636,3.597
return,976.000,-3690.347,-1231.354,3.582
return,978.000,-3688.368,-1231.066,3.566
return,980.000,-3686.389,-1230.776,3.550
return,982.000,-3684.410,-1230.485,3.535
return,984.000,-3682.431,-1230.195,3.522
return,986.000,-3680.452,-1229.911,3.510
return,988.000,-3678.471,-1229.634,3.501
return,990.000,-3676.490,-1229.360,3.491
return,992.000,-3674.509,-1229.082,3.480
return,994.000,-3672.530,-1228.795,3.467
return,996.000,-3670.552,-1228.500,3.454
return,998.000,-3668.575,-1228.200,3.441
return,1000.000,-3666.597,-1227.902,3.430
return,1002.000,-3664.618,-1227.610,3.421
return,1004.000,-3662.639,-1227.325,3.411
return,1006.000,-3660.658,-1227.045,3.403
return,1008.000,-3658.678,-1226.764,3.394
return,1010.000,-3656.699,-1226.478,3.386
return,1012.000,-3654.720,-1226.187,3.377
return,1014.000,-3652.742,-1225.893,3.369
return,1016.000,-3650.764,-1225.600,3.360
return,1018.000,-3648.785,-1225.309,3.351
return,1020.000,-3646.806,-1225.022,3.342
return,1022.000,-3644.826,-1224.736,3.333
return,1024.000,-3642.847,-1224.447,3.326
return,1026.000,-3640.869,-1224.156,3.320
return,1028.000,-3638.890,-1223.865,3.313
return,1030.000,-3636.911,-1223.578,3.305
return,1032.000,-3634.931,-1223.295,3.298
return,1034.000,-3632.950,-1223.015,3.292
return,1036.000,-3630.970,-1222.733,3.286
return,1038.000,-3628.991,-1222.449,3.280
return,1040.000,-3627.011,-1222.162,3.274
return,1042.000,-3625.032,-1221.875,3.268
return,1044.000,-3623.053,-1221.589,3.261
return,1046.000,-3621.074,-1221.301,3.253
return,1048.000,-3619.095,-1221.009,3.244
return,1050.000,-3617.116,-1220.717,3.234
return,1052.000,-3615.138,-1220.426,3.225
return,1054.000,-3613.158,-1220.139,3.217
return,1056.000,-3611.178,-1219.857,3.213
return,1058.000,-3609.198,-1219.579,3.208
return,1060.000,-3607.217,-1219.306,3.203
return,1062.000,-3605.235,-1219.035,3.197
return,1064.000,-3603.254,-1218.762,3.191
return,1066.000,-3601.273,-1218.482,3.186
return,1068.000,-3599.295,-1218.192,3.180
return,1070.000,-3597.317,-1217.892,3.173
return,1072.000,-3595.342,-1217.581,3.162
return,1074.000,-3593.369,-1217.253,3.150
return,1076.000,-3591.400,-1216.903,3.140
return,1078.000,-3589.435,-1216.526,3.132
return,1080.000,-3587.477,-1216.122,3.128
return,1082.000,-3585.525,-1215.686,3.126
return,1084.000,-3583.579,-1215.222,3.125
return,1086.000,-3581.640,-1214.732,3.123
return,1088.000,-3579.707,-1214.219,3.121
return,1090.000,-3577.780,-1213.686,3.117
return,1092.000,-3575.857,-1213.135,3.113
return,1094.000,-3573.940,-1212.566,3.108
return,1096.000,-3572.028,-1211.979,3.101
return,1098.000,-3570.123,-1211.370,3.091
return,1100.000,-3568.225,-1210.740,3.081
return,1102.000,-3566.334,-1210.087,3.073
return,1104.000,-3564.453,-1209.407,3.068
return,1106.000,-3562.584,-1208.695,3.064
return,1108.000,-3560.727,-1207.953,3.061
return,1110.000,-3558.881,-1207.184,3.056
return,1112.000,-3557.044,-1206.392,3.048
return,1114.000,-3555.218,-1205.578,3.038
return,1116.000,-3553.403,-1204.736,3.030
return,1118.000,-3551.603,-1203.864,3.026
return,1120.000,-3549.820,-1202.960,3.024
return,1122.000,-3548.049,-1202.030,3.020
return,1124.000,-3546.288,-1201.082,3.013
return,1126.000,-3544.537,-1200.116,3.003
return,1128.000,-3542.797,-1199.129,2.995
return,1130.000,-3541.069,-1198.122,2.991
return,1132.000,-3539.353,-1197.095,2.991
return,1134.000,-3537.645,-1196.054,2.995
return,1136.000,-3535.946,-1195.000,2.998
return,1138.000,-3534.253,-1193.935,2.998
return,1140.000,-3532.567,-1192.858,2.994
return,1142.000,-3530.889,-1191.771,2.988
return,1144.000,-3529.219,-1190.671,2.980
return,1146.000,-3527.557,-1189.557,2.970
return,1148.000,-3525.905,-1188.430,2.959
return,1150.000,-3524.264,-1187.287,2.946
return,1152.000,-3522.638,-1186.123,2.932
return,1154.000,-3521.029,-1184.935,2.923
return,1156.000,-3519.440,-1183.720,2.920
return,1158.000,-3517.870,-1182.481,2.920
return,1160.000,-3516.319,-1181.219,2.919
return,1162.000,-3514.782,-1179.939,2.918
return,1164.000,-3513.257,-1178.645,2.919
return,1166.000,-3511.738,-1177.344,2.919
return,1168.000,-3510.223,-1176.038,2.917
return,1170.000,-3508.714,-1174.725,2.915
return,1172.000,-3507.213,-1173.404,2.912
return,1174.000,-3505.721,-1172.072,2.909
return,1176.000,-3504.241,-1170.727,2.904
return,1178.000,-3502.774,-1169.368,2.899
return,1180.000,-3501.325,-1167.989,2.896
return,1182.000,-3499.898,-1166.588,2.895
return,1184.000,-3498.493,-1165.164,2.894
return,1186.000,-3497.110,-1163.720,2.891
return,1188.000,-3495.743,-1162.260,2.886
return,1190.000,-3494.393,-1160.784,2.880
return,1192.000,-3493.060,-1159.293,2.874
return,1194.000,-3491.742,-1157.789,2.868
return,1196.000,-3490.437,-1156.273,2.863
return,1198.000,-3489.143,-1154.748,2.862
return,1200.000,-3487.860,-1153.214,2.865
return,1202.000,-3486.589,-1151.670,2.870
return,1204.000,-3485.332,-1150.114,2.871
return,1206.000,-3484.095,-1148.543,2.868
return,1208.000,-3482.880,-1146.954,2.863
return,1210.000,-3481.692,-1145.345,2.858
return,1212.000,-3480.532,-1143.716,2.854
return,1214.000,-3479.403,-1142.065,2.849
return,1216.000,-3478.308,-1140.391,2.843
return,1218.000,-3477.250,-1138.694,2.837
return,1220.000,-3476.227,-1136.976,2.834
return,1222.000,-3475.236,-1135.239,2.829
return,1224.000,-3474.269,-1133.488,2.822
return,1226.000,-3473.323,-1131.726,2.814
return,1228.000,-3472.399,-1129.952,2.806
return,1230.000,-3471.498,-1128.166,2.799
return,1232.000,-3470.626,-1126.366,2.793
return,1234.000,-3469.787,-1124.551,2.787
return,1236.000,-3468.979,-1122.721,2.779
return,1238.000,-3468.197,-1120.881,2.769
return,1240.000,-3467.433,-1119.032,2.760
return,1242.000,-3466.686,-1117.177,2.753
return,1244.000,-3465.956,-1115.315,2.749
return,1246.000,-3465.238,-1113.449,2.747
return,1248.000,-3464.524,-1111.581,2.745
return,1250.000,-3463.804,-1109.715,2.741
return,1252.000,-3463.077,-1107.851,2.735
return,1254.000,-3462.346,-1105.990,2.726
return,1256.000,-3461.615,-1104.128,2.718
return,1258.000,-3460.887,-1102.265,2.711
return,1260.000,-3460.162,-1100.401,2.705
return,1262.000,-3459.438,-1098.537,2.701
return,1264.000,-3458.713,-1096.673,2.696
return,1266.000,-3457.985,-1094.810,2.690
return,1268.000,-3457.256,-1092.948,2.683
return,1270.000,-3456.528,-1091.085,2.674
return,1272.000,-3455.798,-1089.223,2.663
return,1274.000,-3455.067,-1087.361,2.653
return,1276.000,-3454.335,-1085.500,2.641
return,1278.000,-3453.602,-1083.639,2.628
return,1280.000,-3452.870,-1081.778,2.615
return,1282.000,-3452.140,-1079.916,2.604
return,1284.000,-3451.412,-1078.054,2.595
return,1286.000,-3450.685,-1076.190,2.588
return,1288.000,-3449.957,-1074.327,2.583
return,1290.000,-3449.230,-1072.464,2.574
return,1292.000,-3448.506,-1070.600,2.563
return,1294.000,-3447.782,-1068.736,2.555
return,1296.000,-3447.059,-1066.871,2.548
return,1298.000,-3446.335,-1065.007,2.540
return,1300.000,-3445.607,-1063.144,2.529
return,1302.000,-3444.876,-1061.282,2.516
return,1304.000,-3444.144,-1059.421,2.503
return,1306.000,-3443.413,-1057.560,2.491
return,1308.000,-3442.685,-1055.697,2.481
return,1310.000,-3441.957,-1053.834,2.474
return,1312.000,-3441.229,-1051.971,2.469
return,1314.000,-3440.500,-1050.109,2.466
return,1316.000,-3439.770,-1048.247,2.460
return,1318.000,-3439.042,-1046.384,2.451
return,1320.000,-3438.316,-1044.520,2.439
return,1322.000,-3437.591,-1042.657,2.428
return,1324.000,-3436.863,-1040.794,2.418
return,1326.000,-3436.132,-1038.932,2.408
return,1328.000,-3435.400,-1037.071,2.400
return,1330.000,-3434.672,-1035.208,2.389
return,1332.000,-3433.946,-1033.345,2.377
return,1334.000,-3433.220,-1031.481,2.366
return,1336.000,-3432.490,-1029.619,2.356
return,1338.000,-3431.759,-1027.758,2.345
return,1340.000,-3431.030,-1025.895,2.334
return,1342.000,-3430.304,-1024.032,2.324
return,1344.000,-3429.579,-1022.168,2.313
return,1346.000,-3428.853,-1020.304,2.302
return,1348.000,-3428.123,-1018.442,2.292
return,1350.000,-3427.392,-1016.581,2.284
return,1352.000,-3426.662,-1014.718,2.276
return,1354.000,-3425.934,-1012.856,2.267
return,1356.000,-3425.209,-1010.992,2.257
return,1358.000,-3424.485,-1009.128,2.250
return,1360.000,-3423.758,-1007.264,2.243
return,1362.000,-3423.030,-1005.402,2.237
return,1364.000,-3422.298,-1003.540,2.229
return,1366.000,-3421.565,-1001.679,2.219
return,1368.000,-3420.833,-999.818,2.207
return,1370.000,-3420.104,-997.956,2.195
return,1372.000,-3419.375,-996.093,2.183
return,1374.000,-3418.648,-994.230,2.174
return,1376.000,-3417.921,-992.367,2.165
return,1378.000,-3417.193,-990.504,2.157
return,1380.000,-3416.465,-988.642,2.150
return,1382.000,-3415.737,-986.779,2.145
return,1384.000,-3415.009,-984.916,2.141
return,1386.000,-3414.280,-983.054,2.138
return,1388.000,-3413.550,-981.192,2.136
return,1390.000,-3412.823,-979.329,2.134
return,1392.000,-3412.099,-977.464,2.130
return,1394.000,-3411.376,-975.600,2.124
return,1396.000,-3410.650,-973.736,2.116
return,1398.000,-3409.921,-971.873,2.110
return,1400.000,-3409.191,-970.011,2.106
return,1402.000,-3408.461,-968.149,2.101
return,1404.000,-3407.731,-966.287,2.094
return,1406.000,-3407.000,-964.426,2.086
return,1408.000,-3406.268,-962.565,2.077
return,1410.000,-3405.539,-960.702,2.071
return,1412.000,-3404.815,-958.838,2.066
return,1414.000,-3404.095,-956.972,2.060
return,1416.000,-3403.374,-955.106,2.052
return,1418.000,-3402.649,-953.242,2.043
return,1420.000,-3401.921,-951.380,2.035
return,1422.000,-3401.193,-949.517,2.027
return,1424.000,-3400.467,-947.653,2.018
return,1426.000,-3399.742,-945.790,2.006
return,1428.000,-3399.016,-943.926,1.989
return,1430.000,-3398.289,-942.063,1.972
return,1432.000,-3397.562,-940.200,1.956
return,1434.000,-3396.836,-938.336,1.942
return,1436.000,-3396.112,-936.472,1.928
return,1438.000,-3395.388,-934.608,1.913
return,1440.000,-3394.665,-932.743,1.895
return,1442.000,-3393.942,-930.879,1.874
return,1444.000,-3393.218,-929.014,1.853
return,1446.000,-3392.495,-927.149,1.834
return,1448.000,-3391.772,-925.285,1.818
return,1450.000,-3391.046,-923.421,1.804
return,1452.000,-3390.318,-921.558,1.794
return,1454.000,-3389.591,-919.696,1.783
return,1456.000,-3388.862,-917.833,1.768
return,1458.000,-3388.132,-915.971,1.746
return,1460.000,-3387.399,-914.110,1.718
return,1462.000,-3386.665,-912.250,1.686
return,1464.000,-3385.933,-910.389,1.653
return,1466.000,-3385.204,-908.527,1.620
return,1468.000,-3384.478,-906.664,1.588
return,1470.000,-3383.757,-904.799,1.556
return,1472.000,-3383.038,-902.933,1.527
return,1474.000,-3382.318,-901.067,1.498
return,1476.000,-3381.593,-899.203,1.468
return,1478.000,-3380.864,-897.341,1.433
return,1480.000,-3380.132,-895.480,1.394
return,1482.000,-3379.399,-893.620,1.355
return,1484.000,-3378.666,-891.759,1.320
return,1486.000,-3377.937,-889.897,1.288
return,1488.000,-3377.213,-888.033,1.253
return,1490.000,-3376.493,-886.168,1.215
return,1492.000,-3375.775,-884.302,1.172
return,1494.000,-3375.057,-882.436,1.128
return,1496.000,-3374.336,-880.570,1.083
return,1498.000,-3373.614,-878.706,1.036
return,1500.000,-3372.890,-876.842,0.990
return,1502.000,-3372.164,-874.979,0.946
return,1504.000,-3371.436,-873.117,0.904
return,1506.000,-3370.709,-871.254,0.861
return,1508.000,-3369.984,-869.391,0.818
return,1510.000,-3369.263,-867.526,0.777
return,1512.000,-3368.546,-865.659,0.737
return,1514.000,-3367.831,-863.792,0.698
return,1516.000,-3367.115,-861.925,0.658
return,1518.000,-3366.395,-860.059,0.614
return,1520.000,-3365.672,-858.195,0.567
return,1522.000,-3364.947,-856.332,0.520
return,1524.000,-3364.220,-854.469,0.475
return,1526.000,-3363.493,-852.606,0.429
return,1528.000,-3362.765,-850.744,0.383
return,1530.000,-3362.041,-848.880,0.334
return,1532.000,-3361.322,-847.015,0.281
return,1534.000,-3360.605,-845.149,0.224
return,1536.000,-3359.888,-843.283,0.165
return,1538.000,-3359.166,-841.418,0.108
return,1540.000,-3358.439,-839.556,0.058
return,1542.000,-3357.712,-837.693,0.012
return,1544.000,-3356.987,-835.830,-0.035
return,1546.000,-3356.265,-833.965,-0.085
return,1548.000,-3355.548,-832.099,-0.136
return,1550.000,-3354.834,-830.231,-0.185
return,1552.000,-3354.120,-828.363,-0.230
return,1554.000,-3353.403,-826.497,-0.272
return,1556.000,-3352.680,-824.633,-0.315
return,1558.000,-3351.957,-822.769,-0.364
return,1560.000,-3351.237,-820.904,-0.418
return,1562.000,-3350.520,-819.038,-0.473
return,1564.000,-3349.807,-817.170,-0.528
return,1566.000,-3349.098,-815.300,-0.581
return,1568.000,-3348.391,-813.430,-0.636
return,1570.000,-3347.681,-811.561,-0.695
return,1572.000,-3346.965,-809.695,-0.757
return,1574.000,-3346.244,-807.831,-0.820
return,1576.000,-3345.520,-805.967,-0.884
return,1578.000,-3344.799,-804.103,-0.950
return,1580.000,-3344.082,-802.237,-1.015
return,1582.000,-3343.370,-800.369,-1.077
return,1584.000,-3342.660,-798.500,-1.139
return,1586.000,-3341.949,-796.632,-1.203
return,1588.000,-3341.234,-794.765,-1.267
return,1590.000,-3340.516,-792.900,-1.331
return,1592.000,-3339.799,-791.034,-1.393
return,1594.000,-3339.082,-789.168,-1.456
return,1596.000,-3338.365,-787.302,-1.518
return,1598.000,-3337.644,-785.437,-1.582
return,1600.000,-3336.921,-783.574,-1.647
return,1602.000,-3336.196,-781.711,-1.712
return,1604.000,-3335.473,-779.847,-1.776
return,1606.000,-3334.753,-777.982,-1.842
return,1608.000,-3334.037,-776.116,-1.910
return,1610.000,-3333.324,-774.249,-1.980
return,1612.000,-3332.609,-772.383,-2.054
return,1614.000,-3331.891,-770.517,-2.131
return,1616.000,-3331.171,-768.653,-2.209
return,1618.000,-3330.451,-766.789,-2.284
return,1620.000,-3329.735,-764.923,-2.358
return,1622.000,-3329.023,-763.055,-2.433
return,1624.000,-3328.313,-761.187,-2.510
return,1626.000,-3327.601,-759.320,-2.586
return,1628.000,-3326.882,-757.455,-2.662
return,1630.000,-3326.159,-755.592,-2.738
return,1632.000,-3325.435,-753.729,-2.815
return,1634.000,-3324.717,-751.864,-2.892
return,1636.000,-3324.003,-749.997,-2.967
return,1638.000,-3323.292,-748.129,-3.042
return,1640.000,-3322.582,-746.261,-3.119
return,1642.000,-3321.870,-744.394,-3.199
return,1644.000,-3321.156,-742.528,-3.281
return,1646.000,-3320.440,-740.662,-3.364
return,1648.000,-3319.723,-738.797,-3.446
return,1650.000,-3319.006,-736.931,-3.524
return,1652.000,-3318.290,-735.066,-3.600
return,1654.000,-3317.575,-733.199,-3.677
return,1656.000,-3316.865,-731.331,-3.758
return,1658.000,-3316.159,-729.462,-3.843
return,1660.000,-3315.456,-727.592,-3.929
return,1662.000,-3314.750,-725.722,-4.015
return,1664.000,-3314.040,-723.854,-4.099
return,1666.000,-3313.327,-721.988,-4.181
return,1668.000,-3312.614,-720.121,-4.263
return,1670.000,-3311.902,-718.254,-4.342
return,1672.000,-3311.191,-716.386,-4.416
return,1674.000,-3310.480,-714.518,-4.488
return,1676.000,-3309.770,-712.649,-4.563
return,1678.000,-3309.061,-710.781,-4.643
return,1680.000,-3308.350,-708.914,-4.728
return,1682.000,-3307.637,-707.047,-4.812
return,1684.000,-3306.925,-705.180,-4.892
return,1686.000,-3306.216,-703.311,-4.968
return,1688.000,-3305.509,-701.442,-5.044
return,1690.000,-3304.802,-699.573,-5.121
return,1692.000,-3304.092,-697.705,-5.200
return,1694.000,-3303.379,-695.837,-5.279
return,1696.000,-3302.666,-693.971,-5.356
return,1698.000,-3301.952,-692.104,-5.431
return,1700.000,-3301.238,-690.237,-5.504
return,1702.000,-3300.524,-688.370,-5.578
return,1704.000,-3299.811,-686.503,-5.652
return,1706.000,-3299.099,-684.636,-5.728
return,1708.000,-3298.388,-682.768,-5.806
return,1710.000,-3297.677,-680.900,-5.884
return,1712.000,-3296.965,-679.033,-5.961
return,1714.000,-3296.252,-677.166,-6.037
return,1716.000,-3295.539,-675.299,-6.112
return,1718.000,-3294.828,-673.431,-6.187
return,1720.000,-3294.118,-671.562,-6.261
return,1722.000,-3293.410,-669.694,-6.332
return,1724.000,-3292.701,-667.825,-6.403
return,1726.000,-3291.990,-665.957,-6.476
return,1728.000,-3291.279,-664.089,-6.549
return,1730.000,-3290.567,-662.221,-6.624
return,1732.000,-3289.856,-660.354,-6.697
return,1734.000,-3289.144,-658.486,-6.768
return,1736.000,-3288.432,-656.618,-6.836
return,1738.000,-3287.723,-654.749,-6.903
return,1740.000,-3287.017,-652.879,-6.972
return,1742.000,-3286.310,-651.010,-7.042
return,1744.000,-3285.599,-649.142,-7.113
return,1746.000,-3284.883,-647.275,-7.182
return,1748.000,-3284.166,-645.410,-7.247
return,1750.000,-3283.452,-643.543,-7.311
return,1752.000,-3282.739,-641.675,-7.377
return,1754.000,-3282.028,-639.807,-7.447
return,1756.000,-3281.319,-637.939,-7.520
return,1758.000,-3280.609,-636.070,-7.593
return,1760.000,-3279.898,-634.202,-7.664
return,1762.000,-3279.184,-632.335,-7.734
return,1764.000,-3278.470,-630.468,-7.806
return,1766.000,-3277.758,-628.601,-7.877
return,1768.000,-3277.050,-626.731,-7.946
return,1770.000,-3276.345,-624.861,-8.012
return,1772.000,-3275.638,-622.991,-8.077
return,1774.000,-3274.929,-621.122,-8.141
return,1776.000,-3274.216,-619.255,-8.206
return,1778.000,-3273.504,-617.387,-8.272
return,1780.000,-3272.791,-615.520,-8.338
return,1782.000,-3272.079,-613.652,-8.404
return,1784.000,-3271.368,-611.784,-8.469
return,1786.000,-3270.659,-609.915,-8.536
return,1788.000,-3269.954,-608.044,-8.608
return,1790.000,-3269.253,-606.173,-8.684
return,1792.000,-3268.548,-604.303,-8.760
return,1794.000,-3267.839,-602.434,-8.831
return,1796.000,-3267.130,-600.565,-8.896
return,1798.000,-3266.422,-598.695,-8.959
return,1800.000,-3265.712,-596.827,-9.023
return,1802.000,-3264.990,-594.963,-9.095
return,1804.000,-3264.257,-593.104,-9.171
return,1806.000,-3263.520,-591.246,-9.244
return,1808.000,-3262.782,-589.389,-9.310
return,1810.000,-3262.042,-587.531,-9.373
return,1812.000,-3261.303,-585.674,-9.437
return,1814.000,-3260.567,-583.815,-9.502
return,1816.000,-3259.835,-581.955,-9.567
return,1818.000,-3259.107,-580.094,-9.629
return,1820.000,-3258.384,-578.230,-9.688
return,1822.000,-3257.671,-576.362,-9.746
return,1824.000,-3256.969,-574.490,-9.802
return,1826.000,-3256.270,-572.617,-9.850
return,1828.000,-3255.562,-570.747,-9.884
return,1830.000,-3254.826,-568.887,-9.905
return,1832.000,-3254.039,-567.049,-9.919
return,1834.000,-3253.188,-565.240,-9.935
return,1836.000,-3252.265,-563.466,-9.958
return,1838.000,-3251.271,-561.731,-9.986
return,1840.000,-3250.206,-560.038,-10.014
return,1842.000,-3249.067,-558.395,-10.034
return,1844.000,-3247.845,-556.812,-10.042
return,1846.000,-3246.536,-555.300,-10.040
return,1848.000,-3245.149,-553.861,-10.036
return,1850.000,-3243.698,-552.484,-10.036
return,1852.000,-3242.209,-551.149,-10.041
return,1854.000,-3240.703,-549.833,-10.051
return,1856.000,-3239.194,-548.521,-10.065
return,1858.000,-3237.678,-547.216,-10.083
return,1860.000,-3236.147,-545.929,-10.105
return,1862.000,-3234.587,-544.679,-10.132
return,1864.000,-3232.983,-543.484,-10.165
return,1866.000,-3231.324,-542.369,-10.205
return,1868.000,-3229.602,-541.354,-10.249
return,1870.000,-3227.820,-540.448,-10.294
return,1872.000,-3225.988,-539.648,-10.340
return,1874.000,-3224.117,-538.944,-10.383
return,1876.000,-3222.213,-538.333,-10.424
return,1878.000,-3220.282,-537.819,-10.462
return,1880.000,-3218.326,-537.403,-10.500
return,1882.000,-3216.353,-537.080,-10.537
return,1884.000,-3214.368,-536.838,-10.575
return,1886.000,-3212.376,-536.672,-10.615
return,1888.000,-3210.379,-536.582,-10.659
return,1890.000,-3208.380,-536.575,-10.705
return,1892.000,-3206.382,-536.649,-10.751
return,1894.000,-3204.388,-536.803,-10.798
return,1896.000,-3202.403,-537.037,-10.843
return,1898.000,-3200.429,-537.356,-10.890
return,1900.000,-3198.470,-537.754,-10.939
return,1902.000,-3196.523,-538.208,-10.990
return,1904.000,-3194.582,-538.689,-11.038
return,1906.000,-3192.643,-539.175,-11.079
return,1908.000,-3190.703,-539.660,-11.112
return,1910.000,-3188.763,-540.144,-11.140
return,1912.000,-3186.821,-540.625,-11.167
return,1914.000,-3184.879,-541.100,-11.195
return,1916.000,-3182.935,-541.570,-11.224
return,1918.000,-3180.991,-542.040,-11.251
return,1920.000,-3179.048,-542.514,-11.275
return,1922.000,-3177.107,-542.994,-11.295
return,1924.000,-3175.166,-543.477,-11.315
return,1926.000,-3173.226,-543.963,-11.332
return,1928.000,-3171.286,-544.447,-11.348
return,1930.000,-3169.344,-544.924,-11.362
return,1932.000,-3167.399,-545.393,-11.377
return,1934.000,-3165.454,-545.857,-11.392
return,1936.000,-3163.509,-546.325,-11.410
return,1938.000,-3161.567,-546.800,-11.427
return,1940.000,-3159.626,-547.282,-11.445
return,1942.000,-3157.685,-547.765,-11.462
return,1944.000,-3155.745,-548.249,-11.481
return,1946.000,-3153.804,-548.732,-11.503
return,1948.000,-3151.863,-549.214,-11.528
return,1950.000,-3149.922,-549.693,-11.554
return,1952.000,-3147.980,-550.172,-11.579
return,1954.000,-3146.038,-550.650,-11.601
return,1956.000,-3144.096,-551.128,-11.622
return,1958.000,-3142.153,-551.602,-11.645
return,1960.000,-3140.210,-552.073,-11.669
return,1962.000,-3138.266,-552.544,-11.694
return,1964.000,-3136.324,-553.020,-11.716
return,1966.000,-3134.382,-553.500,-11.734
return,1968.000,-3132.440,-553.979,-11.751
return,1970.000,-3130.498,-554.456,-11.771
return,1972.000,-3128.557,-554.938,-11.797
return,1974.000,-3126.618,-555.424,-11.829
return,1976.000,-3124.678,-555.909,-11.861
return,1978.000,-3122.737,-556.390,-11.888
return,1980.000,-3120.796,-556.872,-11.911
return,1982.000,-3118.855,-557.356,-11.935
return,1984.000,-3116.915,-557.840,-11.962
return,1986.000,-3114.974,-558.322,-11.990
return,1988.000,-3113.033,-558.802,-12.016
return,1990.000,-3111.091,-559.280,-12.041
return,1992.000,-3109.148,-559.756,-12.067
return,1994.000,-3107.206,-560.233,-12.093
return,1996.000,-3105.265,-560.713,-12.122
return,1998.000,-3103.324,-561.194,-12.150
return,2000.000,-3101.383,-561.674,-12.176
return,2002.000,-3099.441,-562.153,-12.200
return,2004.000,-3097.499,-562.630,-12.223
return,2006.000,-3095.556,-563.107,-12.246
return,2008.000,-3093.614,-563.585,-12.271
return,2010.000,-3091.673,-564.064,-12.299
return,2012.000,-3089.732,-564.546,-12.326
return,2014.000,-3087.791,-565.029,-12.348
return,2016.000,-3085.850,-565.511,-12.365
return,2018.000,-3083.909,-565.990,-12.378
return,2020.000,-3081.966,-566.466,-12.393
return,2022.000,-3080.024,-566.943,-12.414
return,2024.000,-3078.083,-567.424,-12.439
return,2026.000,-3076.143,-567.911,-12.463
return,2028.000,-3074.204,-568.398,-12.484
return,2030.000,-3072.262,-568.879,-12.502
return,2032.000,-3070.319,-569.352,-12.520
return,2034.000,-3068.375,-569.823,-12.540
return,2036.000,-3066.432,-570.294,-12.565
return,2038.000,-3064.490,-570.770,-12.593
return,2040.000,-3062.548,-571.249,-12.620
return,2042.000,-3060.607,-571.732,-12.646
return,2044.000,-3058.667,-572.217,-12.671
return,2046.000,-3056.727,-572.703,-12.694
return,2048.000,-3054.787,-573.188,-12.717
return,2050.000,-3052.847,-573.671,-12.740
return,2052.000,-3050.905,-574.152,-12.760
return,2054.000,-3048.964,-574.632,-12.779
return,2056.000,-3047.022,-575.109,-12.796
return,2058.000,-3045.079,-575.583,-12.812
return,2060.000,-3043.135,-576.053,-12.830
return,2062.000,-3041.190,-576.520,-12.849
return,2064.000,-3039.246,-576.987,-12.867
return,2066.000,-3037.302,-577.458,-12.884
return,2068.000,-3035.360,-577.936,-12.902
return,2070.000,-3033.419,-578.418,-12.921
return,2072.000,-3031.479,-578.903,-12.943
return,2074.000,-3029.538,-579.387,-12.967
return,2076.000,-3027.597,-579.868,-12.992
return,2078.000,-3025.655,-580.344,-13.017
return,2080.000,-3023.711,-580.813,-13.040
return,2082.000,-3021.766,-581.279,-13.062
return,2084.000,-3019.822,-581.751,-13.082
return,2086.000,-3017.881,-582.230,-13.101
return,2088.000,-3015.940,-582.714,-13.121
return,2090.000,-3013.999,-583.195,-13.139
return,2092.000,-3012.057,-583.672,-13.152
return,2094.000,-3010.115,-584.148,-13.164
return,2096.000,-3008.173,-584.627,-13.181
return,2098.000,-3006.231,-585.106,-13.204
return,2100.000,-3004.290,-585.585,-13.231
return,2102.000,-3002.348,-586.064,-13.257
return,2104.000,-3000.407,-586.544,-13.282
return,2106.000,-2998.465,-587.025,-13.306
return,2108.000,-2996.524,-587.507,-13.330
return,2110.000,-2994.583,-587.988,-13.354
return,2112.000,-2992.641,-588.466,-13.374
return,2114.000,-2990.699,-588.943,-13.392
return,2116.000,-2988.757,-589.422,-13.409
return,2118.000,-2986.816,-589.904,-13.427
return,2120.000,-2984.876,-590.387,-13.447
return,2122.000,-2982.935,-590.868,-13.470
return,2124.000,-2980.993,-591.347,-13.497
return,2126.000,-2979.051,-591.826,-13.522
return,2128.000,-2977.110,-592.305,-13.542
return,2130.000,-2975.166,-592.777,-13.555
return,2132.000,-2973.221,-593.243,-13.568
return,2134.000,-2971.276,-593.705,-13.585
return,2136.000,-2969.331,-594.173,-13.610
return,2138.000,-2967.389,-594.651,-13.638
return,2140.000,-2965.449,-595.133,-13.665
return,2142.000,-2963.507,-595.615,-13.687
return,2144.000,-2961.566,-596.093,-13.706
return,2146.000,-2959.624,-596.574,-13.727
return,2148.000,-2957.683,-597.055,-13.752
return,2150.000,-2955.742,-597.534,-13.777
return,2152.000,-2953.799,-598.008,-13.802
return,2154.000,-2951.856,-598.482,-13.826
return,2156.000,-2949.914,-598.959,-13.853
return,2158.000,-2947.973,-599.439,-13.885
return,2160.000,-2946.032,-599.922,-13.919
return,2162.000,-2944.092,-600.406,-13.949
return,2164.000,-2942.152,-600.891,-13.974
return,2166.000,-2940.210,-601.370,-13.995
return,2168.000,-2938.267,-601.843,-14.021
return,2170.000,-2936.324,-602.316,-14.054
return,2172.000,-2934.382,-602.794,-14.090
return,2174.000,-2932.442,-603.277,-14.126
return,2176.000,-2930.502,-603.763,-14.160
return,2178.000,-2928.562,-604.248,-14.190
return,2180.000,-2926.621,-604.731,-14.222
return,2182.000,-2924.680,-605.213,-14.259
return,2184.000,-2922.739,-605.692,-14.302
return,2186.000,-2920.798,-606.171,-14.351
return,2188.000,-2918.859,-606.657,-14.401
return,2190.000,-2916.920,-607.146,-14.446
return,2192.000,-2914.979,-607.629,-14.478
return,2194.000,-2913.037,-608.105,-14.500
return,2196.000,-2911.094,-608.578,-14.521
return,2198.000,-2909.152,-609.058,-14.548
return,2200.000,-2907.213,-609.544,-14.580
return,2202.000,-2905.273,-610.031,-14.613
return,2204.000,-2903.332,-610.514,-14.643
return,2206.000,-2901.391,-610.992,-14.665
return,2208.000,-2899.448,-611.469,-14.683
return,2210.000,-2897.506,-611.947,-14.704
return,2212.000,-2895.565,-612.426,-14.733
return,2214.000,-2893.624,-612.909,-14.764
return,2216.000,-2891.684,-613.392,-14.793
return,2218.000,-2889.742,-613.869,-14.819
return,2220.000,-2887.798,-614.340,-14.843
return,2222.000,-2885.854,-614.809,-14.870
return,2224.000,-2883.911,-615.283,-14.900
return,2226.000,-2881.970,-615.763,-14.929
return,2228.000,-2880.030,-616.248,-14.955
return,2230.000,-2878.090,-616.734,-14.975
return,2232.000,-2876.150,-617.220,-14.992
return,2234.000,-2874.209,-617.703,-15.010
return,2236.000,-2872.268,-618.183,-15.029
return,2238.000,-2870.324,-618.656,-15.049
return,2240.000,-2868.380,-619.123,-15.066
return,2242.000,-2866.436,-619.593,-15.081
return,2244.000,-2864.495,-620.075,-15.095
return,2246.000,-2862.556,-620.567,-15.109
return,2248.000,-2860.619,-621.062,-15.126
return,2250.000,-2858.680,-621.551,-15.146
return,2252.000,-2856.738,-622.032,-15.163
return,2254.000,-2854.795,-622.505,-15.179
return,2256.000,-2852.851,-622.975,-15.194
return,2258.000,-2850.907,-623.445,-15.212
return,2260.000,-2848.964,-623.916,-15.233
return,2262.000,-2847.020,-624.386,-15.254
return,2264.000,-2845.076,-624.855,-15.271
return,2266.000,-2843.131,-625.322,-15.286
return,2268.000,-2841.186,-625.787,-15.300
return,2270.000,-2839.240,-626.249,-15.317
return,2272.000,-2837.294,-626.711,-15.333
return,2274.000,-2835.349,-627.175,-15.351
return,2276.000,-2833.404,-627.642,-15.367
return,2278.000,-2831.460,-628.109,-15.380
return,2280.000,-2829.514,-628.574,-15.392
return,2282.000,-2827.568,-629.033,-15.406
return,2284.000,-2825.620,-629.486,-15.423
return,2286.000,-2823.671,-629.936,-15.445
return,2288.000,-2821.724,-630.391,-15.470
return,2290.000,-2819.778,-630.853,-15.492
return,2292.000,-2817.834,-631.320,-15.512
return,2294.000,-2815.889,-631.786,-15.530
return,2296.000,-2813.942,-632.243,-15.549
return,2298.000,-2811.992,-632.689,-15.570
return,2300.000,-2810.040,-633.125,-15.592
return,2302.000,-2808.088,-633.559,-15.615
return,2304.000,-2806.137,-633.996,-15.639
return,2306.000,-2804.187,-634.439,-15.665
return,2308.000,-2802.238,-634.891,-15.691
return,2310.000,-2800.291,-635.348,-15.718
return,2312.000,-2798.344,-635.804,-15.746
return,2314.000,-2796.396,-636.254,-15.773
return,2316.000,-2794.446,-636.697,-15.799
return,2318.000,-2792.494,-637.134,-15.819
return,2320.000,-2790.542,-637.570,-15.837
return,2322.000,-2788.591,-638.009,-15.856
return,2324.000,-2786.641,-638.453,-15.883
return,2326.000,-2784.692,-638.898,-15.917
return,2328.000,-2782.741,-639.339,-15.952
return,2330.000,-2780.790,-639.779,-15.984
return,2332.000,-2778.840,-640.222,-16.014
return,2334.000,-2776.892,-640.672,-16.042
return,2336.000,-2774.945,-641.130,-16.070
return,2338.000,-2772.999,-641.592,-16.095
return,2340.000,-2771.052,-642.049,-16.118
return,2342.000,-2769.104,-642.498,-16.140
return,2344.000,-2767.153,-642.940,-16.164
return,2346.000,-2765.202,-643.379,-16.191
return,2348.000,-2763.251,-643.818,-16.222
return,2350.000,-2761.300,-644.256,-16.253
return,2352.000,-2759.349,-644.696,-16.279
return,2354.000,-2757.399,-645.137,-16.301
return,2356.000,-2755.448,-645.578,-16.320
return,2358.000,-2753.497,-646.017,-16.342
return,2360.000,-2751.546,-646.456,-16.364
return,2362.000,-2749.595,-646.898,-16.387
return,2364.000,-2747.645,-647.340,-16.409
return,2366.000,-2745.694,-647.781,-16.432
return,2368.000,-2743.743,-648.220,-16.457
return,2370.000,-2741.792,-648.657,-16.485
return,2372.000,-2739.841,-649.095,-16.515
return,2374.000,-2737.890,-649.534,-16.546
return,2376.000,-2735.939,-649.974,-16.576
return,2378.000,-2733.988,-650.413,-16.603
return,2380.000,-2732.037,-650.851,-16.628
return,2382.000,-2730.085,-651.290,-16.651
return,2384.000,-2728.135,-651.731,-16.674
return,2386.000,-2726.185,-652.174,-16.699
return,2388.000,-2724.235,-652.619,-16.724
return,2390.000,-2722.285,-653.064,-16.750
return,2392.000,-2720.335,-653.509,-16.776
return,2394.000,-2718.385,-653.951,-16.801
return,2396.000,-2716.434,-654.389,-16.827
return,2398.000,-2714.482,-654.823,-16.854
return,2400.000,-2712.530,-655.258,-16.880
return,2402.000,-2710.578,-655.696,-16.903
return,2404.000,-2708.627,-656.135,-16.925
return,2406.000,-2706.677,-656.576,-16.947
return,2408.000,-2704.727,-657.020,-16.973
return,2410.000,-2702.778,-657.467,-17.000
return,2412.000,-2700.829,-657.915,-17.029
return,2414.000,-2698.879,-658.359,-17.058
return,2416.000,-2696.928,-658.799,-17.087
return,2418.000,-2694.977,-659.237,-17.116
return,2420.000,-2693.025,-659.674,-17.145
return,2422.000,-2691.074,-660.111,-17.177
return,2424.000,-2689.122,-660.548,-17.212
return,2426.000,-2687.171,-660.983,-17.250
return,2428.000,-2685.218,-661.416,-17.284
return,2430.000,-2683.266,-661.848,-17.312
return,2432.000,-2681.314,-662.284,-17.339
return,2434.000,-2679.363,-662.722,-17.366
return,2436.000,-2677.412,-663.161,-17.394
return,2438.000,-2675.460,-663.598,-17.421
return,2440.000,-2673.509,-664.035,-17.448
return,2442.000,-2671.557,-664.472,-17.475
return,2444.000,-2669.607,-664.912,-17.503
return,2446.000,-2667.656,-665.353,-17.532
return,2448.000,-2665.706,-665.796,-17.563
return,2450.000,-2663.756,-666.238,-17.595
return,2452.000,-2661.805,-666.678,-17.626
return,2454.000,-2659.853,-667.114,-17.656
return,2456.000,-2657.902,-667.550,-17.685
return,2458.000,-2655.950,-667.986,-17.715
return,2460.000,-2653.999,-668.425,-17.749
return,2462.000,-2652.049,-668.867,-17.786
return,2464.000,-2650.100,-669.314,-17.824
return,2466.000,-2648.150,-669.758,-17.855
return,2468.000,-2646.197,-670.190,-17.877
return,2470.000,-2644.242,-670.611,-17.895
return,2472.000,-2642.286,-671.026,-17.915
return,2474.000,-2640.330,-671.444,-17.937
return,2476.000,-2638.376,-671.871,-17.959
return,2478.000,-2636.425,-672.308,-17.979
return,2480.000,-2634.474,-672.748,-17.998
return,2482.000,-2632.523,-673.189,-18.020
return,2484.000,-2630.572,-673.630,-18.047
return,2486.000,-2628.622,-674.071,-18.079
return,2488.000,-2626.672,-674.513,-18.112
return,2490.000,-2624.721,-674.955,-18.142
return,2492.000,-2622.771,-675.396,-18.168
return,2494.000,-2620.820,-675.836,-18.191
return,2496.000,-2618.869,-676.275,-18.214
return,2498.000,-2616.917,-676.712,-18.238
return,2500.000,-2614.966,-677.150,-18.264
return,2502.000,-2613.015,-677.588,-18.293
return,2504.000,-2611.064,-678.029,-18.323
return,2506.000,-2609.114,-678.471,-18.353
return,2508.000,-2607.163,-678.910,-18.383
return,2510.000,-2605.212,-679.347,-18.411
return,2512.000,-2603.260,-679.785,-18.435
return,2514.000,-2601.309,-680.224,-18.456
return,2516.000,-2599.359,-680.666,-18.476
return,2518.000,-2597.409,-681.110,-18.496
return,2520.000,-2595.458,-681.553,-18.521
return,2522.000,-2593.508,-681.993,-18.551
return,2524.000,-2591.557,-682.431,-18.587
return,2526.000,-2589.605,-682.867,-18.627
return,2528.000,-2587.653,-683.302,-18.667
return,2530.000,-2585.702,-683.738,-18.702
return,2532.000,-2583.751,-684.177,-18.733
return,2534.000,-2581.801,-684.621,-18.764
return,2536.000,-2579.853,-685.071,-18.799
return,2538.000,-2577.905,-685.522,-18.838
return,2540.000,-2575.955,-685.968,-18.875
return,2542.000,-2574.004,-686.404,-18.907
return,2544.000,-2572.050,-686.829,-18.933
return,2546.000,-2570.094,-687.246,-18.960
return,2548.000,-2568.137,-687.661,-18.989
return,2550.000,-2566.183,-688.085,-19.019
return,2552.000,-2564.232,-688.523,-19.047
return,2554.000,-2562.283,-688.974,-19.074
return,2556.000,-2560.337,-689.432,-19.102
return,2558.000,-2558.391,-689.892,-19.137
return,2560.000,-2556.444,-690.350,-19.178
return,2562.000,-2554.497,-690.802,-19.223
return,2564.000,-2552.547,-691.246,-19.265
return,2566.000,-2550.594,-691.678,-19.293
return,2568.000,-2548.639,-692.096,-19.306
return,2570.000,-2546.681,-692.505,-19.316
return,2572.000,-2544.722,-692.910,-19.333
return,2574.000,-2542.766,-693.323,-19.358
return,2576.000,-2540.813,-693.753,-19.385
return,2578.000,-2538.864,-694.202,-19.410
return,2580.000,-2536.918,-694.665,-19.427
return,2582.000,-2534.974,-695.133,-19.439
return,2584.000,-2533.029,-695.598,-19.452
return,2586.000,-2531.082,-696.056,-19.471
return,2588.000,-2529.133,-696.503,-19.499
return,2590.000,-2527.181,-696.940,-19.533
return,2592.000,-2525.228,-697.367,-19.568
return,2594.000,-2523.274,-697.791,-19.599
return,2596.000,-2521.320,-698.218,-19.623
return,2598.000,-2519.367,-698.651,-19.647
return,2600.000,-2517.415,-699.086,-19.673
return,2602.000,-2515.463,-699.520,-19.700
return,2604.000,-2513.511,-699.954,-19.723
return,2606.000,-2511.560,-700.392,-19.740
return,2608.000,-2509.611,-700.840,-19.754
return,2610.000,-2507.663,-701.295,-19.769
return,2612.000,-2505.714,-701.745,-19.790
return,2614.000,-2503.763,-702.180,-19.814
return,2616.000,-2501.807,-702.599,-19.835
return,2618.000,-2499.851,-703.014,-19.852
return,2620.000,-2497.896,-703.438,-19.871
return,2622.000,-2495.945,-703.876,-19.897
return,2624.000,-2493.996,-704.323,-19.928
return,2626.000,-2492.046,-704.767,-19.962
return,2628.000,-2490.094,-705.203,-19.997
return,2630.000,-2488.142,-705.635,-20.032
return,2632.000,-2486.190,-706.069,-20.070
return,2634.000,-2484.240,-706.512,-20.113
return,2636.000,-2482.291,-706.959,-20.159
return,2638.000,-2480.342,-707.403,-20.203
return,2640.000,-2478.390,-707.841,-20.238
return,2642.000,-2476.438,-708.275,-20.263
return,2644.000,-2474.487,-708.715,-20.280
return,2646.000,-2472.537,-709.159,-20.299
return,2648.000,-2470.587,-709.600,-20.325
return,2650.000,-2468.633,-710.026,-20.357
return,2652.000,-2466.677,-710.440,-20.389
return,2654.000,-2464.720,-710.853,-20.410
return,2656.000,-2462.765,-711.277,-20.420
return,2658.000,-2460.814,-711.716,-20.423
return,2660.000,-2458.865,-712.163,-20.426
return,2662.000,-2456.915,-712.610,-20.435
return,2664.000,-2454.965,-713.053,-20.450
return,2666.000,-2453.014,-713.493,-20.468
return,2668.000,-2451.063,-713.934,-20.486
return,2670.000,-2449.113,-714.374,-20.505
return,2672.000,-2447.161,-714.811,-20.522
return,2674.000,-2445.207,-715.240,-20.538
return,2676.000,-2443.253,-715.663,-20.556
return,2678.000,-2441.299,-716.092,-20.577
return,2680.000,-2439.349,-716.532,-20.601
return,2682.000,-2437.399,-716.979,-20.624
return,2684.000,-2435.449,-717.419,-20.645
return,2686.000,-2433.497,-717.855,-20.663
return,2688.000,-2431.545,-718.291,-20.681
return,2690.000,-2429.594,-718.732,-20.700
return,2692.000,-2427.645,-719.180,-20.717
return,2694.000,-2425.695,-719.625,-20.729
return,2696.000,-2423.742,-720.054,-20.736
return,2698.000,-2421.785,-720.468,-20.740
return,2700.000,-2419.827,-720.874,-20.746
return,2702.000,-2417.869,-721.280,-20.753
return,2704.000,-2415.912,-721.695,-20.760
return,2706.000,-2413.957,-722.115,-20.765
return,2708.000,-2412.001,-722.535,-20.768
return,2710.000,-2410.045,-722.952,-20.772
return,2712.000,-2408.088,-723.364,-20.779
return,2714.000,-2406.130,-723.771,-20.790
return,2716.000,-2404.171,-724.173,-20.803
return,2718.000,-2402.211,-724.571,-20.815
return,2720.000,-2400.249,-724.960,-20.826
return,2722.000,-2398.286,-725.342,-20.835
return,2724.000,-2396.322,-725.721,-20.842
return,2726.000,-2394.359,-726.102,-20.848
return,2728.000,-2392.395,-726.482,-20.854
return,2730.000,-2390.431,-726.860,-20.855
return,2732.000,-2388.467,-727.236,-20.851
return,2734.000,-2386.502,-727.610,-20.843
return,2736.000,-2384.538,-727.988,-20.835
return,2738.000,-2382.575,-728.370,-20.831
return,2740.000,-2380.612,-728.753,-20.833
return,2742.000,-2378.648,-729.131,-20.835
return,2744.000,-2376.682,-729.499,-20.834
return,2746.000,-2374.714,-729.855,-20.829
return,2748.000,-2372.744,-730.201,-20.821
return,2750.000,-2370.773,-730.535,-20.812
return,2752.000,-2368.799,-730.857,-20.801
return,2754.000,-2366.823,-731.167,-20.791
return,2756.000,-2364.845,-731.466,-20.782
return,2758.000,-2362.866,-731.755,-20.774
return,2760.000,-2360.886,-732.033,-20.770
return,2762.000,-2358.903,-732.296,-20.768
return,2764.000,-2356.918,-732.542,-20.767
return,2766.000,-2354.931,-732.768,-20.765
return,2768.000,-2352.942,-732.977,-20.761
return,2770.000,-2350.952,-733.174,-20.756
return,2772.000,-2348.961,-733.365,-20.752
return,2774.000,-2346.970,-733.554,-20.750
return,2776.000,-2344.979,-733.742,-20.748
return,2778.000,-2342.987,-733.924,-20.743
return,2780.000,-2340.995,-734.096,-20.734
return,2782.000,-2339.001,-734.259,-20.722
return,2784.000,-2337.007,-734.413,-20.709
return,2786.000,-2335.013,-734.565,-20.699
return,2788.000,-2333.019,-734.720,-20.691
return,2790.000,-2331.026,-734.880,-20.684
return,2792.000,-2329.032,-735.043,-20.678
return,2794.000,-2327.039,-735.205,-20.671
return,2796.000,-2325.045,-735.361,-20.663
return,2798.000,-2323.051,-735.511,-20.655
return,2800.000,-2321.056,-735.659,-20.648
return,2802.000,-2319.061,-735.806,-20.644
return,2804.000,-2317.067,-735.951,-20.641
return,2806.000,-2315.072,-736.092,-20.638
return,2808.000,-2313.076,-736.227,-20.636
return,2810.000,-2311.080,-736.357,-20.634
return,2812.000,-2309.085,-736.485,-20.634
return,2814.000,-2307.089,-736.615,-20.632
return,2816.000,-2305.093,-736.742,-20.625
return,2818.000,-2303.097,-736.866,-20.612
return,2820.000,-2301.100,-736.984,-20.600
return,2822.000,-2299.103,-737.097,-20.593
return,2824.000,-2297.106,-737.206,-20.592
return,2826.000,-2295.109,-737.310,-20.594
return,2828.000,-2293.112,-737.409,-20.596
return,2830.000,-2291.114,-737.502,-20.598
return,2832.000,-2289.116,-737.587,-20.598
return,2834.000,-2287.117,-737.664,-20.595
return,2836.000,-2285.118,-737.736,-20.592
return,2838.000,-2283.119,-737.804,-20.590
return,2840.000,-2281.121,-737.870,-20.589
return,2842.000,-2279.122,-737.936,-20.588
return,2844.000,-2277.123,-738.005,-20.589
return,2846.000,-2275.124,-738.073,-20.589
return,2848.000,-2273.125,-738.138,-20.590
return,2850.000,-2271.126,-738.197,-20.592
return,2852.000,-2269.127,-738.252,-20.595
return,2854.000,-2267.127,-738.305,-20.596
return,2856.000,-2265.128,-738.361,-20.594
return,2858.000,-2263.129,-738.421,-20.591
return,2860.000,-2261.130,-738.484,-20.586
return,2862.000,-2259.131,-738.550,-20.581
return,2864.000,-2257.132,-738.614,-20.574
return,2866.000,-2255.133,-738.677,-20.564
return,2868.000,-2253.134,-738.736,-20.553
return,2870.000,-2251.135,-738.792,-20.542
return,2872.000,-2249.136,-738.846,-20.535
return,2874.000,-2247.136,-738.899,-20.531
return,2876.000,-2245.137,-738.955,-20.530
return,2878.000,-2243.138,-739.013,-20.531
return,2880.000,-2241.139,-739.074,-20.532
return,2882.000,-2239.140,-739.133,-20.532
return,2884.000,-2237.141,-739.187,-20.531
return,2886.000,-2235.141,-739.237,-20.530
return,2888.000,-2233.142,-739.288,-20.528
return,2890.000,-2231.143,-739.343,-20.525
return,2892.000,-2229.144,-739.404,-20.519
return,2894.000,-2227.144,-739.465,-20.513
return,2896.000,-2225.145,-739.522,-20.512
return,2898.000,-2223.146,-739.577,-20.514
return,2900.000,-2221.147,-739.631,-20.519
return,2902.000,-2219.148,-739.686,-20.521
return,2904.000,-2217.148,-739.740,-20.517
return,2906.000,-2215.149,-739.791,-20.507
return,2908.000,-2213.150,-739.839,-20.492
return,2910.000,-2211.150,-739.888,-20.477
return,2912.000,-2209.151,-739.942,-20.461
return,2914.000,-2207.152,-740.004,-20.445
return,2916.000,-2205.153,-740.074,-20.429
return,2918.000,-2203.155,-740.148,-20.410
return,2920.000,-2201.156,-740.221,-20.389
return,2922.000,-2199.157,-740.285,-20.369
return,2924.000,-2197.158,-740.331,-20.354
return,2926.000,-2195.158,-740.352,-20.345
return,2928.000,-2193.158,-740.345,-20.342
return,2930.000,-2191.158,-740.313,-20.339
return,2932.000,-2189.159,-740.258,-20.333
return,2934.000,-2187.160,-740.185,-20.321
return,2936.000,-2185.162,-740.098,-20.309
return,2938.000,-2183.165,-739.997,-20.299
return,2940.000,-2181.168,-739.881,-20.290
return,2942.000,-2179.173,-739.748,-20.280
return,2944.000,-2177.179,-739.597,-20.268
return,2946.000,-2175.186,-739.428,-20.255
return,2948.000,-2173.194,-739.245,-20.243
return,2950.000,-2171.204,-739.049,-20.235
return,2952.000,-2169.215,-738.843,-20.230
return,2954.000,-2167.226,-738.631,-20.228
return,2956.000,-2165.237,-738.416,-20.228
return,2958.000,-2163.249,-738.197,-20.230
return,2960.000,-2161.262,-737.971,-20.237
return,2962.000,-2159.277,-737.733,-20.252
return,2964.000,-2157.294,-737.471,-20.272
return,2966.000,-2155.315,-737.182,-20.296
return,2968.000,-2153.341,-736.863,-20.322
return,2970.000,-2151.371,-736.517,-20.350
return,2972.000,-2149.406,-736.148,-20.383
return,2974.000,-2147.444,-735.760,-20.417
return,2976.000,-2145.485,-735.359,-20.450
return,2978.000,-2143.528,-734.946,-20.477
return,2980.000,-2141.573,-734.523,-20.497
return,2982.000,-2139.622,-734.087,-20.515
return,2984.000,-2137.674,-733.633,-20.534
return,2986.000,-2135.731,-733.161,-20.555
return,2988.000,-2133.792,-732.672,-20.576
return,2990.000,-2131.856,-732.170,-20.598
return,2992.000,-2129.922,-731.659,-20.618
return,2994.000,-2127.991,-731.140,-20.636
return,2996.000,-2126.061,-730.613,-20.649
return,2998.000,-2124.134,-730.080,-20.657
return,3000.000,-2122.207,-729.542,-20.662
return,3002.000,-2120.281,-729.004,-20.668
return,3004.000,-2118.354,-728.468,-20.677
return,3006.000,-2116.427,-727.936,-20.689
return,3008.000,-2114.498,-727.405,-20.700
return,3010.000,-2112.570,-726.875,-20.709
return,3012.000,-2110.641,-726.346,-20.716
return,3014.000,-2108.712,-725.816,-20.722
return,3016.000,-2106.784,-725.286,-20.727
return,3018.000,-2104.856,-724.754,-20.731
return,3020.000,-2102.928,-724.223,-20.733
return,3022.000,-2100.999,-723.695,-20.734
return,3024.000,-2099.069,-723.169,-20.737
return,3026.000,-2097.139,-722.645,-20.742
return,3028.000,-2095.210,-722.119,-20.748
return,3030.000,-2093.281,-721.588,-20.752
return,3032.000,-2091.354,-721.053,-20.754
return,3034.000,-2089.428,-720.516,-20.754
return,3036.000,-2087.500,-719.982,-20.751
return,3038.000,-2085.572,-719.451,-20.747
return,3040.000,-2083.642,-718.925,-20.741
return,3042.000,-2081.713,-718.399,-20.735
return,3044.000,-2079.784,-717.869,-20.729
return,3046.000,-2077.857,-717.336,-20.726
return,3048.000,-2075.929,-716.805,-20.725
return,3050.000,-2073.999,-716.277,-20.728
return,3052.000,-2072.070,-715.751,-20.734
return,3054.000,-2070.141,-715.224,-20.740
return,3056.000,-2068.212,-714.695,-20.740
return,3058.000,-2066.283,-714.165,-20.736
return,3060.000,-2064.355,-713.635,-20.730
return,3062.000,-2062.427,-713.104,-20.724
return,3064.000,-2060.499,-712.572,-20.720
return,3066.000,-2058.570,-712.041,-20.716
return,3068.000,-2056.642,-711.510,-20.710
return,3070.000,-2054.715,-710.975,-20.702
return,3072.000,-2052.790,-710.435,-20.692
return,3074.000,-2050.864,-709.895,-20.681
return,3076.000,-2048.937,-709.360,-20.672
return,3078.000,-2047.007,-708.833,-20.666
return,3080.000,-2045.077,-708.310,-20.663
return,3082.000,-2043.146,-707.788,-20.660
return,3084.000,-2041.217,-707.262,-20.656
return,3086.000,-2039.288,-706.731,-20.650
return,3088.000,-2037.362,-706.195,-20.643
return,3090.000,-2035.436,-705.656,-20.636
return,3092.000,-2033.509,-705.118,-20.628
return,3094.000,-2031.582,-704.586,-20.619
return,3096.000,-2029.653,-704.055,-20.610
return,3098.000,-2027.725,-703.524,-20.601
return,3100.000,-2025.797,-702.993,-20.593
return,3102.000,-2023.868,-702.465,-20.586
return,3104.000,-2021.938,-701.939,-20.580
return,3106.000,-2020.009,-701.410,-20.572
return,3108.000,-2018.082,-700.877,-20.559
return,3110.000,-2016.155,-700.340,-20.546
return,3112.000,-2014.229,-699.803,-20.536
return,3114.000,-2012.301,-699.269,-20.531
return,3116.000,-2010.372,-698.741,-20.526
return,3118.000,-2008.443,-698.215,-20.520
return,3120.000,-2006.513,-697.688,-20.511
return,3122.000,-2004.586,-697.156,-20.501
return,3124.000,-2002.659,-696.619,-20.490
return,3126.000,-2000.733,-696.079,-20.478
return,3128.000,-1998.807,-695.541,-20.468
return,3130.000,-1996.879,-695.009,-20.458
return,3132.000,-1994.950,-694.484,-20.446
return,3134.000,-1993.019,-693.961,-20.431
return,3136.000,-1991.089,-693.436,-20.417
return,3138.000,-1989.160,-692.907,-20.404
return,3140.000,-1987.233,-692.374,-20.393
return,3142.000,-1985.305,-691.841,-20.383
return,3144.000,-1983.377,-691.312,-20.371
return,3146.000,-1981.447,-690.786,-20.358
return,3148.000,-1979.517,-690.261,-20.347
return,3150.000,-1977.588,-689.732,-20.339
return,3152.000,-1975.661,-689.198,-20.332
return,3154.000,-1973.735,-688.661,-20.326
return,3156.000,-1971.808,-688.124,-20.316
return,3158.000,-1969.881,-687.590,-20.303
return,3160.000,-1967.952,-687.059,-20.287
return,3162.000,-1966.024,-686.530,-20.274
return,3164.000,-1964.094,-686.004,-20.264
return,3166.000,-1962.164,-685.479,-20.256
return,3168.000,-1960.234,-684.955,-20.248
return,3170.000,-1958.305,-684.428,-20.238
return,3172.000,-1956.377,-683.894,-20.228
return,3174.000,-1954.452,-683.355,-20.221
return,3176.000,-1952.525,-682.816,-20.217
return,3178.000,-1950.597,-682.286,-20.213
return,3180.000,-1948.666,-681.764,-20.209
return,3182.000,-1946.736,-681.241,-20.204
return,3184.000,-1944.807,-680.713,-20.197
return,3186.000,-1942.880,-680.178,-20.190
return,3188.000,-1940.952,-679.646,-20.184
return,3190.000,-1939.022,-679.121,-20.179
return,3192.000,-1937.091,-678.600,-20.174
return,3194.000,-1935.161,-678.074,-20.167
return,3196.000,-1933.234,-677.541,-20.158
return,3198.000,-1931.308,-677.001,-20.150
return,3200.000,-1929.381,-676.465,-20.141
return,3202.000,-1927.452,-675.938,-20.131
return,3204.000,-1925.521,-675.417,-20.122
return,3206.000,-1923.591,-674.894,-20.113
return,3208.000,-1921.663,-674.361,-20.102
return,3210.000,-1919.738,-673.820,-20.090
return,3212.000,-1917.812,-673.280,-20.082
return,3214.000,-1915.884,-672.748,-20.078
return,3216.000,-1913.953,-672.226,-20.079
return,3218.000,-1912.021,-671.710,-20.080
return,3220.000,-1910.089,-671.194,-20.079
return,3222.000,-1908.158,-670.672,-20.074
return,3224.000,-1906.230,-670.142,-20.067
return,3226.000,-1904.303,-669.605,-20.061
return,3228.000,-1902.377,-669.065,-20.056
return,3230.000,-1900.451,-668.529,-20.051
return,3232.000,-1898.522,-667.998,-20.044
return,3234.000,-1896.593,-667.473,-20.037
return,3236.000,-1894.664,-666.944,-20.028
return,3238.000,-1892.737,-666.407,-20.021
return,3240.000,-1890.812,-665.866,-20.014
return,3242.000,-1888.884,-665.332,-20.008
return,3244.000,-1886.954,-664.808,-20.003
return,3246.000,-1885.023,-664.289,-19.999
return,3248.000,-1883.094,-663.762,-19.995
return,3250.000,-1881.168,-663.221,-19.991
return,3252.000,-1879.244,-662.676,-19.987
return,3254.000,-1877.317,-662.141,-19.983
return,3256.000,-1875.386,-661.619,-19.980
return,3258.000,-1873.455,-661.099,-19.979
return,3260.000,-1871.526,-660.569,-19.977
return,3262.000,-1869.601,-660.026,-19.975
return,3264.000,-1867.677,-659.480,-19.974
return,3266.000,-1865.751,-658.944,-19.976
return,3268.000,-1863.819,-658.424,-19.978
return,3270.000,-1861.887,-657.909,-19.975
return,3272.000,-1859.956,-657.388,-19.968
return,3274.000,-1858.028,-656.855,-19.962
return,3276.000,-1856.102,-656.315,-19.960
return,3278.000,-1854.177,-655.775,-19.963
return,3280.000,-1852.250,-655.240,-19.969
return,3282.000,-1850.321,-654.710,-19.973
return,3284.000,-1848.392,-654.183,-19.975
return,3286.000,-1846.463,-653.654,-19.975
return,3288.000,-1844.536,-653.117,-19.975
return,3290.000,-1842.611,-652.575,-19.978
return,3292.000,-1840.686,-652.035,-19.983
return,3294.000,-1838.757,-651.504,-19.988
return,3296.000,-1836.827,-650.982,-19.990
return,3298.000,-1834.894,-650.467,-19.989
return,3300.000,-1832.962,-649.952,-19.989
return,3302.000,-1831.030,-649.432,-19.992
return,3304.000,-1829.101,-648.904,-19.996
return,3306.000,-1827.175,-648.368,-20.000
return,3308.000,-1825.249,-647.828,-20.002
return,3310.000,-1823.322,-647.292,-20.006
return,3312.000,-1821.392,-646.766,-20.013
return,3314.000,-1819.461,-646.246,-20.023
return,3316.000,-1817.531,-645.722,-20.035
return,3318.000,-1815.604,-645.186,-20.048
return,3320.000,-1813.680,-644.642,-20.059
return,3322.000,-1811.755,-644.100,-20.069
return,3324.000,-1809.826,-643.570,-20.079
return,3326.000,-1807.895,-643.049,-20.090
return,3328.000,-1805.965,-642.527,-20.103
return,3330.000,-1804.036,-641.997,-20.117
return,3332.000,-1802.110,-641.458,-20.131
return,3334.000,-1800.184,-640.919,-20.144
return,3336.000,-1798.256,-640.389,-20.160
return,3338.000,-1796.325,-639.869,-20.177
return,3340.000,-1794.393,-639.349,-20.192
return,3342.000,-1792.464,-638.821,-20.202
return,3344.000,-1790.538,-638.284,-20.208
return,3346.000,-1788.613,-637.743,-20.211
return,3348.000,-1786.686,-637.206,-20.213
return,3350.000,-1784.756,-636.682,-20.217
return,3352.000,-1782.824,-636.166,-20.222
return,3354.000,-1780.892,-635.649,-20.228
return,3356.000,-1778.962,-635.122,-20.235
return,3358.000,-1777.036,-634.585,-20.240
return,3360.000,-1775.110,-634.046,-20.245
return,3362.000,-1773.182,-633.513,-20.250
return,3364.000,-1771.252,-632.990,-20.255
return,3366.000,-1769.321,-632.470,-20.259
return,3368.000,-1767.391,-631.943,-20.263
return,3370.000,-1765.464,-631.407,-20.268
return,3372.000,-1763.539,-630.865,-20.279
return,3374.000,-1761.614,-630.325,-20.294
return,3376.000,-1759.687,-629.789,-20.311
return,3378.000,-1757.760,-629.255,-20.328
return,3380.000,-1755.833,-628.717,-20.342
return,3382.000,-1753.908,-628.175,-20.355
return,3384.000,-1751.982,-627.637,-20.370
return,3386.000,-1750.052,-627.111,-20.388
return,3388.000,-1748.119,-626.600,-20.409
return,3390.000,-1746.182,-626.101,-20.430
return,3392.000,-1744.244,-625.608,-20.444
return,3394.000,-1742.304,-625.123,-20.452
return,3396.000,-1740.360,-624.651,-20.457
return,3398.000,-1738.414,-624.188,-20.461
return,3400.000,-1736.468,-623.730,-20.468
return,3402.000,-1734.521,-623.271,-20.479
return,3404.000,-1732.575,-622.809,-20.492
return,3406.000,-1730.629,-622.350,-20.505
return,3408.000,-1728.681,-621.896,-20.520
return,3410.000,-1726.732,-621.450,-20.536
return,3412.000,-1724.780,-621.013,-20.552
return,3414.000,-1722.825,-620.589,-20.567
return,3416.000,-1720.868,-620.178,-20.577
return,3418.000,-1718.909,-619.777,-20.585
return,3420.000,-1716.949,-619.379,-20.595
return,3422.000,-1714.989,-618.981,-20.605
return,3424.000,-1713.029,-618.584,-20.616
return,3426.000,-1711.068,-618.191,-20.627
return,3428.000,-1709.105,-617.805,-20.637
return,3430.000,-1707.141,-617.429,-20.648
return,3432.000,-1705.174,-617.066,-20.663
return,3434.000,-1703.206,-616.714,-20.681
return,3436.000,-1701.235,-616.371,-20.702
return,3438.000,-1699.263,-616.039,-20.721
return,3440.000,-1697.289,-615.716,-20.734
return,3442.000,-1695.314,-615.401,-20.738
return,3444.000,-1693.338,-615.095,-20.736
return,3446.000,-1691.360,-614.800,-20.731
return,3448.000,-1689.379,-614.521,-20.728
return,3450.000,-1687.397,-614.253,-20.728
return,3452.000,-1685.415,-613.991,-20.732
return,3454.000,-1683.432,-613.731,-20.739
return,3456.000,-1681.448,-613.474,-20.746
return,3458.000,-1679.464,-613.225,-20.750
return,3460.000,-1677.478,-612.986,-20.749
return,3462.000,-1675.492,-612.755,-20.746
return,3464.000,-1673.505,-612.527,-20.746
return,3466.000,-1671.517,-612.301,-20.751
return,3468.000,-1669.529,-612.082,-20.758
return,3470.000,-1667.540,-611.875,-20.762
return,3472.000,-1665.549,-611.683,-20.760
return,3474.000,-1663.557,-611.504,-20.756
return,3476.000,-1661.565,-611.331,-20.751
return,3478.000,-1659.573,-611.156,-20.749
return,3480.000,-1657.580,-610.981,-20.751
return,3482.000,-1655.587,-610.816,-20.755
return,3484.000,-1653.593,-610.666,-20.760
return,3486.000,-1651.598,-610.528,-20.765
return,3488.000,-1649.602,-610.392,-20.768
return,3490.000,-1647.607,-610.250,-20.771
return,3492.000,-1645.613,-610.104,-20.773
return,3494.000,-1643.618,-609.963,-20.773
return,3496.000,-1641.622,-609.835,-20.772
return,3498.000,-1639.625,-609.718,-20.767
return,3500.000,-1637.628,-609.605,-20.762
return,3502.000,-1635.632,-609.484,-20.755
return,3504.000,-1633.636,-609.351,-20.744
return,3506.000,-1631.641,-609.213,-20.730
return,3508.000,-1629.646,-609.079,-20.712
return,3510.000,-1627.650,-608.958,-20.694
return,3512.000,-1625.653,-608.848,-20.677
return,3514.000,-1623.656,-608.741,-20.663
return,3516.000,-1621.659,-608.631,-20.650
return,3518.000,-1619.662,-608.516,-20.635
return,3520.000,-1617.666,-608.396,-20.618
return,3522.000,-1615.670,-608.272,-20.597
return,3524.000,-1613.674,-608.145,-20.575
return,3526.000,-1611.678,-608.016,-20.552
return,3528.000,-1609.682,-607.888,-20.525
return,3530.000,-1607.687,-607.764,-20.493
return,3532.000,-1605.690,-607.646,-20.455
return,3534.000,-1603.694,-607.532,-20.414
return,3536.000,-1601.698,-607.416,-20.374
return,3538.000,-1599.702,-607.296,-20.336
return,3540.000,-1597.706,-607.174,-20.298
return,3542.000,-1595.710,-607.059,-20.256
return,3544.000,-1593.713,-606.949,-20.211
return,3546.000,-1591.717,-606.839,-20.164
return,3548.000,-1589.721,-606.721,-20.118
return,3550.000,-1587.725,-606.593,-20.073
return,3552.000,-1585.730,-606.463,-20.030
return,3554.000,-1583.734,-606.340,-19.986
return,3556.000,-1581.738,-606.229,-19.940
return,3558.000,-1579.741,-606.128,-19.891
return,3560.000,-1577.744,-606.024,-19.839
return,3562.000,-1575.748,-605.912,-19.785
return,3564.000,-1573.753,-605.790,-19.732
return,3566.000,-1571.758,-605.661,-19.680
return,3568.000,-1569.763,-605.532,-19.626
return,3570.000,-1567.767,-605.408,-19.569
return,3572.000,-1565.771,-605.294,-19.509
return,3574.000,-1563.775,-605.188,-19.451
return,3576.000,-1561.779,-605.081,-19.395
return,3578.000,-1559.783,-604.969,-19.340
return,3580.000,-1557.787,-604.850,-19.285
return,3582.000,-1555.791,-604.729,-19.225
return,3584.000,-1553.796,-604.611,-19.159
return,3586.000,-1551.800,-604.496,-19.090
return,3588.000,-1549.805,-604.382,-19.022
return,3590.000,-1547.809,-604.264,-18.955
return,3592.000,-1545.814,-604.141,-18.891
return,3594.000,-1543.819,-604.016,-18.825
return,3596.000,-1541.824,-603.894,-18.757
return,3598.000,-1539.829,-603.778,-18.688
return,3600.000,-1537.833,-603.667,-18.623
return,3602.000,-1535.837,-603.557,-18.559
return,3604.000,-1533.841,-603.444,-18.495
return,3606.000,-1531.846,-603.324,-18.431
return,3608.000,-1529.851,-603.199,-18.369
return,3610.000,-1527.856,-603.071,-18.310
return,3612.000,-1525.861,-602.942,-18.253
return,3614.000,-1523.866,-602.811,-18.196
return,3616.000,-1521.871,-602.682,-18.138
return,3618.000,-1519.875,-602.563,-18.078
return,3620.000,-1517.879,-602.458,-18.014
return,3622.000,-1515.883,-602.360,-17.946
return,3624.000,-1513.886,-602.257,-17.876
return,3626.000,-1511.891,-602.143,-17.805
return,3628.000,-1509.896,-602.023,-17.734
return,3630.000,-1507.901,-601.903,-17.663
return,3632.000,-1505.905,-601.785,-17.596
return,3634.000,-1503.910,-601.669,-17.529
return,3636.000,-1501.914,-601.551,-17.460
return,3638.000,-1499.919,-601.430,-17.388
return,3640.000,-1497.924,-601.308,-17.314
return,3642.000,-1495.929,-601.189,-17.242
return,3644.000,-1493.934,-601.072,-17.179
return,3646.000,-1491.938,-600.953,-17.124
return,3648.000,-1489.942,-600.831,-17.071
return,3650.000,-1487.947,-600.711,-17.012
return,3652.000,-1485.951,-600.596,-16.944
return,3654.000,-1483.956,-600.485,-16.865
return,3656.000,-1481.961,-600.369,-16.781
return,3658.000,-1479.967,-600.244,-16.696
return,3660.000,-1477.973,-600.112,-16.614
return,3662.000,-1475.979,-599.980,-16.537
return,3664.000,-1473.984,-599.857,-16.465
return,3666.000,-1471.988,-599.746,-16.396
return,3668.000,-1469.992,-599.644,-16.328
return,3670.000,-1467.995,-599.548,-16.260
return,3672.000,-1465.999,-599.452,-16.191
return,3674.000,-1464.003,-599.356,-16.118
return,3676.000,-1462.006,-599.256,-16.043
return,3678.000,-1460.011,-599.151,-15.967
return,3680.000,-1458.015,-599.038,-15.892
return,3682.000,-1456.020,-598.917,-15.821
return,3684.000,-1454.025,-598.792,-15.757
return,3686.000,-1452.030,-598.661,-15.699
return,3688.000,-1450.035,-598.532,-15.643
return,3690.000,-1448.040,-598.408,-15.586
return,3692.000,-1446.044,-598.290,-15.524
return,3694.000,-1444.049,-598.172,-15.456
return,3696.000,-1442.054,-598.046,-15.381
return,3698.000,-1440.060,-597.914,-15.302
return,3700.000,-1438.066,-597.781,-15.225
return,3702.000,-1436.071,-597.655,-15.153
return,3704.000,-1434.076,-597.538,-15.088
return,3706.000,-1432.080,-597.428,-15.027
return,3708.000,-1430.084,-597.320,-14.964
return,3710.000,-1428.088,-597.212,-14.903
return,3712.000,-1426.092,-597.102,-14.843
return,3714.000,-1424.096,-596.991,-14.782
return,3716.000,-1422.100,-596.881,-14.719
return,3718.000,-1420.104,-596.773,-14.653
return,3720.000,-1418.108,-596.666,-14.582
return,3722.000,-1416.112,-596.560,-14.510
return,3724.000,-1414.116,-596.447,-14.444
return,3726.000,-1412.121,-596.325,-14.385
return,3728.000,-1410.126,-596.196,-14.327
return,3730.000,-1408.131,-596.069,-14.265
return,3732.000,-1406.136,-595.945,-14.197
return,3734.000,-1404.141,-595.822,-14.127
return,3736.000,-1402.146,-595.695,-14.058
return,3738.000,-1400.151,-595.568,-13.991
return,3740.000,-1398.156,-595.444,-13.927
return,3742.000,-1396.161,-595.323,-13.861
return,3744.000,-1394.166,-595.201,-13.793
return,3746.000,-1392.171,-595.080,-13.722
return,3748.000,-1390.176,-594.960,-13.649
return,3750.000,-1388.181,-594.839,-13.576
return,3752.000,-1386.186,-594.712,-13.504
return,3754.000,-1384.191,-594.583,-13.434
return,3756.000,-1382.197,-594.453,-13.364
return,3758.000,-1380.202,-594.327,-13.293
return,3760.000,-1378.207,-594.202,-13.219
return,3762.000,-1376.213,-594.075,-13.144
return,3764.000,-1374.219,-593.942,-13.068
return,3766.000,-1372.225,-593.806,-12.992
return,3768.000,-1370.231,-593.669,-12.916
return,3770.000,-1368.237,-593.533,-12.842
return,3772.000,-1366.243,-593.400,-12.768
return,3774.000,-1364.248,-593.269,-12.695
return,3776.000,-1362.254,-593.140,-12.622
return,3778.000,-1360.259,-593.013,-12.550
return,3780.000,-1358.264,-592.885,-12.479
return,3782.000,-1356.270,-592.756,-12.409
return,3784.000,-1354.275,-592.629,-12.339
return,3786.000,-1352.280,-592.501,-12.269
return,3788.000,-1350.286,-592.370,-12.199
return,3790.000,-1348.292,-592.236,-12.130
return,3792.000,-1346.298,-592.099,-12.058
return,3794.000,-1344.304,-591.962,-11.984
return,3796.000,-1342.310,-591.827,-11.906
return,3798.000,-1340.316,-591.693,-11.826
return,3800.000,-1338.322,-591.559,-11.747
return,3802.000,-1336.328,-591.423,-11.669
return,3804.000,-1334.334,-591.286,-11.590
return,3806.000,-1332.341,-591.147,-11.512
return,3808.000,-1330.347,-591.011,-11.436
return,3810.000,-1328.353,-590.876,-11.361
return,3812.000,-1326.359,-590.742,-11.289
return,3814.000,-1324.364,-590.608,-11.216
return,3816.000,-1322.370,-590.472,-11.143
return,3818.000,-1320.376,-590.337,-11.069
return,3820.000,-1318.382,-590.206,-10.994
return,3822.000,-1316.388,-590.076,-10.919
return,3824.000,-1314.393,-589.943,-10.844
return,3826.000,-1312.399,-589.806,-10.771
return,3828.000,-1310.406,-589.667,-10.698
return,3830.000,-1308.412,-589.528,-10.627
return,3832.000,-1306.418,-589.390,-10.556
return,3834.000,-1304.424,-589.252,-10.485
return,3836.000,-1302.430,-589.113,-10.414
return,3838.000,-1300.436,-588.975,-10.342
return,3840.000,-1298.442,-588.837,-10.271
return,3842.000,-1296.448,-588.700,-10.199
return,3844.000,-1294.454,-588.566,-10.130
return,3846.000,-1292.459,-588.433,-10.061
return,3848.000,-1290.465,-588.298,-9.993
return,3850.000,-1288.471,-588.162,-9.925
return,3852.000,-1286.477,-588.026,-9.856
return,3854.000,-1284.482,-587.891,-9.787
return,3856.000,-1282.488,-587.757,-9.717
return,3858.000,-1280.494,-587.624,-9.645
return,3860.000,-1278.500,-587.490,-9.571
return,3862.000,-1276.506,-587.356,-9.495
return,3864.000,-1274.512,-587.221,-9.419
return,3866.000,-1272.518,-587.086,-9.345
return,3868.000,-1270.523,-586.951,-9.275
return,3870.000,-1268.529,-586.818,-9.205
return,3872.000,-1266.535,-586.685,-9.135
return,3874.000,-1264.540,-586.552,-9.063
return,3876.000,-1262.546,-586.420,-8.991
return,3878.000,-1260.552,-586.290,-8.918
return,3880.000,-1258.557,-586.157,-8.848
return,3882.000,-1256.563,-586.021,-8.780
return,3884.000,-1254.569,-585.882,-8.711
return,3886.000,-1252.575,-585.743,-8.639
return,3888.000,-1250.581,-585.605,-8.573
return,3890.000,-1248.587,-585.469,-8.512
return,3892.000,-1246.592,-585.335,-8.453
return,3894.000,-1244.597,-585.200,-8.397
return,3896.000,-1242.603,-585.065,-8.341
return,3898.000,-1240.608,-584.929,-8.286
return,3900.000,-1238.613,-584.794,-8.231
return,3902.000,-1236.619,-584.659,-8.181
return,3904.000,-1234.624,-584.523,-8.128
return,3906.000,-1232.630,-584.387,-8.069
return,3908.000,-1230.635,-584.249,-8.009
return,3910.000,-1228.641,-584.111,-7.949
return,3912.000,-1226.646,-583.975,-7.890
return,3914.000,-1224.652,-583.839,-7.834
return,3916.000,-1222.657,-583.703,-7.780
return,3918.000,-1220.663,-583.565,-7.729
return,3920.000,-1218.668,-583.425,-7.678
return,3922.000,-1216.674,-583.282,-7.627
return,3924.000,-1214.679,-583.141,-7.575
return,3926.000,-1212.685,-583.003,-7.524
return,3928.000,-1210.690,-582.869,-7.473
return,3930.000,-1208.695,-582.735,-7.421
return,3932.000,-1206.700,-582.601,-7.368
return,3934.000,-1204.706,-582.467,-7.316
return,3936.000,-1202.711,-582.332,-7.265
return,3938.000,-1200.716,-582.196,-7.214
return,3940.000,-1198.721,-582.060,-7.163
return,3942.000,-1196.727,-581.927,-7.110
return,3944.000,-1194.731,-581.796,-7.059
return,3946.000,-1192.737,-581.663,-7.009
return,3948.000,-1190.742,-581.526,-6.961
return,3950.000,-1188.747,-581.389,-6.914
return,3952.000,-1186.752,-581.253,-6.870
return,3954.000,-1184.757,-581.118,-6.828
return,3956.000,-1182.762,-580.984,-6.789
return,3958.000,-1180.767,-580.853,-6.750
return,3960.000,-1178.771,-580.723,-6.711
return,3962.000,-1176.776,-580.592,-6.670
return,3964.000,-1174.781,-580.457,-6.629
return,3966.000,-1172.786,-580.319,-6.587
return,3968.000,-1170.791,-580.182,-6.545
return,3970.000,-1168.796,-580.048,-6.502
return,3972.000,-1166.801,-579.914,-6.457
return,3974.000,-1164.806,-579.779,-6.414
return,3976.000,-1162.812,-579.640,-6.371
return,3978.000,-1160.817,-579.497,-6.330
return,3980.000,-1158.823,-579.352,-6.290
return,3982.000,-1156.828,-579.210,-6.254
return,3984.000,-1154.833,-579.071,-6.222
return,3986.000,-1152.838,-578.934,-6.192
return,3988.000,-1150.843,-578.799,-6.161
return,3990.000,-1148.848,-578.666,-6.129
return,3992.000,-1146.853,-578.531,-6.096
return,3994.000,-1144.857,-578.396,-6.062
return,3996.000,-1142.862,-578.259,-6.027
return,3998.000,-1140.868,-578.120,-5.991
return,4000.000,-1138.873,-577.983,-5.956
return,4002.000,-1136.877,-577.848,-5.923
return,4004.000,-1134.882,-577.715,-5.892
return,4006.000,-1132.887,-577.581,-5.863
return,4008.000,-1130.892,-577.445,-5.838
return,4010.000,-1128.896,-577.308,-5.816
return,4012.000,-1126.901,-577.172,-5.798
return,4014.000,-1124.906,-577.038,-5.783
return,4016.000,-1122.910,-576.905,-5.769
return,4018.000,-1120.915,-576.773,-5.757
return,4020.000,-1118.919,-576.639,-5.746
return,4022.000,-1116.924,-576.503,-5.735
return,4024.000,-1114.929,-576.364,-5.726
return,4026.000,-1112.933,-576.225,-5.719
return,4028.000,-1110.938,-576.085,-5.714
return,4030.000,-1108.943,-575.945,-5.710
return,4032.000,-1106.948,-575.808,-5.707
return,4034.000,-1104.953,-575.673,-5.704
return,4036.000,-1102.957,-575.542,-5.702
return,4038.000,-1100.961,-575.412,-5.697
return,4040.000,-1098.965,-575.281,-5.689
return,4042.000,-1096.970,-575.148,-5.675
return,4044.000,-1094.975,-575.011,-5.658
return,4046.000,-1092.979,-574.873,-5.637
return,4048.000,-1090.984,-574.738,-5.617
return,4050.000,-1088.989,-574.605,-5.595
return,4052.000,-1086.993,-574.473,-5.569
return,4054.000,-1084.998,-574.340,-5.538
return,4056.000,-1083.003,-574.203,-5.504
return,4058.000,-1081.008,-574.064,-5.468
return,4060.000,-1079.013,-573.925,-5.429
return,4062.000,-1077.018,-573.787,-5.389
return,4064.000,-1075.023,-573.651,-5.347
return,4066.000,-1073.029,-573.516,-5.305
return,4068.000,-1071.034,-573.380,-5.264
return,4070.000,-1069.038,-573.245,-5.225
return,4072.000,-1067.044,-573.108,-5.189
return,4074.000,-1065.049,-572.970,-5.155
return,4076.000,-1063.054,-572.831,-5.121
return,4078.000,-1061.059,-572.695,-5.087
return,4080.000,-1059.063,-572.560,-5.058
return,4082.000,-1057.068,-572.426,-5.034
return,4084.000,-1055.073,-572.288,-5.014
return,4086.000,-1053.078,-572.149,-4.997
return,4088.000,-1051.083,-572.010,-4.980
return,4090.000,-1049.087,-571.873,-4.962
return,4092.000,-1047.092,-571.739,-4.945
return,4094.000,-1045.096,-571.608,-4.930
return,4096.000,-1043.101,-571.477,-4.915
return,4098.000,-1041.105,-571.344,-4.901
return,4100.000,-1039.110,-571.209,-4.885
return,4102.000,-1037.114,-571.075,-4.868
return,4104.000,-1035.119,-570.939,-4.852
return,4106.000,-1033.124,-570.803,-4.836
return,4108.000,-1031.128,-570.668,-4.820
return,4110.000,-1029.133,-570.533,-4.803
return,4112.000,-1027.138,-570.399,-4.785
return,4114.000,-1025.142,-570.265,-4.766
return,4116.000,-1023.147,-570.127,-4.747
return,4118.000,-1021.152,-569.988,-4.729
return,4120.000,-1019.157,-569.847,-4.713
return,4122.000,-1017.162,-569.709,-4.699
return,4124.000,-1015.167,-569.573,-4.685
return,4126.000,-1013.171,-569.437,-4.669
return,4128.000,-1011.176,-569.300,-4.652
return,4130.000,-1009.181,-569.161,-4.634
return,4132.000,-1007.186,-569.023,-4.616
return,4134.000,-1005.190,-568.887,-4.600
return,4136.000,-1003.195,-568.751,-4.585
return,4138.000,-1001.200,-568.613,-4.569
return,4140.000,-999.205,-568.473,-4.553
return,4142.000,-997.210,-568.332,-4.536
return,4144.000,-995.215,-568.193,-4.519
return,4146.000,-993.220,-568.056,-4.504
return,4148.000,-991.224,-567.923,-4.491
return,4150.000,-989.228,-567.792,-4.479
return,4152.000,-987.233,-567.660,-4.467
return,4154.000,-985.237,-567.527,-4.454
return,4156.000,-983.242,-567.393,-4.440
return,4158.000,-981.246,-567.258,-4.427
return,4160.000,-979.251,-567.123,-4.415
return,4162.000,-977.256,-566.990,-4.401
return,4164.000,-975.260,-566.857,-4.386
return,4166.000,-973.265,-566.723,-4.370
return,4168.000,-971.269,-566.588,-4.354
return,4170.000,-969.274,-566.452,-4.338
return,4172.000,-967.279,-566.315,-4.321
return,4174.000,-965.283,-566.180,-4.303
return,4176.000,-963.288,-566.048,-4.283
return,4178.000,-961.292,-565.917,-4.261
return,4180.000,-959.297,-565.785,-4.239
return,4182.000,-957.301,-565.648,-4.219
return,4184.000,-955.306,-565.508,-4.202
return,4186.000,-953.312,-565.366,-4.187
return,4188.000,-951.316,-565.226,-4.177
return,4190.000,-949.321,-565.089,-4.170
return,4192.000,-947.326,-564.956,-4.163
return,4194.000,-945.330,-564.824,-4.155
return,4196.000,-943.334,-564.691,-4.141
return,4198.000,-941.339,-564.556,-4.123
return,4200.000,-939.344,-564.420,-4.102
return,4202.000,-937.349,-564.284,-4.081
return,4204.000,-935.353,-564.148,-4.061
return,4206.000,-933.358,-564.010,-4.043
return,4208.000,-931.363,-563.870,-4.025
return,4210.000,-929.368,-563.728,-4.009
return,4212.000,-927.373,-563.587,-3.993
return,4214.000,-925.378,-563.449,-3.977
return,4216.000,-923.383,-563.314,-3.959
return,4218.000,-921.387,-563.181,-3.940
return,4220.000,-919.392,-563.048,-3.922
return,4222.000,-917.396,-562.916,-3.904
return,4224.000,-915.401,-562.783,-3.884
return,4226.000,-913.405,-562.650,-3.864
return,4228.000,-911.410,-562.517,-3.844
return,4230.000,-909.414,-562.386,-3.825
return,4232.000,-907.419,-562.253,-3.808
return,4234.000,-905.423,-562.118,-3.791
return,4236.000,-903.428,-561.980,-3.774
return,4238.000,-901.433,-561.842,-3.759
return,4240.000,-899.438,-561.704,-3.743
return,4242.000,-897.443,-561.567,-3.728
return,4244.000,-895.447,-561.433,-3.712
return,4246.000,-893.452,-561.300,-3.697
return,4248.000,-891.456,-561.166,-3.686
return,4250.000,-889.461,-561.030,-3.677
return,4252.000,-887.466,-560.892,-3.664
return,4254.000,-885.471,-560.751,-3.647
return,4256.000,-883.476,-560.611,-3.629
return,4258.000,-881.481,-560.473,-3.609
return,4260.000,-879.485,-560.337,-3.589
return,4262.000,-877.490,-560.202,-3.566
return,4264.000,-875.495,-560.066,-3.543
return,4266.000,-873.500,-559.927,-3.518
return,4268.000,-871.505,-559.789,-3.492
return,4270.000,-869.510,-559.652,-3.464
return,4272.000,-867.514,-559.520,-3.436
return,4274.000,-865.519,-559.389,-3.408
return,4276.000,-863.523,-559.258,-3.379
return,4278.000,-861.528,-559.124,-3.350
return,4280.000,-859.533,-558.988,-3.321
return,4282.000,-857.537,-558.852,-3.292
return,4284.000,-855.542,-558.718,-3.264
return,4286.000,-853.547,-558.584,-3.235
return,4288.000,-851.552,-558.448,-3.208
return,4290.000,-849.557,-558.312,-3.182
return,4292.000,-847.561,-558.176,-3.156
return,4294.000,-845.566,-558.041,-3.131
return,4296.000,-843.571,-557.907,-3.103
return,4298.000,-841.576,-557.772,-3.074
return,4300.000,-839.580,-557.633,-3.045
return,4302.000,-837.586,-557.493,-3.017
return,4304.000,-835.591,-557.354,-2.991
return,4306.000,-833.595,-557.218,-2.967
return,4308.000,-831.600,-557.084,-2.945
return,4310.000,-829.604,-556.952,-2.925
return,4312.000,-827.609,-556.821,-2.904
return,4314.000,-825.613,-556.693,-2.884
return,4316.000,-823.617,-556.565,-2.864
return,4318.000,-821.621,-556.438,-2.846
return,4320.000,-819.626,-556.307,-2.831
return,4322.000,-817.630,-556.172,-2.818
return,4324.000,-815.635,-556.035,-2.806
return,4326.000,-813.640,-555.896,-2.793
return,4328.000,-811.645,-555.756,-2.780
return,4330.000,-809.650,-555.613,-2.767
return,4332.000,-807.655,-555.468,-2.755
return,4334.000,-805.661,-555.324,-2.744
return,4336.000,-803.666,-555.184,-2.733
return,4338.000,-801.670,-555.049,-2.721
return,4340.000,-799.675,-554.916,-2.706
return,4342.000,-797.679,-554.780,-2.690
return,4344.000,-795.684,-554.641,-2.673
return,4346.000,-793.689,-554.497,-2.656
return,4348.000,-791.695,-554.350,-2.638
return,4350.000,-789.701,-554.201,-2.619
return,4352.000,-787.706,-554.052,-2.602
return,4354.000,-785.712,-553.905,-2.587
return,4356.000,-783.717,-553.761,-2.575
return,4358.000,-781.722,-553.619,-2.565
return,4360.000,-779.727,-553.478,-2.555
return,4362.000,-777.732,-553.337,-2.544
return,4364.000,-775.737,-553.197,-2.533
return,4366.000,-773.742,-553.059,-2.523
return,4368.000,-771.746,-552.922,-2.515
return,4370.000,-769.751,-552.784,-2.509
return,4372.000,-767.756,-552.644,-2.504
return,4374.000,-765.761,-552.502,-2.498
return,4376.000,-763.766,-552.357,-2.491
return,4378.000,-761.772,-552.211,-2.483
return,4380.000,-759.777,-552.066,-2.477
return,4382.000,-757.782,-551.925,-2.475
return,4384.000,-755.787,-551.786,-2.478
return,4386.000,-753.792,-551.645,-2.484
return,4388.000,-751.797,-551.499,-2.494
return,4390.000,-749.803,-551.349,-2.507
return,4392.000,-747.808,-551.204,-2.521
return,4394.000,-745.813,-551.066,-2.535
return,4396.000,-743.818,-550.929,-2.543
return,4398.000,-741.823,-550.788,-2.546
return,4400.000,-739.828,-550.645,-2.547
return,4402.000,-737.833,-550.502,-2.547
return,4404.000,-735.838,-550.354,-2.547
return,4406.000,-733.844,-550.200,-2.547
return,4408.000,-731.851,-550.042,-2.548
return,4410.000,-729.857,-549.888,-2.548
return,4412.000,-727.862,-549.739,-2.548
return,4414.000,-725.867,-549.594,-2.547
return,4416.000,-723.873,-549.450,-2.545
return,4418.000,-721.878,-549.305,-2.542
return,4420.000,-719.883,-549.157,-2.538
return,4422.000,-717.889,-549.007,-2.535
return,4424.000,-715.895,-548.859,-2.535
return,4426.000,-713.900,-548.716,-2.539
return,4428.000,-711.904,-548.581,-2.548
return,4430.000,-709.909,-548.449,-2.559
return,4432.000,-707.913,-548.315,-2.565
return,4434.000,-705.918,-548.179,-2.564
return,4436.000,-703.923,-548.037,-2.553
return,4438.000,-701.928,-547.892,-2.536
return,4440.000,-699.934,-547.746,-2.518
return,4442.000,-697.939,-547.601,-2.505
return,4444.000,-695.944,-547.455,-2.498
return,4446.000,-693.950,-547.310,-2.493
return,4448.000,-691.955,-547.166,-2.488
return,4450.000,-689.960,-547.021,-2.479
return,4452.000,-687.966,-546.866,-2.466
return,4454.000,-685.973,-546.699,-2.450
return,4456.000,-683.981,-546.520,-2.431
return,4458.000,-681.990,-546.337,-2.409
return,4460.000,-679.998,-546.153,-2.386
return,4462.000,-678.007,-545.972,-2.368
return,4464.000,-676.015,-545.790,-2.353
return,4466.000,-674.024,-545.600,-2.337
return,4468.000,-672.034,-545.405,-2.327
return,4470.000,-670.043,-545.208,-2.319
return,4472.000,-668.054,-545.007,-2.312
return,4474.000,-666.065,-544.798,-2.304
return,4476.000,-664.076,-544.581,-2.296
return,4478.000,-662.089,-544.357,-2.289
return,4480.000,-660.102,-544.125,-2.282
return,4482.000,-658.117,-543.885,-2.272
return,4484.000,-656.132,-543.640,-2.261
return,4486.000,-654.148,-543.389,-2.250
return,4488.000,-652.164,-543.136,-2.237
return,4490.000,-650.180,-542.881,-2.225
return,4492.000,-648.196,-542.628,-2.213
return,4494.000,-646.213,-542.370,-2.203
return,4496.000,-644.231,-542.105,-2.195
return,4498.000,-642.249,-541.833,-2.188
return,4500.000,-640.269,-541.557,-2.180
return,4502.000,-638.288,-541.278,-2.171
return,4504.000,-636.308,-540.995,-2.161
return,4506.000,-634.329,-540.711,-2.151
return,4508.000,-632.348,-540.435,-2.140
return,4510.000,-630.365,-540.171,-2.127
return,4512.000,-628.382,-539.917,-2.111
return,4514.000,-626.397,-539.668,-2.092
return,4516.000,-624.412,-539.423,-2.072
return,4518.000,-622.427,-539.178,-2.051
return,4520.000,-620.443,-538.933,-2.026
return,4522.000,-618.459,-538.684,-1.997
return,4524.000,-616.475,-538.431,-1.967
return,4526.000,-614.492,-538.172,-1.938
return,4528.000,-612.510,-537.908,-1.911
return,4530.000,-610.528,-537.639,-1.886
return,4532.000,-608.546,-537.370,-1.861
return,4534.000,-606.564,-537.102,-1.836
return,4536.000,-604.582,-536.838,-1.810
return,4538.000,-602.599,-536.577,-1.784
return,4540.000,-600.617,-536.316,-1.759
return,4542.000,-598.634,-536.057,-1.734
return,4544.000,-596.651,-535.797,-1.711
return,4546.000,-594.668,-535.536,-1.687
return,4548.000,-592.686,-535.269,-1.659
return,4550.000,-590.705,-534.998,-1.628
return,4552.000,-588.724,-534.724,-1.594
return,4554.000,-586.743,-534.451,-1.561
return,4556.000,-584.761,-534.181,-1.530
return,4558.000,-582.779,-533.916,-1.498
return,4560.000,-580.797,-533.653,-1.467
return,4562.000,-578.814,-533.393,-1.436
return,4564.000,-576.831,-533.135,-1.408
return,4566.000,-574.848,-532.876,-1.381
return,4568.000,-572.866,-532.614,-1.351
return,4570.000,-570.883,-532.350,-1.318
return,4572.000,-568.902,-532.083,-1.283
return,4574.000,-566.920,-531.817,-1.247
return,4576.000,-564.938,-531.550,-1.211
return,4578.000,-562.956,-531.285,-1.175
return,4580.000,-560.974,-531.022,-1.140
return,4582.000,-558.991,-530.760,-1.110
return,4584.000,-557.008,-530.499,-1.082
return,4586.000,-555.026,-530.237,-1.055
return,4588.000,-553.043,-529.973,-1.023
return,4590.000,-551.062,-529.707,-0.987
return,4592.000,-549.080,-529.438,-0.949
return,4594.000,-547.099,-529.166,-0.914
return,4596.000,-545.118,-528.896,-0.881
return,4598.000,-543.136,-528.629,-0.849
return,4600.000,-541.153,-528.366,-0.816
return,4602.000,-539.171,-528.107,-0.783
return,4604.000,-537.187,-527.849,-0.750
return,4606.000,-535.204,-527.592,-0.717
return,4608.000,-533.221,-527.338,-0.682
return,4610.000,-531.237,-527.083,-0.649
return,4612.000,-529.255,-526.823,-0.618
return,4614.000,-527.273,-526.558,-0.587
return,4616.000,-525.291,-526.288,-0.555
return,4618.000,-523.310,-526.016,-0.521
return,4620.000,-521.329,-525.745,-0.487
return,4622.000,-519.347,-525.478,-0.455
return,4624.000,-517.364,-525.216,-0.426
return,4626.000,-515.381,-524.957,-0.396
return,4628.000,-513.398,-524.700,-0.366
return,4630.000,-511.415,-524.446,-0.333
return,4632.000,-509.431,-524.191,-0.299
return,4634.000,-507.448,-523.932,-0.263
return,4636.000,-505.467,-523.665,-0.227
return,4638.000,-503.486,-523.392,-0.190
return,4640.000,-501.505,-523.117,-0.153
return,4642.000,-499.524,-522.844,-0.114
return,4644.000,-497.543,-522.576,-0.073
return,4646.000,-495.560,-522.314,-0.029
return,4648.000,-493.578,-522.055,0.015
return,4650.000,-491.595,-521.794,0.060
return,4652.000,-489.613,-521.529,0.106
return,4654.000,-487.633,-521.257,0.152
return,4656.000,-485.653,-520.978,0.199
return,4658.000,-483.674,-520.693,0.245
return,4660.000,-481.695,-520.404,0.291
return,4662.000,-479.717,-520.114,0.337
return,4664.000,-477.739,-519.821,0.384
return,4666.000,-475.762,-519.523,0.431
return,4668.000,-473.786,-519.214,0.477
return,4670.000,-471.813,-518.892,0.521
return,4672.000,-469.842,-518.557,0.564
return,4674.000,-467.872,-518.214,0.606
return,4676.000,-465.902,-517.868,0.645
return,4678.000,-463.933,-517.522,0.684
return,4680.000,-461.964,-517.175,0.724
return,4682.000,-459.996,-516.822,0.769
return,4684.000,-458.029,-516.460,0.816
return,4686.000,-456.064,-516.092,0.862
return,4688.000,-454.099,-515.723,0.906
return,4690.000,-452.133,-515.355,0.947
return,4692.000,-450.168,-514.988,0.988
return,4694.000,-448.202,-514.619,1.029
return,4696.000,-446.239,-514.242,1.070
return,4698.000,-444.277,-513.855,1.113
return,4700.000,-442.317,-513.458,1.156
return,4702.000,-440.360,-513.050,1.200
return,4704.000,-438.404,-512.634,1.248
return,4706.000,-436.451,-512.208,1.298
return,4708.000,-434.500,-511.771,1.349
return,4710.000,-432.552,-511.318,1.401
return,4712.000,-430.609,-510.847,1.452
return,4714.000,-428.671,-510.356,1.499
return,4716.000,-426.738,-509.846,1.540
return,4718.000,-424.808,-509.320,1.578
return,4720.000,-422.884,-508.775,1.615
return,4722.000,-420.967,-508.209,1.655
return,4724.000,-419.055,-507.621,1.696
return,4726.000,-417.151,-507.013,1.738
return,4728.000,-415.251,-506.388,1.779
return,4730.000,-413.356,-505.749,1.821
return,4732.000,-411.465,-505.100,1.866
return,4734.000,-409.578,-504.439,1.914
return,4736.000,-407.695,-503.767,1.960
return,4738.000,-405.817,-503.082,2.002
return,4740.000,-403.943,-502.384,2.035
return,4742.000,-402.073,-501.675,2.063
return,4744.000,-400.207,-500.955,2.090
return,4746.000,-398.346,-500.223,2.117
return,4748.000,-396.489,-499.480,2.140
return,4750.000,-394.635,-498.732,2.164
return,4752.000,-392.780,-497.983,2.188
return,4754.000,-390.925,-497.235,2.215
return,4756.000,-389.070,-496.489,2.243
return,4758.000,-387.216,-495.740,2.269
return,4760.000,-385.363,-494.988,2.293
return,4762.000,-383.511,-494.232,2.314
return,4764.000,-381.660,-493.475,2.333
return,4766.000,-379.810,-492.715,2.353
return,4768.000,-377.961,-491.954,2.374
return,4770.000,-376.112,-491.191,2.397
return,4772.000,-374.267,-490.420,2.420
return,4774.000,-372.426,-489.640,2.442
return,4776.000,-370.588,-488.851,2.464
return,4778.000,-368.754,-488.052,2.483
return,4780.000,-366.927,-487.240,2.500
return,4782.000,-365.108,-486.409,2.513
return,4784.000,-363.296,-485.562,2.521
return,4786.000,-361.491,-484.700,2.527
return,4788.000,-359.693,-483.825,2.533
return,4790.000,-357.901,-482.937,2.540
return,4792.000,-356.114,-482.039,2.549
return,4794.000,-354.333,-481.129,2.558
return,4796.000,-352.557,-480.208,2.566
return,4798.000,-350.786,-479.279,2.572
return,4800.000,-349.019,-478.342,2.576
return,4802.000,-347.255,-477.400,2.580
return,4804.000,-345.496,-476.449,2.583
return,4806.000,-343.744,-475.484,2.588
return,4808.000,-342.002,-474.502,2.598
return,4810.000,-340.269,-473.503,2.612
return,4812.000,-338.546,-472.488,2.630
return,4814.000,-336.830,-471.460,2.648
return,4816.000,-335.122,-470.421,2.667
return,4818.000,-333.421,-469.368,2.685
return,4820.000,-331.730,-468.300,2.703
return,4822.000,-330.050,-467.216,2.720
return,4824.000,-328.381,-466.114,2.735
return,4826.000,-326.724,-464.995,2.748
return,4828.000,-325.075,-463.862,2.760
return,4830.000,-323.435,-462.718,2.776
return,4832.000,-321.800,-461.566,2.792
return,4834.000,-320.172,-460.404,2.807
return,4836.000,-318.552,-459.231,2.819
return,4838.000,-316.941,-458.046,2.832
return,4840.000,-315.338,-456.851,2.849
return,4842.000,-313.740,-455.649,2.872
return,4844.000,-312.146,-454.441,2.896
return,4846.000,-310.556,-453.227,2.914
return,4848.000,-308.971,-452.008,2.925
return,4850.000,-307.392,-450.781,2.926
return,4852.000,-305.821,-449.543,2.923
return,4854.000,-304.261,-448.290,2.920
return,4856.000,-302.716,-447.021,2.923
return,4858.000,-301.187,-445.731,2.931
return,4860.000,-299.676,-444.421,2.943
return,4862.000,-298.178,-443.096,2.953
return,4864.000,-296.689,-441.761,2.961
return,4866.000,-295.207,-440.418,2.970
return,4868.000,-293.731,-439.068,2.985
return,4870.000,-292.260,-437.713,3.005
return,4872.000,-290.796,-436.351,3.028
return,4874.000,-289.345,-434.975,3.048
return,4876.000,-287.911,-433.580,3.060
return,4878.000,-286.496,-432.167,3.064
return,4880.000,-285.098,-430.737,3.060
return,4882.000,-283.711,-429.296,3.053
return,4884.000,-282.337,-427.843,3.049
return,4886.000,-280.981,-426.373,3.050
return,4888.000,-279.642,-424.887,3.054
return,4890.000,-278.312,-423.394,3.059
return,4892.000,-276.981,-421.901,3.064
return,4894.000,-275.643,-420.414,3.070
return,4896.000,-274.304,-418.928,3.080
return,4898.000,-272.977,-417.433,3.091
return,4900.000,-271.667,-415.921,3.100
return,4902.000,-270.374,-414.395,3.105
return,4904.000,-269.096,-412.857,3.109
return,4906.000,-267.832,-411.307,3.111
return,4908.000,-266.586,-409.742,3.114
return,4910.000,-265.361,-408.162,3.118
return,4912.000,-264.155,-406.566,3.126
return,4914.000,-262.966,-404.958,3.136
return,4916.000,-261.788,-403.342,3.150
return,4918.000,-260.618,-401.720,3.168
return,4920.000,-259.456,-400.092,3.187
return,4922.000,-258.298,-398.461,3.205
return,4924.000,-257.144,-396.828,3.221
return,4926.000,-255.993,-395.193,3.235
return,4928.000,-254.846,-393.554,3.247
return,4930.000,-253.710,-391.908,3.259
return,4932.000,-252.589,-390.252,3.269
return,4934.000,-251.482,-388.586,3.277
return,4936.000,-250.386,-386.913,3.284
return,4938.000,-249.292,-385.239,3.290
return,4940.000,-248.194,-383.567,3.296
return,4942.000,-247.087,-381.901,3.302
return,4944.000,-245.973,-380.240,3.308
return,4946.000,-244.855,-378.582,3.317
return,4948.000,-243.738,-376.924,3.324
return,4950.000,-242.623,-375.263,3.330
return,4952.000,-241.512,-373.600,3.336
return,4954.000,-240.405,-371.934,3.343
return,4956.000,-239.302,-370.266,3.350
return,4958.000,-238.200,-368.597,3.358
return,4960.000,-237.096,-366.929,3.365
return,4962.000,-235.985,-365.266,3.370
return,4964.000,-234.866,-363.609,3.375
return,4966.000,-233.739,-361.956,3.378
return,4968.000,-232.611,-360.305,3.379
return,4970.000,-231.490,-358.649,3.380
return,4972.000,-230.379,-356.985,3.382
return,4974.000,-229.281,-355.314,3.386
return,4976.000,-228.191,-353.637,3.390
return,4978.000,-227.100,-351.961,3.393
return,4980.000,-226.000,-350.291,3.394
return,4982.000,-224.891,-348.626,3.396
return,4984.000,-223.777,-346.965,3.399
return,4986.000,-222.665,-345.303,3.403
return,4988.000,-221.556,-343.638,3.407
return,4990.000,-220.449,-341.972,3.412
return,4992.000,-219.341,-340.308,3.418
return,4994.000,-218.230,-338.645,3.425
return,4996.000,-217.117,-336.983,3.434
return,4998.000,-216.004,-335.321,3.443
return,5000.000,-214.894,-333.658,3.451
return,5002.000,-213.787,-331.992,3.455
return,5004.000,-212.682,-330.325,3.458
return,5006.000,-211.576,-328.659,3.461
return,5008.000,-210.466,-326.995,3.466
return,5010.000,-209.353,-325.334,3.472
return,5012.000,-208.237,-323.674,3.479
return,5014.000,-207.120,-322.015,3.488
return,5016.000,-206.005,-320.354,3.498
return,5018.000,-204.893,-318.692,3.511
return,5020.000,-203.786,-317.026,3.525
return,5022.000,-202.683,-315.358,3.539
return,5024.000,-201.583,-313.688,3.549
return,5026.000,-200.482,-312.018,3.556
return,5028.000,-199.379,-310.350,3.560
return,5030.000,-198.271,-308.685,3.562
return,5032.000,-197.158,-307.023,3.562
return,5034.000,-196.044,-305.362,3.560
return,5036.000,-194.932,-303.700,3.554
return,5038.000,-193.822,-302.036,3.548
return,5040.000,-192.718,-300.368,3.539
return,5042.000,-191.617,-298.699,3.530
return,5044.000,-190.515,-297.029,3.521
return,5046.000,-189.408,-295.364,3.512
return,5048.000,-188.294,-293.703,3.501
return,5050.000,-187.175,-292.045,3.486
return,5052.000,-186.057,-290.387,3.470
return,5054.000,-184.943,-288.726,3.456
return,5056.000,-183.833,-287.062,3.448
return,5058.000,-182.727,-285.396,3.444
return,5060.000,-181.622,-283.729,3.440
return,5062.000,-180.515,-282.064,3.434
return,5064.000,-179.401,-280.403,3.428
return,5066.000,-178.283,-278.744,3.419
return,5068.000,-177.166,-277.085,3.407
return,5070.000,-176.053,-275.424,3.394
return,5072.000,-174.943,-273.760,3.377
return,5074.000,-173.836,-272.094,3.361
return,5076.000,-172.729,-270.428,3.346
return,5078.000,-171.622,-268.763,3.333
return,5080.000,-170.514,-267.098,3.319
return,5082.000,-169.405,-265.433,3.307
return,5084.000,-168.294,-263.771,3.295
return,5086.000,-167.181,-262.109,3.281
return,5088.000,-166.068,-260.448,3.265
return,5090.000,-164.957,-258.785,3.246
return,5092.000,-163.849,-257.120,3.224
return,5094.000,-162.741,-255.455,3.200
return,5096.000,-161.634,-253.789,3.176
return,5098.000,-160.528,-252.123,3.152
return,5100.000,-159.423,-250.456,3.128
return,5102.000,-158.319,-248.789,3.101
return,5104.000,-157.214,-247.122,3.073
return,5106.000,-156.108,-245.456,3.044
return,5108.000,-154.999,-243.792,3.015
return,5110.000,-153.890,-242.128,2.987
return,5112.000,-152.781,-240.463,2.957
return,5114.000,-151.674,-238.798,2.929
return,5116.000,-150.569,-237.131,2.901
return,5118.000,-149.466,-235.463,2.875
return,5120.000,-148.363,-233.795,2.849
return,5122.000,-147.261,-232.126,2.825
return,5124.000,-146.158,-230.458,2.799
return,5126.000,-145.051,-228.792,2.770
return,5128.000,-143.942,-227.129,2.738
return,5130.000,-142.831,-225.466,2.704
return,5132.000,-141.720,-223.803,2.670
return,5134.000,-140.611,-222.139,2.639
return,5136.000,-139.502,-220.475,2.613
return,5138.000,-138.391,-218.812,2.588
return,5140.000,-137.278,-217.150,2.562
return,5142.000,-136.162,-215.491,2.534
return,5144.000,-135.046,-213.832,2.502
return,5146.000,-133.934,-212.170,2.469
return,5148.000,-132.827,-210.504,2.439
return,5150.000,-131.724,-208.836,2.411
return,5152.000,-130.618,-207.170,2.385
return,5154.000,-129.507,-205.507,2.359
return,5156.000,-128.393,-203.847,2.332
return,5158.000,-127.278,-202.186,2.303
return,5160.000,-126.166,-200.524,2.275
return,5162.000,-125.055,-198.861,2.249
return,5164.000,-123.946,-197.197,2.227
return,5166.000,-122.836,-195.534,2.202
return,5168.000,-121.723,-193.872,2.176
return,5170.000,-120.608,-192.212,2.146
return,5172.000,-119.495,-190.551,2.115
return,5174.000,-118.382,-188.889,2.083
return,5176.000,-117.272,-187.226,2.050
return,5178.000,-116.164,-185.561,2.016
return,5180.000,-115.058,-183.895,1.982
return,5182.000,-113.950,-182.230,1.946
return,5184.000,-112.839,-180.568,1.910
return,5186.000,-111.723,-178.909,1.871
return,5188.000,-110.603,-177.252,1.829
return,5190.000,-109.485,-175.594,1.786
return,5192.000,-108.371,-173.934,1.750
return,5194.000,-107.263,-172.269,1.719
return,5196.000,-106.158,-170.602,1.690
return,5198.000,-105.054,-168.935,1.660
return,5200.000,-103.949,-167.268,1.629
return,5202.000,-102.843,-165.602,1.599
return,5204.000,-101.735,-163.937,1.568
return,5206.000,-100.626,-162.273,1.537
return,5208.000,-99.513,-160.611,1.506
return,5210.000,-98.398,-158.952,1.477
return,5212.000,-97.280,-157.294,1.446
return,5214.000,-96.162,-155.635,1.414
return,5216.000,-95.047,-153.976,1.381
return,5218.000,-93.933,-152.315,1.348
return,5220.000,-92.821,-150.653,1.314
return,5222.000,-91.710,-148.990,1.281
return,5224.000,-90.602,-147.326,1.246
return,5226.000,-89.494,-145.661,1.212
return,5228.000,-88.384,-143.997,1.180
return,5230.000,-87.273,-142.334,1.149
return,5232.000,-86.163,-140.671,1.120
return,5234.000,-85.052,-139.008,1.095
return,5236.000,-83.941,-137.345,1.075
return,5238.000,-82.830,-135.683,1.060
return,5240.000,-81.719,-134.019,1.050
return,5242.000,-80.609,-132.356,1.046
return,5244.000,-79.499,-130.692,1.049
return,5246.000,-78.391,-129.027,1.055
return,5248.000,-77.287,-127.360,1.060
return,5250.000,-76.183,-125.692,1.066
return,5252.000,-75.073,-124.028,1.072
return,5254.000,-73.959,-122.367,1.075
return,5256.000,-72.845,-120.706,1.072
return,5258.000,-71.730,-119.045,1.070
return,5260.000,-70.616,-117.385,1.075
return,5262.000,-69.504,-115.722,1.081
return,5264.000,-68.396,-114.057,1.082
return,5266.000,-67.288,-112.392,1.080
return,5268.000,-66.178,-110.728,1.083
return,5270.000,-65.066,-109.066,1.098
return,5272.000,-63.952,-107.406,1.128
return,5274.000,-62.834,-105.747,1.154
return,5276.000,-61.710,-104.093,1.167
return,5278.000,-60.572,-102.448,1.173
return,5280.000,-59.414,-100.818,1.186
return,5282.000,-58.236,-99.202,1.219
return,5284.000,-57.060,-97.584,1.237
return,5286.000,-55.924,-95.939,1.244
return,5288.000,-54.863,-94.243,1.243
return,5290.000,-53.899,-92.491,1.233
return,5292.000,-53.041,-90.685,1.219
return,5294.000,-52.303,-88.826,1.205
return,5296.000,-51.707,-86.918,1.200
return,5298.000,-51.252,-84.971,1.202
return,5300.000,-50.949,-82.994,1.208
return,5302.000,-50.793,-81.001,1.213
return,5304.000,-50.759,-79.001,1.214
return,5306.000,-50.805,-77.002,1.209
return,5308.000,-50.896,-75.004,1.195
return,5310.000,-51.011,-73.007,1.172
return,5312.000,-51.125,-71.011,1.139
return,5314.000,-51.213,-69.013,1.100
return,5316.000,-51.249,-67.014,1.066
return,5318.000,-51.215,-65.014,1.039
return,5320.000,-51.104,-63.017,1.013
return,5322.000,-50.907,-61.027,1.010
return,5324.000,-50.622,-59.048,1.023
return,5326.000,-50.247,-57.084,1.020
return,5328.000,-49.781,-55.139,1.005
return,5330.000,-49.229,-53.217,0.983
return,5332.000,-48.591,-51.322,0.956
return,5334.000,-47.868,-49.458,0.927
return,5336.000,-47.056,-47.630,0.899
return,5338.000,-46.155,-45.845,0.872
return,5340.000,-45.165,-44.108,0.847
return,5342.000,-44.090,-42.422,0.822
return,5344.000,-42.935,-40.790,0.794
return,5346.000,-41.707,-39.212,0.761
return,5348.000,-40.423,-37.679,0.725
return,5350.000,-39.107,-36.172,0.687
return,5352.000,-37.783,-34.674,0.650
return,5354.000,-36.459,-33.176,0.614
return,5356.000,-35.130,-31.682,0.579
return,5358.000,-33.778,-30.209,0.544
return,5360.000,-32.377,-28.782,0.506
return,5362.000,-30.915,-27.418,0.467
return,5364.000,-29.396,-26.118,0.428
return,5366.000,-27.838,-24.864,0.392
return,5368.000,-26.261,-23.635,0.360
return,5370.000,-24.678,-22.412,0.330
return,5372.000,-23.100,-21.184,0.304
return,5374.000,-21.529,-19.946,0.279
return,5376.000,-19.964,-18.701,0.253
return,5378.000,-18.399,-17.456,0.222
return,5380.000,-16.828,-16.220,0.190
return,5382.000,-15.246,-14.996,0.161
return,5384.000,-13.655,-13.784,0.138
return,5386.000,-12.060,-12.578,0.117
return,5388.000,-10.472,-11.362,0.099
return,5390.000,-8.911,-10.112,0.082
return,5392.000,-7.393,-8.810,0.069
return,5394.000,-5.935,-7.442,0.054
return,5396.000,-4.546,-6.003,0.040
return,5398.000,-3.237,-4.492,0.031
return,5400.000,-2.014,-2.910,0.028
return,5402.000,-0.878,-1.264,0.028
return,5404.000,0.181,0.432,0.028
