direction,s,x,y,z
out,0.000,2.124,4.250,-0.034
out,2.000,2.805,6.129,-0.042
out,4.000,3.352,8.051,-0.060
out,6.000,3.727,10.014,-0.081
out,8.000,3.904,12.003,-0.101
out,10.000,3.885,14.001,-0.118
out,12.000,3.694,15.990,-0.131
out,14.000,3.353,17.959,-0.138
out,16.000,2.871,19.899,-0.141
out,18.000,2.255,21.801,-0.143
out,20.000,1.510,23.656,-0.143
out,22.000,0.643,25.457,-0.145
out,24.000,-0.340,27.197,-0.150
out,26.000,-1.436,28.869,-0.159
out,28.000,-2.643,30.462,-0.168
out,30.000,-3.961,31.965,-0.173
out,32.000,-5.388,33.364,-0.171
out,34.000,-6.918,34.651,-0.163
out,36.000,-8.539,35.819,-0.152
out,38.000,-10.243,36.864,-0.143
out,40.000,-12.024,37.771,-0.142
out,42.000,-13.874,38.526,-0.150
out,44.000,-15.786,39.106,-0.166
out,46.000,-17.744,39.500,-0.188
out,48.000,-19.730,39.725,-0.211
out,50.000,-21.726,39.831,-0.228
out,52.000,-23.726,39.867,-0.235
out,54.000,-25.726,39.871,-0.234
out,56.000,-27.726,39.868,-0.231
out,58.000,-29.726,39.873,-0.235
out,60.000,-31.726,39.884,-0.244
out,62.000,-33.726,39.878,-0.255
out,64.000,-35.724,39.813,-0.260
out,66.000,-37.716,39.644,-0.256
out,68.000,-39.693,39.346,-0.244
out,70.000,-41.644,38.910,-0.230
out,72.000,-43.557,38.332,-0.220
out,74.000,-45.420,37.608,-0.217
out,76.000,-47.218,36.735,-0.220
out,78.000,-48.937,35.716,-0.223
out,80.000,-50.568,34.561,-0.221
out,82.000,-52.103,33.281,-0.210
out,84.000,-53.533,31.884,-0.189
out,86.000,-54.851,30.382,-0.162
out,88.000,-56.050,28.783,-0.132
out,90.000,-57.125,27.098,-0.104
out,92.000,-58.071,25.337,-0.083
out,94.000,-58.883,23.510,-0.071
out,96.000,-59.548,21.625,-0.066
out,98.000,-60.050,19.691,-0.064
out,100.000,-60.380,17.720,-0.066
out,102.000,-60.546,15.728,-0.069
out,104.000,-60.583,13.729,-0.072
out,106.000,-60.535,11.730,-0.073
out,108.000,-60.440,9.732,-0.070
out,110.000,-60.322,7.735,-0.062
out,112.000,-60.190,5.740,-0.042
out,114.000,-60.048,3.745,-0.010
out,116.000,-59.900,1.751,0.028
out,118.000,-59.745,-0.243,0.066
out,120.000,-59.586,-2.236,0.100
out,122.000,-59.428,-4.230,0.130
out,124.000,-59.275,-6.223,0.162
out,126.000,-59.124,-8.217,0.196
out,128.000,-58.973,-10.211,0.229
out,130.000,-58.823,-12.205,0.263
out,132.000,-58.677,-14.200,0.298
out,134.000,-58.534,-16.194,0.337
out,136.000,-58.392,-18.189,0.379
out,138.000,-58.250,-20.183,0.421
out,140.000,-58.106,-22.178,0.462
out,142.000,-57.962,-24.172,0.500
out,144.000,-57.816,-26.167,0.536
out,146.000,-57.668,-28.161,0.571
out,148.000,-57.519,-30.155,0.606
out,150.000,-57.370,-32.149,0.643
out,152.000,-57.222,-34.143,0.680
out,154.000,-57.075,-36.137,0.716
out,156.000,-56.925,-38.131,0.751
out,158.000,-56.773,-40.125,0.786
out,160.000,-56.620,-42.119,0.819
out,162.000,-56.469,-44.113,0.850
out,164.000,-56.320,-46.108,0.876
out,166.000,-56.175,-48.102,0.900
out,168.000,-56.035,-50.097,0.920
out,170.000,-55.898,-52.092,0.941
out,172.000,-55.763,-54.088,0.963
out,174.000,-55.624,-56.083,0.984
out,176.000,-55.483,-58.078,1.004
out,178.000,-55.341,-60.073,1.021
out,180.000,-55.199,-62.067,1.038
out,182.000,-55.059,-64.062,1.055
out,184.000,-54.921,-66.058,1.075
out,186.000,-54.791,-68.053,1.094
out,188.000,-54.676,-70.050,1.108
out,190.000,-54.584,-72.048,1.113
out,192.000,-54.527,-74.047,1.114
out,194.000,-54.517,-76.047,1.119
out,196.000,-54.563,-78.046,1.130
out,198.000,-54.671,-80.043,1.149
out,200.000,-54.850,-82.034,1.169
out,202.000,-55.136,-84.013,1.185
out,204.000,-55.560,-85.966,1.194
out,206.000,-56.140,-87.879,1.198
out,208.000,-56.876,-89.737,1.201
out,210.000,-57.758,-91.531,1.204
out,212.000,-58.756,-93.264,1.205
out,214.000,-59.825,-94.953,1.203
out,216.000,-60.926,-96.623,1.200
out,218.000,-62.037,-98.286,1.200
out,220.000,-63.154,-99.945,1.198
out,222.000,-64.274,-101.602,1.193
out,224.000,-65.395,-103.258,1.183
out,226.000,-66.512,-104.917,1.173
out,228.000,-67.628,-106.577,1.164
out,230.000,-68.744,-108.236,1.157
out,232.000,-69.861,-109.895,1.149
out,234.000,-70.977,-111.555,1.141
out,236.000,-72.092,-113.216,1.132
out,238.000,-73.206,-114.877,1.122
out,240.000,-74.315,-116.541,1.112
out,242.000,-75.420,-118.208,1.104
out,244.000,-76.524,-119.876,1.097
out,246.000,-77.631,-121.542,1.090
out,248.000,-78.741,-123.205,1.082
out,250.000,-79.856,-124.865,1.071
out,252.000,-80.972,-126.525,1.060
out,254.000,-82.083,-128.188,1.050
out,256.000,-83.189,-129.855,1.046
out,258.000,-84.290,-131.524,1.050
out,260.000,-85.391,-133.194,1.062
out,262.000,-86.495,-134.861,1.078
out,264.000,-87.603,-136.526,1.097
out,266.000,-88.711,-138.191,1.120
out,268.000,-89.821,-139.855,1.148
out,270.000,-90.932,-141.517,1.179
out,272.000,-92.045,-143.179,1.211
out,274.000,-93.163,-144.837,1.243
out,276.000,-94.280,-146.495,1.275
out,278.000,-95.392,-148.157,1.302
out,280.000,-96.505,-149.819,1.328
out,282.000,-97.619,-151.480,1.358
out,284.000,-98.731,-153.142,1.390
out,286.000,-99.842,-154.804,1.422
out,288.000,-100.953,-156.467,1.450
out,290.000,-102.065,-158.130,1.475
out,292.000,-103.178,-159.791,1.499
out,294.000,-104.292,-161.452,1.526
out,296.000,-105.406,-163.113,1.557
out,298.000,-106.519,-164.774,1.589
out,300.000,-107.629,-166.437,1.620
out,302.000,-108.739,-168.101,1.649
out,304.000,-109.849,-169.764,1.682
out,306.000,-110.959,-171.427,1.720
out,308.000,-112.070,-173.090,1.764
out,310.000,-113.178,-174.754,1.811
out,312.000,-114.285,-176.419,1.855
out,314.000,-115.392,-178.085,1.897
out,316.000,-116.500,-179.749,1.935
out,318.000,-117.611,-181.412,1.971
out,320.000,-118.725,-183.072,2.005
out,322.000,-119.844,-184.730,2.038
out,324.000,-120.964,-186.386,2.067
out,326.000,-122.081,-188.045,2.095
out,328.000,-123.193,-189.707,2.120
out,330.000,-124.299,-191.374,2.145
out,332.000,-125.402,-193.042,2.171
out,334.000,-126.507,-194.708,2.199
out,336.000,-127.620,-196.370,2.227
out,338.000,-128.739,-198.027,2.252
out,340.000,-129.862,-199.682,2.275
out,342.000,-130.982,-201.339,2.298
out,344.000,-132.095,-203.001,2.324
out,346.000,-133.203,-204.666,2.354
out,348.000,-134.308,-206.332,2.387
out,350.000,-135.412,-207.999,2.420
out,352.000,-136.517,-209.666,2.451
out,354.000,-137.622,-211.333,2.482
out,356.000,-138.728,-212.999,2.514
out,358.000,-139.837,-214.663,2.545
out,360.000,-140.946,-216.327,2.574
out,362.000,-142.054,-217.992,2.598
out,364.000,-143.162,-219.657,2.621
out,366.000,-144.268,-221.323,2.647
out,368.000,-145.378,-222.987,2.680
out,370.000,-146.491,-224.648,2.718
out,372.000,-147.607,-226.307,2.754
out,374.000,-148.722,-227.967,2.780
out,376.000,-149.832,-229.630,2.799
out,378.000,-150.938,-231.297,2.817
out,380.000,-152.040,-232.966,2.840
out,382.000,-153.143,-234.634,2.868
out,384.000,-154.250,-236.299,2.898
out,386.000,-155.359,-237.964,2.925
out,388.000,-156.468,-239.628,2.950
out,390.000,-157.576,-241.293,2.973
out,392.000,-158.683,-242.958,2.998
out,394.000,-159.790,-244.624,3.024
out,396.000,-160.898,-246.288,3.051
out,398.000,-162.008,-247.952,3.077
out,400.000,-163.116,-249.617,3.105
out,402.000,-164.222,-251.282,3.132
out,404.000,-165.328,-252.949,3.159
out,406.000,-166.437,-254.613,3.183
out,408.000,-167.549,-256.275,3.206
out,410.000,-168.664,-257.936,3.228
out,412.000,-169.778,-259.596,3.248
out,414.000,-170.891,-261.258,3.266
out,416.000,-172.003,-262.920,3.279
out,418.000,-173.114,-264.583,3.291
out,420.000,-174.226,-266.246,3.304
out,422.000,-175.336,-267.909,3.317
out,424.000,-176.445,-269.574,3.331
out,426.000,-177.553,-271.239,3.345
out,428.000,-178.663,-272.902,3.361
out,430.000,-179.773,-274.566,3.379
out,432.000,-180.883,-276.230,3.397
out,434.000,-181.990,-277.895,3.411
out,436.000,-183.096,-279.561,3.419
out,438.000,-184.204,-281.227,3.423
out,440.000,-185.314,-282.890,3.426
out,442.000,-186.428,-284.551,3.432
out,444.000,-187.542,-286.212,3.441
out,446.000,-188.653,-287.875,3.453
out,448.000,-189.762,-289.539,3.464
out,450.000,-190.870,-291.204,3.474
out,452.000,-191.979,-292.869,3.483
out,454.000,-193.090,-294.532,3.495
out,456.000,-194.202,-296.194,3.508
out,458.000,-195.313,-297.857,3.522
out,460.000,-196.424,-299.520,3.532
out,462.000,-197.533,-301.184,3.539
out,464.000,-198.641,-302.849,3.545
out,466.000,-199.748,-304.515,3.551
out,468.000,-200.855,-306.181,3.556
out,470.000,-201.962,-307.847,3.561
out,472.000,-203.070,-309.511,3.564
out,474.000,-204.180,-311.175,3.564
out,476.000,-205.290,-312.839,3.561
out,478.000,-206.401,-314.502,3.555
out,480.000,-207.510,-316.166,3.546
out,482.000,-208.618,-317.831,3.538
out,484.000,-209.725,-319.497,3.530
out,486.000,-210.833,-321.162,3.523
out,488.000,-211.941,-322.827,3.516
out,490.000,-213.051,-324.491,3.509
out,492.000,-214.162,-326.154,3.501
out,494.000,-215.274,-327.816,3.494
out,496.000,-216.386,-329.479,3.486
out,498.000,-217.496,-331.142,3.478
out,500.000,-218.605,-332.807,3.470
out,502.000,-219.711,-334.473,3.461
out,504.000,-220.817,-336.139,3.450
out,506.000,-221.924,-337.805,3.440
out,508.000,-223.032,-339.470,3.433
out,510.000,-224.141,-341.134,3.427
out,512.000,-225.250,-342.799,3.422
out,514.000,-226.358,-344.464,3.418
out,516.000,-227.465,-346.129,3.414
out,518.000,-228.573,-347.794,3.411
out,520.000,-229.681,-349.459,3.408
out,522.000,-230.788,-351.125,3.407
out,524.000,-231.895,-352.791,3.405
out,526.000,-233.001,-354.457,3.403
out,528.000,-234.109,-356.122,3.399
out,530.000,-235.220,-357.785,3.394
out,532.000,-236.334,-359.446,3.387
out,534.000,-237.450,-361.106,3.380
out,536.000,-238.564,-362.766,3.373
out,538.000,-239.677,-364.429,3.365
out,540.000,-240.786,-366.093,3.358
out,542.000,-241.892,-367.759,3.351
out,544.000,-242.998,-369.425,3.344
out,546.000,-244.106,-371.091,3.337
out,548.000,-245.215,-372.755,3.330
out,550.000,-246.325,-374.418,3.323
out,552.000,-247.437,-376.081,3.314
out,554.000,-248.550,-377.742,3.304
out,556.000,-249.664,-379.403,3.295
out,558.000,-250.776,-381.066,3.290
out,560.000,-251.885,-382.730,3.287
out,562.000,-252.990,-384.397,3.285
out,564.000,-254.094,-386.065,3.281
out,566.000,-255.202,-387.730,3.274
out,568.000,-256.316,-389.391,3.262
out,570.000,-257.440,-391.045,3.246
out,572.000,-258.572,-392.694,3.228
out,574.000,-259.711,-394.338,3.208
out,576.000,-260.856,-395.978,3.182
out,578.000,-262.004,-397.615,3.153
out,580.000,-263.157,-399.248,3.123
out,582.000,-264.319,-400.877,3.097
out,584.000,-265.489,-402.499,3.077
out,586.000,-266.669,-404.113,3.065
out,588.000,-267.865,-405.716,3.060
out,590.000,-269.078,-407.306,3.061
out,592.000,-270.310,-408.882,3.063
out,594.000,-271.560,-410.443,3.065
out,596.000,-272.830,-411.988,3.062
out,598.000,-274.121,-413.515,3.054
out,600.000,-275.432,-415.025,3.042
out,602.000,-276.762,-416.519,3.029
out,604.000,-278.106,-418.000,3.018
out,606.000,-279.458,-419.474,3.009
out,608.000,-280.814,-420.944,3.001
out,610.000,-282.173,-422.411,2.992
out,612.000,-283.539,-423.872,2.984
out,614.000,-284.917,-425.322,2.975
out,616.000,-286.308,-426.758,2.964
out,618.000,-287.713,-428.182,2.953
out,620.000,-289.128,-429.595,2.943
out,622.000,-290.552,-430.999,2.935
out,624.000,-291.983,-432.396,2.931
out,626.000,-293.421,-433.787,2.927
out,628.000,-294.864,-435.172,2.922
out,630.000,-296.313,-436.550,2.916
out,632.000,-297.771,-437.919,2.911
out,634.000,-299.241,-439.275,2.904
out,636.000,-300.729,-440.612,2.894
out,638.000,-302.235,-441.928,2.883
out,640.000,-303.759,-443.223,2.872
out,642.000,-305.295,-444.503,2.864
out,644.000,-306.841,-445.772,2.858
out,646.000,-308.394,-447.032,2.852
out,648.000,-309.958,-448.279,2.846
out,650.000,-311.534,-449.510,2.838
out,652.000,-313.123,-450.725,2.827
out,654.000,-314.721,-451.927,2.812
out,656.000,-316.327,-453.118,2.792
out,658.000,-317.941,-454.299,2.770
out,660.000,-319.561,-455.472,2.750
out,662.000,-321.184,-456.640,2.732
out,664.000,-322.806,-457.810,2.720
out,666.000,-324.424,-458.986,2.713
out,668.000,-326.037,-460.169,2.712
out,670.000,-327.650,-461.352,2.711
out,672.000,-329.271,-462.523,2.707
out,674.000,-330.909,-463.670,2.697
out,676.000,-332.568,-464.787,2.684
out,678.000,-334.248,-465.873,2.669
out,680.000,-335.944,-466.932,2.654
out,682.000,-337.655,-467.968,2.640
out,684.000,-339.377,-468.984,2.627
out,686.000,-341.108,-469.986,2.615
out,688.000,-342.843,-470.981,2.604
out,690.000,-344.581,-471.970,2.595
out,692.000,-346.325,-472.950,2.588
out,694.000,-348.074,-473.919,2.582
out,696.000,-349.830,-474.877,2.577
out,698.000,-351.591,-475.824,2.571
out,700.000,-353.359,-476.759,2.567
out,702.000,-355.136,-477.676,2.564
out,704.000,-356.922,-478.578,2.561
out,706.000,-358.711,-479.471,2.558
out,708.000,-360.504,-480.358,2.553
out,710.000,-362.299,-481.240,2.547
out,712.000,-364.099,-482.110,2.541
out,714.000,-365.908,-482.964,2.534
out,716.000,-367.725,-483.800,2.525
out,718.000,-369.548,-484.623,2.511
out,720.000,-371.375,-485.436,2.491
out,722.000,-373.205,-486.241,2.468
out,724.000,-375.040,-487.037,2.445
out,726.000,-376.880,-487.821,2.425
out,728.000,-378.726,-488.590,2.408
out,730.000,-380.577,-489.347,2.394
out,732.000,-382.431,-490.097,2.378
out,734.000,-384.286,-490.845,2.360
out,736.000,-386.141,-491.592,2.338
out,738.000,-387.997,-492.336,2.313
out,740.000,-389.856,-493.075,2.286
out,742.000,-391.716,-493.810,2.256
out,744.000,-393.577,-494.541,2.226
out,746.000,-395.439,-495.271,2.198
out,748.000,-397.301,-495.999,2.172
out,750.000,-399.165,-496.725,2.150
out,752.000,-401.029,-497.449,2.129
out,754.000,-402.894,-498.171,2.107
out,756.000,-404.761,-498.888,2.083
out,758.000,-406.632,-499.595,2.054
out,760.000,-408.507,-500.289,2.019
out,762.000,-410.388,-500.968,1.977
out,764.000,-412.273,-501.634,1.932
out,766.000,-414.163,-502.287,1.889
out,768.000,-416.057,-502.927,1.847
out,770.000,-417.956,-503.553,1.801
out,772.000,-419.860,-504.164,1.752
out,774.000,-421.768,-504.760,1.702
out,776.000,-423.682,-505.340,1.653
out,778.000,-425.601,-505.902,1.607
out,780.000,-427.526,-506.442,1.564
out,782.000,-429.458,-506.958,1.523
out,784.000,-431.395,-507.452,1.482
out,786.000,-433.338,-507.925,1.435
out,788.000,-435.285,-508.380,1.382
out,790.000,-437.235,-508.818,1.324
out,792.000,-439.189,-509.242,1.263
out,794.000,-441.145,-509.654,1.207
out,796.000,-443.103,-510.057,1.157
out,798.000,-445.063,-510.453,1.111
out,800.000,-447.024,-510.842,1.064
out,802.000,-448.987,-511.224,1.012
out,804.000,-450.951,-511.598,0.961
out,806.000,-452.916,-511.968,0.914
out,808.000,-454.881,-512.338,0.875
out,810.000,-456.846,-512.709,0.839
out,812.000,-458.811,-513.079,0.803
out,814.000,-460.777,-513.445,0.766
out,816.000,-462.744,-513.804,0.725
out,818.000,-464.713,-514.152,0.681
out,820.000,-466.684,-514.488,0.636
out,822.000,-468.657,-514.814,0.593
out,824.000,-470.631,-515.133,0.550
out,826.000,-472.605,-515.452,0.506
out,828.000,-474.579,-515.771,0.460
out,830.000,-476.553,-516.088,0.413
out,832.000,-478.528,-516.399,0.368
out,834.000,-480.505,-516.700,0.324
out,836.000,-482.483,-516.993,0.281
out,838.000,-484.461,-517.280,0.236
out,840.000,-486.441,-517.564,0.189
out,842.000,-488.420,-517.844,0.145
out,844.000,-490.401,-518.118,0.103
out,846.000,-492.382,-518.387,0.065
out,848.000,-494.365,-518.652,0.028
out,850.000,-496.347,-518.913,-0.011
out,852.000,-498.330,-519.170,-0.052
out,854.000,-500.313,-519.426,-0.093
out,856.000,-502.296,-519.682,-0.133
out,858.000,-504.279,-519.939,-0.171
out,860.000,-506.262,-520.198,-0.209
out,862.000,-508.245,-520.460,-0.246
out,864.000,-510.227,-520.724,-0.283
out,866.000,-512.209,-520.988,-0.320
out,868.000,-514.191,-521.251,-0.356
out,870.000,-516.173,-521.514,-0.392
out,872.000,-518.156,-521.777,-0.426
out,874.000,-520.138,-522.041,-0.460
out,876.000,-522.120,-522.309,-0.496
out,878.000,-524.101,-522.577,-0.533
out,880.000,-526.083,-522.844,-0.568
out,882.000,-528.065,-523.109,-0.600
out,884.000,-530.048,-523.373,-0.630
out,886.000,-532.030,-523.635,-0.659
out,888.000,-534.013,-523.895,-0.688
out,890.000,-535.996,-524.153,-0.717
out,892.000,-537.979,-524.411,-0.745
out,894.000,-539.962,-524.669,-0.774
out,896.000,-541.945,-524.930,-0.805
out,898.000,-543.927,-525.191,-0.840
out,900.000,-545.910,-525.454,-0.878
out,902.000,-547.892,-525.717,-0.919
out,904.000,-549.874,-525.982,-0.960
out,906.000,-551.856,-526.248,-0.999
out,908.000,-553.837,-526.515,-1.034
out,910.000,-555.819,-526.781,-1.066
out,912.000,-557.802,-527.043,-1.102
out,914.000,-559.784,-527.302,-1.146
out,916.000,-561.767,-527.560,-1.183
out,918.000,-563.750,-527.822,-1.209
out,920.000,-565.732,-528.087,-1.228
out,922.000,-567.714,-528.354,-1.245
out,924.000,-569.696,-528.620,-1.266
out,926.000,-571.678,-528.887,-1.292
out,928.000,-573.660,-529.152,-1.322
out,930.000,-575.643,-529.417,-1.357
out,932.000,-577.625,-529.681,-1.393
out,934.000,-579.607,-529.944,-1.428
out,936.000,-581.589,-530.207,-1.461
out,938.000,-583.571,-530.472,-1.491
out,940.000,-585.553,-530.740,-1.520
out,942.000,-587.535,-531.010,-1.549
out,944.000,-589.516,-531.282,-1.577
out,946.000,-591.497,-531.553,-1.602
out,948.000,-593.479,-531.821,-1.624
out,950.000,-595.462,-532.084,-1.647
out,952.000,-597.444,-532.346,-1.670
out,954.000,-599.427,-532.607,-1.697
out,956.000,-601.409,-532.870,-1.726
out,958.000,-603.392,-533.134,-1.757
out,960.000,-605.374,-533.398,-1.786
out,962.000,-607.356,-533.663,-1.815
out,964.000,-609.338,-533.930,-1.843
out,966.000,-611.320,-534.197,-1.868
out,968.000,-613.302,-534.466,-1.892
out,970.000,-615.283,-534.736,-1.914
out,972.000,-617.265,-535.006,-1.937
out,974.000,-619.247,-535.274,-1.963
out,976.000,-621.228,-535.545,-1.992
out,978.000,-623.209,-535.821,-2.024
out,980.000,-625.189,-536.101,-2.056
out,982.000,-627.169,-536.378,-2.084
out,984.000,-629.151,-536.646,-2.107
out,986.000,-631.134,-536.905,-2.125
out,988.000,-633.118,-537.160,-2.137
out,990.000,-635.101,-537.416,-2.144
out,992.000,-637.084,-537.678,-2.149
out,994.000,-639.066,-537.945,-2.153
out,996.000,-641.048,-538.213,-2.157
out,998.000,-643.030,-538.479,-2.160
out,1000.000,-645.013,-538.741,-2.161
out,1002.000,-646.996,-539.000,-2.168
out,1004.000,-648.980,-539.255,-2.180
out,1006.000,-650.964,-539.506,-2.195
out,1008.000,-652.949,-539.751,-2.210
out,1010.000,-654.934,-539.991,-2.222
out,1012.000,-656.920,-540.227,-2.233
out,1014.000,-658.907,-540.454,-2.243
out,1016.000,-660.895,-540.673,-2.255
out,1018.000,-662.884,-540.885,-2.268
out,1020.000,-664.873,-541.095,-2.279
out,1022.000,-666.862,-541.306,-2.288
out,1024.000,-668.850,-541.520,-2.298
out,1026.000,-670.839,-541.735,-2.309
out,1028.000,-672.827,-541.950,-2.324
out,1030.000,-674.816,-542.160,-2.340
out,1032.000,-676.805,-542.362,-2.357
out,1034.000,-678.796,-542.555,-2.372
out,1036.000,-680.787,-542.740,-2.384
out,1038.000,-682.780,-542.917,-2.392
out,1040.000,-684.773,-543.085,-2.402
out,1042.000,-686.766,-543.247,-2.414
out,1044.000,-688.759,-543.406,-2.430
out,1046.000,-690.753,-543.564,-2.445
out,1048.000,-692.747,-543.719,-2.459
out,1050.000,-694.741,-543.877,-2.469
out,1052.000,-696.734,-544.042,-2.475
out,1054.000,-698.727,-544.213,-2.477
out,1056.000,-700.720,-544.380,-2.477
out,1058.000,-702.714,-544.532,-2.478
out,1060.000,-704.709,-544.666,-2.481
out,1062.000,-706.705,-544.793,-2.488
out,1064.000,-708.701,-544.922,-2.497
out,1066.000,-710.696,-545.064,-2.507
out,1068.000,-712.690,-545.219,-2.518
out,1070.000,-714.683,-545.381,-2.526
out,1072.000,-716.677,-545.543,-2.533
out,1074.000,-718.671,-545.697,-2.538
out,1076.000,-720.666,-545.843,-2.541
out,1078.000,-722.660,-545.987,-2.543
out,1080.000,-724.655,-546.132,-2.541
out,1082.000,-726.650,-546.280,-2.538
out,1084.000,-728.644,-546.429,-2.534
out,1086.000,-730.639,-546.575,-2.530
out,1088.000,-732.634,-546.717,-2.526
out,1090.000,-734.629,-546.855,-2.521
out,1092.000,-736.624,-546.988,-2.515
out,1094.000,-738.620,-547.120,-2.511
out,1096.000,-740.616,-547.252,-2.512
out,1098.000,-742.611,-547.383,-2.516
out,1100.000,-744.607,-547.516,-2.523
out,1102.000,-746.602,-547.657,-2.528
out,1104.000,-748.596,-547.813,-2.528
out,1106.000,-750.588,-547.984,-2.520
out,1108.000,-752.581,-548.160,-2.502
out,1110.000,-754.574,-548.322,-2.477
out,1112.000,-756.570,-548.449,-2.451
out,1114.000,-758.568,-548.512,-2.430
out,1116.000,-760.568,-548.490,-2.419
out,1118.000,-762.565,-548.380,-2.418
out,1120.000,-764.556,-548.199,-2.425
out,1122.000,-766.543,-547.969,-2.434
out,1124.000,-768.525,-547.707,-2.442
out,1126.000,-770.506,-547.427,-2.449
out,1128.000,-772.486,-547.146,-2.456
out,1130.000,-774.468,-546.881,-2.466
out,1132.000,-776.455,-546.653,-2.479
out,1134.000,-778.447,-546.478,-2.492
out,1136.000,-780.444,-546.366,-2.504
out,1138.000,-782.443,-546.320,-2.512
out,1140.000,-784.443,-546.337,-2.518
out,1142.000,-786.442,-546.400,-2.522
out,1144.000,-788.440,-546.493,-2.526
out,1146.000,-790.437,-546.601,-2.533
out,1148.000,-792.433,-546.717,-2.545
out,1150.000,-794.429,-546.840,-2.561
out,1152.000,-796.425,-546.968,-2.579
out,1154.000,-798.421,-547.101,-2.595
out,1156.000,-800.416,-547.237,-2.609
out,1158.000,-802.411,-547.374,-2.621
out,1160.000,-804.406,-547.513,-2.632
out,1162.000,-806.402,-547.651,-2.642
out,1164.000,-808.397,-547.788,-2.652
out,1166.000,-810.392,-547.924,-2.664
out,1168.000,-812.387,-548.061,-2.677
out,1170.000,-814.383,-548.200,-2.691
out,1172.000,-816.378,-548.341,-2.704
out,1174.000,-818.373,-548.481,-2.718
out,1176.000,-820.368,-548.617,-2.733
out,1178.000,-822.363,-548.753,-2.748
out,1180.000,-824.359,-548.889,-2.762
out,1182.000,-826.353,-549.031,-2.776
out,1184.000,-828.348,-549.175,-2.791
out,1186.000,-830.343,-549.319,-2.808
out,1188.000,-832.338,-549.459,-2.828
out,1190.000,-834.333,-549.596,-2.852
out,1192.000,-836.328,-549.731,-2.878
out,1194.000,-838.324,-549.865,-2.904
out,1196.000,-840.319,-549.999,-2.931
out,1198.000,-842.314,-550.136,-2.960
out,1200.000,-844.309,-550.276,-2.991
out,1202.000,-846.304,-550.416,-3.023
out,1204.000,-848.299,-550.556,-3.055
out,1206.000,-850.294,-550.695,-3.086
out,1208.000,-852.289,-550.833,-3.115
out,1210.000,-854.284,-550.969,-3.144
out,1212.000,-856.279,-551.105,-3.170
out,1214.000,-858.274,-551.242,-3.196
out,1216.000,-860.269,-551.381,-3.221
out,1218.000,-862.264,-551.519,-3.246
out,1220.000,-864.259,-551.655,-3.272
out,1222.000,-866.255,-551.788,-3.297
out,1224.000,-868.250,-551.919,-3.322
out,1226.000,-870.246,-552.050,-3.345
out,1228.000,-872.241,-552.185,-3.365
out,1230.000,-874.237,-552.321,-3.384
out,1232.000,-876.232,-552.458,-3.403
out,1234.000,-878.227,-552.593,-3.422
out,1236.000,-880.222,-552.728,-3.442
out,1238.000,-882.218,-552.864,-3.463
out,1240.000,-884.213,-553.001,-3.484
out,1242.000,-886.208,-553.140,-3.503
out,1244.000,-888.203,-553.280,-3.520
out,1246.000,-890.198,-553.419,-3.535
out,1248.000,-892.193,-553.556,-3.550
out,1250.000,-894.189,-553.691,-3.567
out,1252.000,-896.184,-553.826,-3.586
out,1254.000,-898.179,-553.962,-3.608
out,1256.000,-900.175,-554.097,-3.629
out,1258.000,-902.170,-554.233,-3.649
out,1260.000,-904.165,-554.368,-3.668
out,1262.000,-906.161,-554.502,-3.685
out,1264.000,-908.156,-554.633,-3.702
out,1266.000,-910.152,-554.765,-3.719
out,1268.000,-912.147,-554.898,-3.734
out,1270.000,-914.143,-555.034,-3.750
out,1272.000,-916.138,-555.170,-3.766
out,1274.000,-918.133,-555.304,-3.784
out,1276.000,-920.129,-555.438,-3.801
out,1278.000,-922.124,-555.571,-3.817
out,1280.000,-924.120,-555.706,-3.832
out,1282.000,-926.115,-555.843,-3.847
out,1284.000,-928.110,-555.981,-3.864
out,1286.000,-930.105,-556.120,-3.881
out,1288.000,-932.100,-556.258,-3.897
out,1290.000,-934.096,-556.393,-3.913
out,1292.000,-936.091,-556.528,-3.927
out,1294.000,-938.087,-556.662,-3.943
out,1296.000,-940.082,-556.798,-3.960
out,1298.000,-942.077,-556.933,-3.976
out,1300.000,-944.073,-557.067,-3.993
out,1302.000,-946.068,-557.202,-4.009
out,1304.000,-948.063,-557.338,-4.026
out,1306.000,-950.059,-557.476,-4.041
out,1308.000,-952.054,-557.616,-4.054
out,1310.000,-954.049,-557.754,-4.065
out,1312.000,-956.044,-557.890,-4.074
out,1314.000,-958.040,-558.024,-4.083
out,1316.000,-960.035,-558.157,-4.093
out,1318.000,-962.031,-558.292,-4.106
out,1320.000,-964.026,-558.428,-4.118
out,1322.000,-966.021,-558.566,-4.130
out,1324.000,-968.016,-558.707,-4.140
out,1326.000,-970.011,-558.848,-4.149
out,1328.000,-972.006,-558.985,-4.159
out,1330.000,-974.002,-559.119,-4.168
out,1332.000,-975.997,-559.252,-4.178
out,1334.000,-977.993,-559.387,-4.188
out,1336.000,-979.988,-559.525,-4.197
out,1338.000,-981.983,-559.665,-4.208
out,1340.000,-983.978,-559.806,-4.220
out,1342.000,-985.973,-559.943,-4.233
out,1344.000,-987.969,-560.077,-4.249
out,1346.000,-989.964,-560.208,-4.265
out,1348.000,-991.960,-560.338,-4.284
out,1350.000,-993.956,-560.472,-4.305
out,1352.000,-995.951,-560.609,-4.329
out,1354.000,-997.946,-560.747,-4.355
out,1356.000,-999.941,-560.884,-4.382
out,1358.000,-1001.936,-561.020,-4.408
out,1360.000,-1003.931,-561.157,-4.433
out,1362.000,-1005.926,-561.295,-4.458
out,1364.000,-1007.921,-561.434,-4.481
out,1366.000,-1009.916,-561.571,-4.505
out,1368.000,-1011.912,-561.708,-4.527
out,1370.000,-1013.907,-561.845,-4.547
out,1372.000,-1015.902,-561.981,-4.566
out,1374.000,-1017.898,-562.113,-4.584
out,1376.000,-1019.893,-562.243,-4.601
out,1378.000,-1021.889,-562.372,-4.618
out,1380.000,-1023.885,-562.505,-4.636
out,1382.000,-1025.880,-562.642,-4.655
out,1384.000,-1027.875,-562.783,-4.673
out,1386.000,-1029.870,-562.926,-4.690
out,1388.000,-1031.864,-563.070,-4.704
out,1390.000,-1033.859,-563.212,-4.718
out,1392.000,-1035.855,-563.349,-4.730
out,1394.000,-1037.850,-563.481,-4.742
out,1396.000,-1039.846,-563.611,-4.754
out,1398.000,-1041.842,-563.741,-4.768
out,1400.000,-1043.837,-563.874,-4.784
out,1402.000,-1045.832,-564.009,-4.802
out,1404.000,-1047.828,-564.147,-4.820
out,1406.000,-1049.823,-564.287,-4.838
out,1408.000,-1051.818,-564.427,-4.856
out,1410.000,-1053.813,-564.566,-4.875
out,1412.000,-1055.808,-564.702,-4.895
out,1414.000,-1057.803,-564.838,-4.918
out,1416.000,-1059.799,-564.972,-4.944
out,1418.000,-1061.794,-565.104,-4.972
out,1420.000,-1063.789,-565.235,-5.003
out,1422.000,-1065.785,-565.367,-5.038
out,1424.000,-1067.780,-565.502,-5.075
out,1426.000,-1069.775,-565.637,-5.113
out,1428.000,-1071.770,-565.772,-5.150
out,1430.000,-1073.765,-565.905,-5.188
out,1432.000,-1075.760,-566.039,-5.226
out,1434.000,-1077.755,-566.175,-5.263
out,1436.000,-1079.750,-566.313,-5.299
out,1438.000,-1081.745,-566.452,-5.332
out,1440.000,-1083.740,-566.591,-5.362
out,1442.000,-1085.735,-566.727,-5.390
out,1444.000,-1087.731,-566.860,-5.417
out,1446.000,-1089.726,-566.991,-5.444
out,1448.000,-1091.722,-567.123,-5.470
out,1450.000,-1093.717,-567.258,-5.495
out,1452.000,-1095.712,-567.395,-5.518
out,1454.000,-1097.707,-567.535,-5.538
out,1456.000,-1099.702,-567.675,-5.556
out,1458.000,-1101.697,-567.814,-5.573
out,1460.000,-1103.693,-567.951,-5.586
out,1462.000,-1105.688,-568.086,-5.596
out,1464.000,-1107.684,-568.219,-5.603
out,1466.000,-1109.679,-568.349,-5.607
out,1468.000,-1111.675,-568.479,-5.609
out,1470.000,-1113.671,-568.610,-5.610
out,1472.000,-1115.666,-568.745,-5.610
out,1474.000,-1117.661,-568.883,-5.611
out,1476.000,-1119.657,-569.022,-5.615
out,1478.000,-1121.652,-569.161,-5.623
out,1480.000,-1123.647,-569.298,-5.635
out,1482.000,-1125.642,-569.434,-5.653
out,1484.000,-1127.638,-569.568,-5.674
out,1486.000,-1129.633,-569.704,-5.698
out,1488.000,-1131.628,-569.842,-5.724
out,1490.000,-1133.623,-569.979,-5.750
out,1492.000,-1135.618,-570.115,-5.778
out,1494.000,-1137.613,-570.250,-5.807
out,1496.000,-1139.609,-570.386,-5.838
out,1498.000,-1141.604,-570.521,-5.870
out,1500.000,-1143.599,-570.654,-5.903
out,1502.000,-1145.594,-570.786,-5.936
out,1504.000,-1147.590,-570.917,-5.971
out,1506.000,-1149.585,-571.047,-6.009
out,1508.000,-1151.581,-571.175,-6.047
out,1510.000,-1153.576,-571.302,-6.083
out,1512.000,-1155.572,-571.432,-6.116
out,1514.000,-1157.567,-571.570,-6.151
out,1516.000,-1159.562,-571.712,-6.188
out,1518.000,-1161.556,-571.852,-6.229
out,1520.000,-1163.551,-571.988,-6.272
out,1522.000,-1165.546,-572.123,-6.317
out,1524.000,-1167.541,-572.258,-6.361
out,1526.000,-1169.536,-572.392,-6.404
out,1528.000,-1171.531,-572.527,-6.446
out,1530.000,-1173.526,-572.663,-6.486
out,1532.000,-1175.521,-572.800,-6.527
out,1534.000,-1177.516,-572.938,-6.567
out,1536.000,-1179.511,-573.074,-6.609
out,1538.000,-1181.506,-573.207,-6.651
out,1540.000,-1183.501,-573.338,-6.696
out,1542.000,-1185.496,-573.469,-6.742
out,1544.000,-1187.491,-573.600,-6.788
out,1546.000,-1189.486,-573.731,-6.834
out,1548.000,-1191.482,-573.864,-6.878
out,1550.000,-1193.477,-573.999,-6.920
out,1552.000,-1195.471,-574.139,-6.961
out,1554.000,-1197.466,-574.278,-7.005
out,1556.000,-1199.461,-574.414,-7.054
out,1558.000,-1201.456,-574.547,-7.104
out,1560.000,-1203.451,-574.679,-7.155
out,1562.000,-1205.445,-574.813,-7.206
out,1564.000,-1207.440,-574.947,-7.259
out,1566.000,-1209.435,-575.082,-7.313
out,1568.000,-1211.430,-575.217,-7.368
out,1570.000,-1213.424,-575.354,-7.420
out,1572.000,-1215.419,-575.492,-7.469
out,1574.000,-1217.413,-575.631,-7.517
out,1576.000,-1219.408,-575.770,-7.567
out,1578.000,-1221.403,-575.907,-7.621
out,1580.000,-1223.397,-576.041,-7.675
out,1582.000,-1225.392,-576.174,-7.729
out,1584.000,-1227.387,-576.308,-7.783
out,1586.000,-1229.382,-576.443,-7.837
out,1588.000,-1231.376,-576.579,-7.892
out,1590.000,-1233.371,-576.717,-7.950
out,1592.000,-1235.365,-576.856,-8.012
out,1594.000,-1237.359,-576.993,-8.074
out,1596.000,-1239.354,-577.128,-8.135
out,1598.000,-1241.349,-577.262,-8.191
out,1600.000,-1243.343,-577.395,-8.242
out,1602.000,-1245.338,-577.529,-8.291
out,1604.000,-1247.333,-577.663,-8.338
out,1606.000,-1249.328,-577.800,-8.385
out,1608.000,-1251.323,-577.937,-8.435
out,1610.000,-1253.317,-578.072,-8.488
out,1612.000,-1255.312,-578.207,-8.542
out,1614.000,-1257.307,-578.341,-8.597
out,1616.000,-1259.301,-578.477,-8.651
out,1618.000,-1261.296,-578.614,-8.703
out,1620.000,-1263.291,-578.750,-8.755
out,1622.000,-1265.286,-578.882,-8.810
out,1624.000,-1267.280,-579.013,-8.871
out,1626.000,-1269.275,-579.146,-8.934
out,1628.000,-1271.269,-579.281,-8.998
out,1630.000,-1273.264,-579.417,-9.064
out,1632.000,-1275.258,-579.552,-9.132
out,1634.000,-1277.252,-579.687,-9.198
out,1636.000,-1279.247,-579.823,-9.263
out,1638.000,-1281.241,-579.960,-9.328
out,1640.000,-1283.235,-580.098,-9.396
out,1642.000,-1285.229,-580.235,-9.467
out,1644.000,-1287.223,-580.372,-9.540
out,1646.000,-1289.217,-580.509,-9.611
out,1648.000,-1291.211,-580.646,-9.680
out,1650.000,-1293.205,-580.783,-9.749
out,1652.000,-1295.199,-580.922,-9.819
out,1654.000,-1297.193,-581.062,-9.891
out,1656.000,-1299.187,-581.200,-9.963
out,1658.000,-1301.181,-581.335,-10.035
out,1660.000,-1303.175,-581.466,-10.107
out,1662.000,-1305.170,-581.600,-10.177
out,1664.000,-1307.164,-581.740,-10.247
out,1666.000,-1309.157,-581.887,-10.318
out,1668.000,-1311.150,-582.036,-10.391
out,1670.000,-1313.143,-582.184,-10.466
out,1672.000,-1315.137,-582.326,-10.541
out,1674.000,-1317.131,-582.464,-10.614
out,1676.000,-1319.124,-582.603,-10.685
out,1678.000,-1321.118,-582.744,-10.756
out,1680.000,-1323.112,-582.886,-10.831
out,1682.000,-1325.105,-583.027,-10.909
out,1684.000,-1327.099,-583.169,-10.987
out,1686.000,-1329.092,-583.312,-11.063
out,1688.000,-1331.086,-583.455,-11.139
out,1690.000,-1333.079,-583.598,-11.217
out,1692.000,-1335.072,-583.741,-11.297
out,1694.000,-1337.065,-583.884,-11.377
out,1696.000,-1339.059,-584.026,-11.454
out,1698.000,-1341.053,-584.167,-11.528
out,1700.000,-1343.047,-584.305,-11.599
out,1702.000,-1345.041,-584.441,-11.668
out,1704.000,-1347.035,-584.577,-11.739
out,1706.000,-1349.028,-584.711,-11.838
out,1708.000,-1351.017,-584.844,-11.997
out,1710.000,-1353.007,-584.980,-12.149
out,1712.000,-1354.999,-585.117,-12.259
out,1714.000,-1356.992,-585.252,-12.351
out,1716.000,-1358.986,-585.377,-12.443
out,1718.000,-1360.980,-585.497,-12.535
out,1720.000,-1362.974,-585.625,-12.624
out,1722.000,-1364.966,-585.783,-12.708
out,1724.000,-1366.954,-585.992,-12.783
out,1726.000,-1368.933,-586.266,-12.849
out,1728.000,-1370.902,-586.613,-12.909
out,1730.000,-1372.858,-587.026,-12.965
out,1732.000,-1374.802,-587.492,-13.021
out,1734.000,-1376.737,-587.995,-13.080
out,1736.000,-1378.665,-588.521,-13.143
out,1738.000,-1380.591,-589.059,-13.212
out,1740.000,-1382.518,-589.588,-13.286
out,1742.000,-1384.453,-590.085,-13.366
out,1744.000,-1386.401,-590.533,-13.450
out,1746.000,-1388.361,-590.919,-13.539
out,1748.000,-1390.334,-591.236,-13.628
out,1750.000,-1392.316,-591.485,-13.717
out,1752.000,-1394.304,-591.679,-13.803
out,1754.000,-1396.296,-591.837,-13.882
out,1756.000,-1398.290,-591.975,-13.954
out,1758.000,-1400.285,-592.099,-14.020
out,1760.000,-1402.281,-592.216,-14.082
out,1762.000,-1404.277,-592.334,-14.140
out,1764.000,-1406.272,-592.456,-14.198
out,1766.000,-1408.267,-592.583,-14.258
out,1768.000,-1410.262,-592.707,-14.320
out,1770.000,-1412.258,-592.826,-14.384
out,1772.000,-1414.253,-592.942,-14.447
out,1774.000,-1416.249,-593.062,-14.508
out,1776.000,-1418.244,-593.185,-14.570
out,1778.000,-1420.239,-593.308,-14.631
out,1780.000,-1422.235,-593.429,-14.692
out,1782.000,-1424.230,-593.548,-14.754
out,1784.000,-1426.226,-593.666,-14.817
out,1786.000,-1428.222,-593.783,-14.878
out,1788.000,-1430.217,-593.899,-14.939
out,1790.000,-1432.213,-594.015,-15.001
out,1792.000,-1434.208,-594.132,-15.065
out,1794.000,-1436.204,-594.250,-15.132
out,1796.000,-1438.199,-594.366,-15.201
out,1798.000,-1440.195,-594.477,-15.272
out,1800.000,-1442.191,-594.584,-15.345
out,1802.000,-1444.187,-594.688,-15.417
out,1804.000,-1446.183,-594.792,-15.490
out,1806.000,-1448.179,-594.899,-15.562
out,1808.000,-1450.174,-595.010,-15.633
out,1810.000,-1452.170,-595.124,-15.703
out,1812.000,-1454.165,-595.242,-15.774
out,1814.000,-1456.160,-595.361,-15.844
out,1816.000,-1458.155,-595.480,-15.914
out,1818.000,-1460.151,-595.596,-15.984
out,1820.000,-1462.146,-595.710,-16.053
out,1822.000,-1464.142,-595.821,-16.124
out,1824.000,-1466.138,-595.929,-16.196
out,1826.000,-1468.134,-596.036,-16.269
out,1828.000,-1470.129,-596.146,-16.344
out,1830.000,-1472.124,-596.261,-16.422
out,1832.000,-1474.119,-596.379,-16.501
out,1834.000,-1476.115,-596.495,-16.577
out,1836.000,-1478.110,-596.608,-16.650
out,1838.000,-1480.106,-596.721,-16.722
out,1840.000,-1482.101,-596.837,-16.792
out,1842.000,-1484.096,-596.957,-16.859
out,1844.000,-1486.091,-597.082,-16.926
out,1846.000,-1488.086,-597.208,-16.992
out,1848.000,-1490.081,-597.331,-17.059
out,1850.000,-1492.077,-597.448,-17.127
out,1852.000,-1494.072,-597.560,-17.198
out,1854.000,-1496.068,-597.671,-17.269
out,1856.000,-1498.063,-597.784,-17.340
out,1858.000,-1500.059,-597.902,-17.409
out,1860.000,-1502.054,-598.025,-17.476
out,1862.000,-1504.049,-598.149,-17.544
out,1864.000,-1506.044,-598.270,-17.613
out,1866.000,-1508.039,-598.386,-17.684
out,1868.000,-1510.035,-598.497,-17.752
out,1870.000,-1512.031,-598.606,-17.816
out,1872.000,-1514.027,-598.716,-17.875
out,1874.000,-1516.023,-598.827,-17.931
out,1876.000,-1518.019,-598.942,-17.990
out,1878.000,-1520.015,-599.061,-18.052
out,1880.000,-1522.010,-599.184,-18.118
out,1882.000,-1524.005,-599.306,-18.182
out,1884.000,-1526.000,-599.424,-18.243
out,1886.000,-1527.996,-599.539,-18.302
out,1888.000,-1529.992,-599.653,-18.360
out,1890.000,-1531.988,-599.770,-18.421
out,1892.000,-1533.983,-599.891,-18.485
out,1894.000,-1535.978,-600.014,-18.550
out,1896.000,-1537.973,-600.137,-18.616
out,1898.000,-1539.969,-600.257,-18.683
out,1900.000,-1541.964,-600.375,-18.750
out,1902.000,-1543.960,-600.492,-18.817
out,1904.000,-1545.955,-600.608,-18.884
out,1906.000,-1547.950,-600.725,-18.952
out,1908.000,-1549.946,-600.843,-19.017
out,1910.000,-1551.942,-600.960,-19.081
out,1912.000,-1553.937,-601.077,-19.141
out,1914.000,-1555.933,-601.195,-19.200
out,1916.000,-1557.928,-601.315,-19.257
out,1918.000,-1559.924,-601.436,-19.314
out,1920.000,-1561.919,-601.558,-19.371
out,1922.000,-1563.915,-601.678,-19.432
out,1924.000,-1565.910,-601.798,-19.495
out,1926.000,-1567.906,-601.915,-19.558
out,1928.000,-1569.902,-602.030,-19.617
out,1930.000,-1571.898,-602.144,-19.673
out,1932.000,-1573.894,-602.258,-19.725
out,1934.000,-1575.890,-602.374,-19.776
out,1936.000,-1577.886,-602.491,-19.826
out,1938.000,-1579.882,-602.609,-19.873
out,1940.000,-1581.878,-602.727,-19.916
out,1942.000,-1583.874,-602.844,-19.958
out,1944.000,-1585.870,-602.960,-20.002
out,1946.000,-1587.866,-603.077,-20.050
out,1948.000,-1589.862,-603.196,-20.102
out,1950.000,-1591.857,-603.317,-20.153
out,1952.000,-1593.853,-603.437,-20.202
out,1954.000,-1595.849,-603.551,-20.246
out,1956.000,-1597.846,-603.660,-20.286
out,1958.000,-1599.843,-603.769,-20.326
out,1960.000,-1601.839,-603.885,-20.367
out,1962.000,-1603.835,-604.009,-20.409
out,1964.000,-1605.830,-604.139,-20.446
out,1966.000,-1607.826,-604.268,-20.477
out,1968.000,-1609.822,-604.393,-20.502
out,1970.000,-1611.818,-604.512,-20.524
out,1972.000,-1613.814,-604.630,-20.545
out,1974.000,-1615.811,-604.749,-20.565
out,1976.000,-1617.807,-604.869,-20.584
out,1978.000,-1619.803,-604.985,-20.602
out,1980.000,-1621.800,-605.096,-20.618
out,1982.000,-1623.797,-605.206,-20.635
out,1984.000,-1625.794,-605.322,-20.654
out,1986.000,-1627.790,-605.448,-20.675
out,1988.000,-1629.785,-605.580,-20.696
out,1990.000,-1631.781,-605.714,-20.712
out,1992.000,-1633.776,-605.846,-20.724
out,1994.000,-1635.772,-605.975,-20.732
out,1996.000,-1637.768,-606.104,-20.740
out,1998.000,-1639.763,-606.236,-20.748
out,2000.000,-1641.759,-606.374,-20.759
out,2002.000,-1643.754,-606.516,-20.768
out,2004.000,-1645.748,-606.662,-20.775
out,2006.000,-1647.743,-606.809,-20.778
out,2008.000,-1649.738,-606.955,-20.776
out,2010.000,-1651.732,-607.097,-20.772
out,2012.000,-1653.728,-607.234,-20.766
out,2014.000,-1655.723,-607.368,-20.760
out,2016.000,-1657.718,-607.506,-20.756
out,2018.000,-1659.713,-607.656,-20.754
out,2020.000,-1661.706,-607.818,-20.754
out,2022.000,-1663.699,-607.994,-20.755
out,2024.000,-1665.690,-608.181,-20.755
out,2026.000,-1667.680,-608.381,-20.754
out,2028.000,-1669.668,-608.593,-20.753
out,2030.000,-1671.656,-608.815,-20.751
out,2032.000,-1673.643,-609.042,-20.748
out,2034.000,-1675.630,-609.268,-20.745
out,2036.000,-1677.618,-609.494,-20.742
out,2038.000,-1679.604,-609.722,-20.740
out,2040.000,-1681.590,-609.962,-20.738
out,2042.000,-1683.573,-610.221,-20.738
out,2044.000,-1685.554,-610.498,-20.738
out,2046.000,-1687.533,-610.786,-20.735
out,2048.000,-1689.512,-611.076,-20.728
out,2050.000,-1691.491,-611.364,-20.722
out,2052.000,-1693.470,-611.654,-20.719
out,2054.000,-1695.448,-611.950,-20.717
out,2056.000,-1697.425,-612.252,-20.713
out,2058.000,-1699.401,-612.562,-20.708
out,2060.000,-1701.375,-612.879,-20.703
out,2062.000,-1703.348,-613.211,-20.699
out,2064.000,-1705.317,-613.561,-20.692
out,2066.000,-1707.282,-613.930,-20.678
out,2068.000,-1709.246,-614.310,-20.659
out,2070.000,-1711.209,-614.694,-20.640
out,2072.000,-1713.172,-615.077,-20.626
out,2074.000,-1715.134,-615.460,-20.615
out,2076.000,-1717.097,-615.846,-20.608
out,2078.000,-1719.057,-616.241,-20.601
out,2080.000,-1721.016,-616.647,-20.593
out,2082.000,-1722.972,-617.064,-20.581
out,2084.000,-1724.926,-617.490,-20.566
out,2086.000,-1726.878,-617.924,-20.552
out,2088.000,-1728.829,-618.363,-20.539
out,2090.000,-1730.780,-618.806,-20.526
out,2092.000,-1732.729,-619.252,-20.514
out,2094.000,-1734.678,-619.702,-20.500
out,2096.000,-1736.626,-620.154,-20.486
out,2098.000,-1738.573,-620.611,-20.472
out,2100.000,-1740.518,-621.076,-20.459
out,2102.000,-1742.460,-621.553,-20.446
out,2104.000,-1744.399,-622.043,-20.435
out,2106.000,-1746.336,-622.543,-20.424
out,2108.000,-1748.271,-623.047,-20.414
out,2110.000,-1750.206,-623.555,-20.402
out,2112.000,-1752.138,-624.071,-20.388
out,2114.000,-1754.067,-624.597,-20.370
out,2116.000,-1755.993,-625.135,-20.348
out,2118.000,-1757.918,-625.678,-20.325
out,2120.000,-1759.843,-626.220,-20.305
out,2122.000,-1761.771,-626.754,-20.292
out,2124.000,-1763.700,-627.281,-20.284
out,2126.000,-1765.631,-627.802,-20.278
out,2128.000,-1767.562,-628.321,-20.271
out,2130.000,-1769.494,-628.840,-20.263
out,2132.000,-1771.425,-629.362,-20.256
out,2134.000,-1773.354,-629.887,-20.251
out,2136.000,-1775.283,-630.418,-20.249
out,2138.000,-1777.209,-630.955,-20.249
out,2140.000,-1779.135,-631.496,-20.250
out,2142.000,-1781.061,-632.032,-20.249
out,2144.000,-1782.990,-632.561,-20.244
out,2146.000,-1784.920,-633.086,-20.235
out,2148.000,-1786.850,-633.611,-20.226
out,2150.000,-1788.778,-634.140,-20.216
out,2152.000,-1790.706,-634.673,-20.208
out,2154.000,-1792.634,-635.205,-20.199
out,2156.000,-1794.563,-635.733,-20.189
out,2158.000,-1796.493,-636.257,-20.180
out,2160.000,-1798.423,-636.783,-20.172
out,2162.000,-1800.351,-637.315,-20.163
out,2164.000,-1802.277,-637.852,-20.155
out,2166.000,-1804.205,-638.386,-20.145
out,2168.000,-1806.134,-638.913,-20.135
out,2170.000,-1808.065,-639.434,-20.125
out,2172.000,-1809.996,-639.956,-20.117
out,2174.000,-1811.925,-640.483,-20.110
out,2176.000,-1813.852,-641.017,-20.103
out,2178.000,-1815.778,-641.555,-20.095
out,2180.000,-1817.705,-642.091,-20.082
out,2182.000,-1819.634,-642.621,-20.066
out,2184.000,-1821.564,-643.145,-20.050
out,2186.000,-1823.494,-643.667,-20.038
out,2188.000,-1825.424,-644.195,-20.033
out,2190.000,-1827.351,-644.729,-20.029
out,2192.000,-1829.277,-645.266,-20.024
out,2194.000,-1831.204,-645.803,-20.017
out,2196.000,-1833.132,-646.336,-20.013
out,2198.000,-1835.061,-646.864,-20.012
out,2200.000,-1836.989,-647.393,-20.009
out,2202.000,-1838.917,-647.925,-20.002
out,2204.000,-1840.844,-648.462,-19.992
out,2206.000,-1842.771,-648.997,-19.982
out,2208.000,-1844.700,-649.525,-19.976
out,2210.000,-1846.631,-650.047,-19.974
out,2212.000,-1848.561,-650.568,-19.971
out,2214.000,-1850.490,-651.099,-19.968
out,2216.000,-1852.416,-651.639,-19.964
out,2218.000,-1854.340,-652.183,-19.960
out,2220.000,-1856.266,-652.721,-19.957
out,2222.000,-1858.195,-653.249,-19.956
out,2224.000,-1860.126,-653.770,-19.957
out,2226.000,-1862.057,-654.292,-19.960
out,2228.000,-1863.987,-654.817,-19.966
out,2230.000,-1865.916,-655.347,-19.971
out,2232.000,-1867.844,-655.876,-19.975
out,2234.000,-1869.772,-656.407,-19.979
out,2236.000,-1871.700,-656.941,-19.981
out,2238.000,-1873.626,-657.479,-19.984
out,2240.000,-1875.552,-658.017,-19.987
out,2242.000,-1877.481,-658.547,-19.990
out,2244.000,-1879.411,-659.071,-19.991
out,2246.000,-1881.340,-659.597,-19.992
out,2248.000,-1883.267,-660.133,-19.994
out,2250.000,-1885.193,-660.675,-19.998
out,2252.000,-1887.119,-661.212,-20.005
out,2254.000,-1889.049,-661.738,-20.012
out,2256.000,-1890.980,-662.256,-20.018
out,2258.000,-1892.911,-662.778,-20.024
out,2260.000,-1894.838,-663.314,-20.030
out,2262.000,-1896.763,-663.855,-20.039
out,2264.000,-1898.690,-664.390,-20.048
out,2266.000,-1900.621,-664.914,-20.056
out,2268.000,-1902.552,-665.433,-20.061
out,2270.000,-1904.481,-665.962,-20.066
out,2272.000,-1906.406,-666.503,-20.070
out,2274.000,-1908.331,-667.047,-20.076
out,2276.000,-1910.258,-667.582,-20.082
out,2278.000,-1912.188,-668.107,-20.087
out,2280.000,-1914.119,-668.625,-20.090
out,2282.000,-1916.051,-669.145,-20.095
out,2284.000,-1917.979,-669.674,-20.101
out,2286.000,-1919.907,-670.208,-20.108
out,2288.000,-1921.834,-670.741,-20.115
out,2290.000,-1923.763,-671.270,-20.121
out,2292.000,-1925.693,-671.797,-20.127
out,2294.000,-1927.621,-672.327,-20.133
out,2296.000,-1929.549,-672.860,-20.140
out,2298.000,-1931.477,-673.391,-20.148
out,2300.000,-1933.407,-673.916,-20.157
out,2302.000,-1935.337,-674.438,-20.165
out,2304.000,-1937.267,-674.964,-20.170
out,2306.000,-1939.194,-675.500,-20.174
out,2308.000,-1941.119,-676.043,-20.177
out,2310.000,-1943.044,-676.583,-20.181
out,2312.000,-1944.972,-677.114,-20.187
out,2314.000,-1946.903,-677.637,-20.193
out,2316.000,-1948.834,-678.158,-20.201
out,2318.000,-1950.764,-678.681,-20.208
out,2320.000,-1952.693,-679.209,-20.215
out,2322.000,-1954.622,-679.739,-20.221
out,2324.000,-1956.550,-680.269,-20.227
out,2326.000,-1958.479,-680.799,-20.233
out,2328.000,-1960.407,-681.329,-20.239
out,2330.000,-1962.335,-681.861,-20.246
out,2332.000,-1964.263,-682.393,-20.255
out,2334.000,-1966.191,-682.925,-20.265
out,2336.000,-1968.120,-683.453,-20.274
out,2338.000,-1970.050,-683.977,-20.282
out,2340.000,-1971.980,-684.501,-20.290
out,2342.000,-1973.910,-685.026,-20.297
out,2344.000,-1975.839,-685.556,-20.305
out,2346.000,-1977.766,-686.090,-20.315
out,2348.000,-1979.693,-686.625,-20.329
out,2350.000,-1981.620,-687.159,-20.344
out,2352.000,-1983.549,-687.689,-20.357
out,2354.000,-1985.478,-688.216,-20.368
out,2356.000,-1987.407,-688.743,-20.380
out,2358.000,-1989.336,-689.273,-20.395
out,2360.000,-1991.264,-689.804,-20.414
out,2362.000,-1993.191,-690.337,-20.434
out,2364.000,-1995.119,-690.870,-20.449
out,2366.000,-1997.047,-691.401,-20.458
out,2368.000,-1998.976,-691.930,-20.465
out,2370.000,-2000.905,-692.460,-20.471
out,2372.000,-2002.833,-692.992,-20.478
out,2374.000,-2004.760,-693.526,-20.487
out,2376.000,-2006.687,-694.061,-20.496
out,2378.000,-2008.615,-694.592,-20.504
out,2380.000,-2010.544,-695.121,-20.511
out,2382.000,-2012.473,-695.651,-20.517
out,2384.000,-2014.401,-696.181,-20.526
out,2386.000,-2016.329,-696.713,-20.538
out,2388.000,-2018.256,-697.247,-20.552
out,2390.000,-2020.184,-697.780,-20.564
out,2392.000,-2022.112,-698.311,-20.573
out,2394.000,-2024.041,-698.840,-20.581
out,2396.000,-2025.970,-699.368,-20.589
out,2398.000,-2027.898,-699.897,-20.598
out,2400.000,-2029.826,-700.430,-20.607
out,2402.000,-2031.754,-700.964,-20.614
out,2404.000,-2033.681,-701.499,-20.618
out,2406.000,-2035.608,-702.034,-20.622
out,2408.000,-2037.536,-702.566,-20.627
out,2410.000,-2039.465,-703.092,-20.635
out,2412.000,-2041.396,-703.613,-20.643
out,2414.000,-2043.327,-704.134,-20.650
out,2416.000,-2045.257,-704.659,-20.657
out,2418.000,-2047.185,-705.192,-20.664
out,2420.000,-2049.111,-705.730,-20.672
out,2422.000,-2051.038,-706.266,-20.681
out,2424.000,-2052.966,-706.797,-20.690
out,2426.000,-2054.895,-707.325,-20.698
out,2428.000,-2056.823,-707.855,-20.703
out,2430.000,-2058.750,-708.393,-20.703
out,2432.000,-2060.674,-708.937,-20.702
out,2434.000,-2062.598,-709.483,-20.702
out,2436.000,-2064.523,-710.027,-20.706
out,2438.000,-2066.449,-710.566,-20.714
out,2440.000,-2068.376,-711.100,-20.720
out,2442.000,-2070.304,-711.632,-20.725
out,2444.000,-2072.232,-712.163,-20.729
out,2446.000,-2074.160,-712.695,-20.733
out,2448.000,-2076.088,-713.228,-20.739
out,2450.000,-2078.015,-713.762,-20.744
out,2452.000,-2079.943,-714.296,-20.749
out,2454.000,-2081.871,-714.828,-20.751
out,2456.000,-2083.800,-715.357,-20.752
out,2458.000,-2085.729,-715.884,-20.753
out,2460.000,-2087.657,-716.414,-20.750
out,2462.000,-2089.585,-716.947,-20.746
out,2464.000,-2091.512,-717.482,-20.740
out,2466.000,-2093.439,-718.016,-20.737
out,2468.000,-2095.368,-718.547,-20.737
out,2470.000,-2097.297,-719.072,-20.739
out,2472.000,-2099.228,-719.595,-20.743
out,2474.000,-2101.158,-720.118,-20.747
out,2476.000,-2103.088,-720.643,-20.749
out,2478.000,-2105.017,-721.172,-20.749
out,2480.000,-2106.945,-721.703,-20.746
out,2482.000,-2108.873,-722.236,-20.740
out,2484.000,-2110.800,-722.770,-20.731
out,2486.000,-2112.728,-723.302,-20.720
out,2488.000,-2114.656,-723.833,-20.707
out,2490.000,-2116.584,-724.364,-20.694
out,2492.000,-2118.512,-724.897,-20.681
out,2494.000,-2120.440,-725.430,-20.670
out,2496.000,-2122.369,-725.958,-20.657
out,2498.000,-2124.300,-726.479,-20.642
out,2500.000,-2126.233,-726.990,-20.624
out,2502.000,-2128.169,-727.491,-20.606
out,2504.000,-2130.107,-727.986,-20.591
out,2506.000,-2132.046,-728.476,-20.577
out,2508.000,-2133.987,-728.960,-20.560
out,2510.000,-2135.929,-729.434,-20.539
out,2512.000,-2137.875,-729.898,-20.518
out,2514.000,-2139.823,-730.350,-20.500
out,2516.000,-2141.774,-730.791,-20.487
out,2518.000,-2143.727,-731.221,-20.477
out,2520.000,-2145.682,-731.640,-20.470
out,2522.000,-2147.640,-732.048,-20.463
out,2524.000,-2149.600,-732.446,-20.455
out,2526.000,-2151.562,-732.835,-20.445
out,2528.000,-2153.526,-733.212,-20.432
out,2530.000,-2155.494,-733.571,-20.412
out,2532.000,-2157.465,-733.909,-20.386
out,2534.000,-2159.440,-734.222,-20.357
out,2536.000,-2161.418,-734.512,-20.330
out,2538.000,-2163.400,-734.779,-20.311
out,2540.000,-2165.385,-735.023,-20.298
out,2542.000,-2167.373,-735.244,-20.292
out,2544.000,-2169.363,-735.446,-20.290
out,2546.000,-2171.354,-735.634,-20.291
out,2548.000,-2173.346,-735.811,-20.296
out,2550.000,-2175.339,-735.980,-20.304
out,2552.000,-2177.333,-736.137,-20.313
out,2554.000,-2179.328,-736.276,-20.323
out,2556.000,-2181.324,-736.394,-20.332
out,2558.000,-2183.322,-736.489,-20.340
out,2560.000,-2185.321,-736.566,-20.348
out,2562.000,-2187.320,-736.627,-20.358
out,2564.000,-2189.319,-736.671,-20.369
out,2566.000,-2191.319,-736.699,-20.382
out,2568.000,-2193.319,-736.711,-20.393
out,2570.000,-2195.319,-736.710,-20.403
out,2572.000,-2197.319,-736.701,-20.412
out,2574.000,-2199.319,-736.687,-20.424
out,2576.000,-2201.318,-736.665,-20.438
out,2578.000,-2203.318,-736.630,-20.453
out,2580.000,-2205.317,-736.580,-20.467
out,2582.000,-2207.316,-736.520,-20.478
out,2584.000,-2209.315,-736.456,-20.488
out,2586.000,-2211.314,-736.395,-20.496
out,2588.000,-2213.314,-736.337,-20.502
out,2590.000,-2215.313,-736.285,-20.505
out,2592.000,-2217.312,-736.235,-20.506
out,2594.000,-2219.312,-736.184,-20.508
out,2596.000,-2221.311,-736.128,-20.511
out,2598.000,-2223.310,-736.065,-20.515
out,2600.000,-2225.309,-735.999,-20.519
out,2602.000,-2227.308,-735.935,-20.523
out,2604.000,-2229.307,-735.875,-20.526
out,2606.000,-2231.306,-735.821,-20.530
out,2608.000,-2233.305,-735.769,-20.534
out,2610.000,-2235.305,-735.715,-20.536
out,2612.000,-2237.304,-735.658,-20.536
out,2614.000,-2239.303,-735.598,-20.534
out,2616.000,-2241.302,-735.537,-20.532
out,2618.000,-2243.301,-735.480,-20.530
out,2620.000,-2245.301,-735.427,-20.530
out,2622.000,-2247.300,-735.379,-20.533
out,2624.000,-2249.299,-735.335,-20.539
out,2626.000,-2251.299,-735.294,-20.545
out,2628.000,-2253.299,-735.251,-20.549
out,2630.000,-2255.298,-735.202,-20.554
out,2632.000,-2257.297,-735.146,-20.559
out,2634.000,-2259.296,-735.080,-20.564
out,2636.000,-2261.295,-735.008,-20.569
out,2638.000,-2263.293,-734.934,-20.573
out,2640.000,-2265.292,-734.863,-20.575
out,2642.000,-2267.291,-734.797,-20.577
out,2644.000,-2269.290,-734.736,-20.579
out,2646.000,-2271.289,-734.675,-20.582
out,2648.000,-2273.288,-734.610,-20.584
out,2650.000,-2275.287,-734.539,-20.584
out,2652.000,-2277.285,-734.465,-20.582
out,2654.000,-2279.284,-734.392,-20.583
out,2656.000,-2281.283,-734.319,-20.586
out,2658.000,-2283.281,-734.247,-20.594
out,2660.000,-2285.280,-734.175,-20.602
out,2662.000,-2287.279,-734.104,-20.608
out,2664.000,-2289.278,-734.034,-20.610
out,2666.000,-2291.276,-733.962,-20.607
out,2668.000,-2293.275,-733.884,-20.602
out,2670.000,-2295.273,-733.793,-20.597
out,2672.000,-2297.270,-733.691,-20.593
out,2674.000,-2299.267,-733.577,-20.592
out,2676.000,-2301.263,-733.457,-20.593
out,2678.000,-2303.259,-733.332,-20.595
out,2680.000,-2305.255,-733.204,-20.598
out,2682.000,-2307.251,-733.073,-20.601
out,2684.000,-2309.246,-732.939,-20.604
out,2686.000,-2311.242,-732.802,-20.607
out,2688.000,-2313.237,-732.664,-20.608
out,2690.000,-2315.232,-732.525,-20.608
out,2692.000,-2317.227,-732.384,-20.607
out,2694.000,-2319.222,-732.241,-20.607
out,2696.000,-2321.217,-732.097,-20.610
out,2698.000,-2323.212,-731.952,-20.615
out,2700.000,-2325.206,-731.807,-20.623
out,2702.000,-2327.201,-731.661,-20.632
out,2704.000,-2329.195,-731.513,-20.639
out,2706.000,-2331.190,-731.360,-20.646
out,2708.000,-2333.183,-731.204,-20.655
out,2710.000,-2335.177,-731.047,-20.665
out,2712.000,-2337.171,-730.893,-20.676
out,2714.000,-2339.165,-730.741,-20.685
out,2716.000,-2341.160,-730.587,-20.694
out,2718.000,-2343.153,-730.426,-20.702
out,2720.000,-2345.146,-730.255,-20.713
out,2722.000,-2347.138,-730.075,-20.722
out,2724.000,-2349.129,-729.887,-20.728
out,2726.000,-2351.119,-729.690,-20.730
out,2728.000,-2353.108,-729.481,-20.729
out,2730.000,-2355.096,-729.259,-20.727
out,2732.000,-2357.081,-729.021,-20.726
out,2734.000,-2359.066,-728.772,-20.728
out,2736.000,-2361.049,-728.510,-20.733
out,2738.000,-2363.029,-728.233,-20.740
out,2740.000,-2365.007,-727.935,-20.747
out,2742.000,-2366.981,-727.617,-20.754
out,2744.000,-2368.953,-727.281,-20.760
out,2746.000,-2370.923,-726.934,-20.766
out,2748.000,-2372.891,-726.579,-20.771
out,2750.000,-2374.858,-726.216,-20.777
out,2752.000,-2376.823,-725.848,-20.782
out,2754.000,-2378.789,-725.476,-20.788
out,2756.000,-2380.753,-725.103,-20.792
out,2758.000,-2382.718,-724.730,-20.797
out,2760.000,-2384.684,-724.361,-20.801
out,2762.000,-2386.650,-723.993,-20.805
out,2764.000,-2388.616,-723.626,-20.807
out,2766.000,-2390.581,-723.255,-20.806
out,2768.000,-2392.546,-722.879,-20.803
out,2770.000,-2394.509,-722.500,-20.799
out,2772.000,-2396.473,-722.120,-20.795
out,2774.000,-2398.437,-721.743,-20.792
out,2776.000,-2400.401,-721.367,-20.790
out,2778.000,-2402.365,-720.987,-20.788
out,2780.000,-2404.326,-720.593,-20.786
out,2782.000,-2406.283,-720.184,-20.787
out,2784.000,-2408.240,-719.769,-20.789
out,2786.000,-2410.196,-719.351,-20.791
out,2788.000,-2412.152,-718.934,-20.792
out,2790.000,-2414.107,-718.513,-20.792
out,2792.000,-2416.061,-718.085,-20.788
out,2794.000,-2418.013,-717.649,-20.778
out,2796.000,-2419.963,-717.209,-20.765
out,2798.000,-2421.915,-716.771,-20.749
out,2800.000,-2423.868,-716.342,-20.734
out,2802.000,-2425.823,-715.921,-20.719
out,2804.000,-2427.779,-715.505,-20.704
out,2806.000,-2429.735,-715.086,-20.688
out,2808.000,-2431.689,-714.660,-20.672
out,2810.000,-2433.641,-714.226,-20.657
out,2812.000,-2435.593,-713.787,-20.641
out,2814.000,-2437.544,-713.349,-20.623
out,2816.000,-2439.496,-712.914,-20.604
out,2818.000,-2441.448,-712.480,-20.585
out,2820.000,-2443.400,-712.044,-20.566
out,2822.000,-2445.351,-711.602,-20.549
out,2824.000,-2447.300,-711.157,-20.533
out,2826.000,-2449.251,-710.714,-20.515
out,2828.000,-2451.202,-710.278,-20.495
out,2830.000,-2453.156,-709.849,-20.474
out,2832.000,-2455.109,-709.422,-20.455
out,2834.000,-2457.062,-708.990,-20.440
out,2836.000,-2459.013,-708.552,-20.428
out,2838.000,-2460.964,-708.112,-20.418
out,2840.000,-2462.917,-707.678,-20.405
out,2842.000,-2464.871,-707.254,-20.386
out,2844.000,-2466.827,-706.836,-20.358
out,2846.000,-2468.782,-706.416,-20.326
out,2848.000,-2470.735,-705.987,-20.297
out,2850.000,-2472.686,-705.545,-20.275
out,2852.000,-2474.634,-705.092,-20.259
out,2854.000,-2476.580,-704.632,-20.240
out,2856.000,-2478.526,-704.173,-20.209
out,2858.000,-2480.475,-703.725,-20.166
out,2860.000,-2482.427,-703.291,-20.118
out,2862.000,-2484.381,-702.867,-20.075
out,2864.000,-2486.336,-702.447,-20.038
out,2866.000,-2488.290,-702.022,-20.005
out,2868.000,-2490.242,-701.587,-19.974
out,2870.000,-2492.192,-701.144,-19.944
out,2872.000,-2494.141,-700.697,-19.918
out,2874.000,-2496.090,-700.251,-19.896
out,2876.000,-2498.041,-699.809,-19.874
out,2878.000,-2499.992,-699.371,-19.853
out,2880.000,-2501.944,-698.937,-19.829
out,2882.000,-2503.897,-698.503,-19.803
out,2884.000,-2505.849,-698.069,-19.777
out,2886.000,-2507.801,-697.634,-19.753
out,2888.000,-2509.753,-697.200,-19.732
out,2890.000,-2511.705,-696.766,-19.715
out,2892.000,-2513.658,-696.332,-19.699
out,2894.000,-2515.610,-695.897,-19.683
out,2896.000,-2517.561,-695.457,-19.664
out,2898.000,-2519.511,-695.015,-19.644
out,2900.000,-2521.461,-694.573,-19.623
out,2902.000,-2523.413,-694.134,-19.602
out,2904.000,-2525.364,-693.697,-19.578
out,2906.000,-2527.316,-693.261,-19.553
out,2908.000,-2529.267,-692.824,-19.529
out,2910.000,-2531.219,-692.386,-19.507
out,2912.000,-2533.170,-691.949,-19.483
out,2914.000,-2535.122,-691.512,-19.453
out,2916.000,-2537.073,-691.077,-19.417
out,2918.000,-2539.025,-690.643,-19.382
out,2920.000,-2540.978,-690.210,-19.353
out,2922.000,-2542.930,-689.777,-19.332
out,2924.000,-2544.882,-689.340,-19.314
out,2926.000,-2546.832,-688.897,-19.296
out,2928.000,-2548.781,-688.448,-19.273
out,2930.000,-2550.729,-687.997,-19.245
out,2932.000,-2552.678,-687.550,-19.214
out,2934.000,-2554.629,-687.110,-19.185
out,2936.000,-2556.581,-686.677,-19.158
out,2938.000,-2558.534,-686.246,-19.132
out,2940.000,-2560.486,-685.811,-19.103
out,2942.000,-2562.437,-685.371,-19.072
out,2944.000,-2564.386,-684.925,-19.041
out,2946.000,-2566.336,-684.480,-19.012
out,2948.000,-2568.286,-684.038,-18.984
out,2950.000,-2570.237,-683.597,-18.952
out,2952.000,-2572.188,-683.157,-18.917
out,2954.000,-2574.138,-682.718,-18.881
out,2956.000,-2576.090,-682.283,-18.847
out,2958.000,-2578.043,-681.851,-18.817
out,2960.000,-2579.995,-681.418,-18.788
out,2962.000,-2581.946,-680.980,-18.756
out,2964.000,-2583.896,-680.536,-18.718
out,2966.000,-2585.846,-680.092,-18.675
out,2968.000,-2587.796,-679.650,-18.631
out,2970.000,-2589.747,-679.212,-18.589
out,2972.000,-2591.698,-678.776,-18.550
out,2974.000,-2593.650,-678.341,-18.511
out,2976.000,-2595.602,-677.906,-18.471
out,2978.000,-2597.552,-677.467,-18.427
out,2980.000,-2599.503,-677.026,-18.380
out,2982.000,-2601.452,-676.584,-18.328
out,2984.000,-2603.395,-676.113,-18.259
out,2986.000,-2605.345,-675.672,-18.239
out,2988.000,-2607.301,-675.255,-18.210
out,2990.000,-2609.255,-674.833,-18.188
out,2992.000,-2611.208,-674.399,-18.209
out,2994.000,-2613.158,-673.960,-18.268
out,2996.000,-2615.108,-673.520,-18.326
out,2998.000,-2617.059,-673.082,-18.338
out,3000.000,-2619.010,-672.645,-18.292
out,3002.000,-2620.960,-672.205,-18.233
out,3004.000,-2622.910,-671.765,-18.172
out,3006.000,-2624.861,-671.326,-18.123
out,3008.000,-2626.813,-670.891,-18.122
out,3010.000,-2628.762,-670.457,-18.225
out,3012.000,-2630.713,-670.027,-18.333
out,3014.000,-2632.665,-669.595,-18.352
out,3016.000,-2634.617,-669.159,-18.334
out,3018.000,-2636.568,-668.722,-18.311
out,3020.000,-2638.520,-668.286,-18.289
out,3022.000,-2640.471,-667.846,-18.265
out,3024.000,-2642.420,-667.400,-18.240
out,3026.000,-2644.370,-666.956,-18.213
out,3028.000,-2646.322,-666.521,-18.187
out,3030.000,-2648.276,-666.096,-18.159
out,3032.000,-2650.231,-665.671,-18.133
out,3034.000,-2652.182,-665.236,-18.108
out,3036.000,-2654.132,-664.792,-18.083
out,3038.000,-2656.082,-664.345,-18.055
out,3040.000,-2658.032,-663.902,-18.023
out,3042.000,-2659.982,-663.461,-17.987
out,3044.000,-2661.932,-663.018,-17.952
out,3046.000,-2663.882,-662.574,-17.921
out,3048.000,-2665.832,-662.133,-17.893
out,3050.000,-2667.784,-661.698,-17.866
out,3052.000,-2669.738,-661.270,-17.838
out,3054.000,-2671.692,-660.844,-17.808
out,3056.000,-2673.645,-660.415,-17.779
out,3058.000,-2675.597,-659.980,-17.752
out,3060.000,-2677.548,-659.540,-17.720
out,3062.000,-2679.497,-659.098,-17.643
out,3064.000,-2681.442,-658.656,-17.501
out,3066.000,-2683.388,-658.215,-17.375
out,3068.000,-2685.337,-657.774,-17.296
out,3070.000,-2687.287,-657.331,-17.247
out,3072.000,-2689.237,-656.888,-17.211
out,3074.000,-2691.188,-656.448,-17.183
out,3076.000,-2693.140,-656.012,-17.157
out,3078.000,-2695.093,-655.582,-17.130
out,3080.000,-2697.046,-655.154,-17.102
out,3082.000,-2698.998,-654.721,-17.076
out,3084.000,-2700.949,-654.278,-17.053
out,3086.000,-2702.897,-653.825,-17.032
out,3088.000,-2704.844,-653.369,-17.012
out,3090.000,-2706.792,-652.917,-16.989
out,3092.000,-2708.741,-652.471,-16.961
out,3094.000,-2710.693,-652.034,-16.931
out,3096.000,-2712.646,-651.604,-16.903
out,3098.000,-2714.599,-651.176,-16.880
out,3100.000,-2716.552,-650.746,-16.861
out,3102.000,-2718.504,-650.311,-16.844
out,3104.000,-2720.456,-649.872,-16.824
out,3106.000,-2722.407,-649.433,-16.800
out,3108.000,-2724.358,-648.994,-16.774
out,3110.000,-2726.309,-648.555,-16.747
out,3112.000,-2728.259,-648.114,-16.719
out,3114.000,-2730.209,-647.669,-16.690
out,3116.000,-2732.158,-647.222,-16.659
out,3118.000,-2734.108,-646.777,-16.628
out,3120.000,-2736.059,-646.337,-16.598
out,3122.000,-2738.011,-645.902,-16.569
out,3124.000,-2739.963,-645.468,-16.543
out,3126.000,-2741.914,-645.030,-16.517
out,3128.000,-2743.864,-644.587,-16.492
out,3130.000,-2745.813,-644.139,-16.469
out,3132.000,-2747.761,-643.688,-16.444
out,3134.000,-2749.710,-643.238,-16.419
out,3136.000,-2751.659,-642.792,-16.394
out,3138.000,-2753.610,-642.353,-16.369
out,3140.000,-2755.563,-641.919,-16.344
out,3142.000,-2757.516,-641.489,-16.317
out,3144.000,-2759.468,-641.057,-16.288
out,3146.000,-2761.420,-640.622,-16.259
out,3148.000,-2763.372,-640.186,-16.233
out,3150.000,-2765.323,-639.747,-16.210
out,3152.000,-2767.273,-639.301,-16.189
out,3154.000,-2769.220,-638.847,-16.166
out,3156.000,-2771.167,-638.388,-16.140
out,3158.000,-2773.113,-637.930,-16.113
out,3160.000,-2775.061,-637.478,-16.085
out,3162.000,-2777.011,-637.034,-16.057
out,3164.000,-2778.963,-636.597,-16.027
out,3166.000,-2780.914,-636.158,-15.995
out,3168.000,-2782.864,-635.714,-15.962
out,3170.000,-2784.813,-635.269,-15.932
out,3172.000,-2786.763,-634.824,-15.905
out,3174.000,-2788.713,-634.381,-15.881
out,3176.000,-2790.663,-633.939,-15.856
out,3178.000,-2792.613,-633.494,-15.829
out,3180.000,-2794.562,-633.048,-15.803
out,3182.000,-2796.512,-632.604,-15.779
out,3184.000,-2798.463,-632.161,-15.757
out,3186.000,-2800.413,-631.718,-15.735
out,3188.000,-2802.363,-631.273,-15.712
out,3190.000,-2804.311,-630.823,-15.685
out,3192.000,-2806.259,-630.370,-15.656
out,3194.000,-2808.207,-629.917,-15.629
out,3196.000,-2810.155,-629.467,-15.606
out,3198.000,-2812.105,-629.020,-15.590
out,3200.000,-2814.055,-628.578,-15.576
out,3202.000,-2816.005,-628.135,-15.560
out,3204.000,-2817.954,-627.685,-15.539
out,3206.000,-2819.901,-627.227,-15.517
out,3208.000,-2821.846,-626.765,-15.496
out,3210.000,-2823.792,-626.301,-15.477
out,3212.000,-2825.738,-625.839,-15.460
out,3214.000,-2827.685,-625.382,-15.441
out,3216.000,-2829.632,-624.928,-15.421
out,3218.000,-2831.580,-624.473,-15.402
out,3220.000,-2833.528,-624.019,-15.382
out,3222.000,-2835.475,-623.564,-15.365
out,3224.000,-2837.422,-623.107,-15.351
out,3226.000,-2839.368,-622.647,-15.338
out,3228.000,-2841.314,-622.184,-15.325
out,3230.000,-2843.259,-621.720,-15.310
out,3232.000,-2845.204,-621.252,-15.294
out,3234.000,-2847.148,-620.783,-15.278
out,3236.000,-2849.092,-620.313,-15.262
out,3238.000,-2851.036,-619.842,-15.245
out,3240.000,-2852.979,-619.368,-15.226
out,3242.000,-2854.921,-618.891,-15.205
out,3244.000,-2856.862,-618.409,-15.184
out,3246.000,-2858.802,-617.923,-15.167
out,3248.000,-2860.741,-617.436,-15.154
out,3250.000,-2862.681,-616.950,-15.142
out,3252.000,-2864.622,-616.467,-15.129
out,3254.000,-2866.564,-615.990,-15.110
out,3256.000,-2868.507,-615.516,-15.086
out,3258.000,-2870.450,-615.043,-15.058
out,3260.000,-2872.392,-614.565,-15.030
out,3262.000,-2874.332,-614.081,-15.004
out,3264.000,-2876.271,-613.589,-14.978
out,3266.000,-2878.208,-613.093,-14.956
out,3268.000,-2880.146,-612.598,-14.936
out,3270.000,-2882.084,-612.106,-14.919
out,3272.000,-2884.025,-611.625,-14.903
out,3274.000,-2885.970,-611.156,-14.886
out,3276.000,-2887.916,-610.697,-14.864
out,3278.000,-2889.864,-610.243,-14.833
out,3280.000,-2891.811,-609.787,-14.796
out,3282.000,-2893.756,-609.326,-14.762
out,3284.000,-2895.700,-608.855,-14.737
out,3286.000,-2897.641,-608.371,-14.718
out,3288.000,-2899.578,-607.875,-14.700
out,3290.000,-2901.513,-607.371,-14.680
out,3292.000,-2903.448,-606.864,-14.657
out,3294.000,-2905.382,-606.357,-14.633
out,3296.000,-2907.318,-605.854,-14.609
out,3298.000,-2909.256,-605.361,-14.584
out,3300.000,-2911.197,-604.878,-14.558
out,3302.000,-2913.139,-604.403,-14.527
out,3304.000,-2915.083,-603.933,-14.491
out,3306.000,-2917.026,-603.463,-14.450
out,3308.000,-2918.968,-602.986,-14.405
out,3310.000,-2920.909,-602.503,-14.360
out,3312.000,-2922.848,-602.018,-14.319
out,3314.000,-2924.788,-601.532,-14.285
out,3316.000,-2926.728,-601.048,-14.256
out,3318.000,-2928.669,-600.566,-14.226
out,3320.000,-2930.610,-600.086,-14.189
out,3322.000,-2932.552,-599.609,-14.147
out,3324.000,-2934.495,-599.137,-14.105
out,3326.000,-2936.439,-598.668,-14.067
out,3328.000,-2938.383,-598.200,-14.033
out,3330.000,-2940.326,-597.726,-14.003
out,3332.000,-2942.266,-597.241,-13.975
out,3334.000,-2944.204,-596.748,-13.949
out,3336.000,-2946.142,-596.253,-13.923
out,3338.000,-2948.081,-595.765,-13.894
out,3340.000,-2950.022,-595.284,-13.865
out,3342.000,-2951.964,-594.807,-13.836
out,3344.000,-2953.907,-594.331,-13.808
out,3346.000,-2955.849,-593.853,-13.783
out,3348.000,-2957.790,-593.372,-13.762
out,3350.000,-2959.731,-592.889,-13.743
out,3352.000,-2961.672,-592.408,-13.724
out,3354.000,-2963.614,-591.931,-13.703
out,3356.000,-2965.557,-591.457,-13.681
out,3358.000,-2967.500,-590.985,-13.659
out,3360.000,-2969.444,-590.514,-13.639
out,3362.000,-2971.387,-590.043,-13.621
out,3364.000,-2973.331,-589.571,-13.604
out,3366.000,-2975.273,-589.095,-13.587
out,3368.000,-2977.215,-588.615,-13.569
out,3370.000,-2979.156,-588.134,-13.549
out,3372.000,-2981.098,-587.655,-13.528
out,3374.000,-2983.039,-587.176,-13.505
out,3376.000,-2984.981,-586.699,-13.483
out,3378.000,-2986.924,-586.222,-13.460
out,3380.000,-2988.866,-585.745,-13.436
out,3382.000,-2990.807,-585.266,-13.413
out,3384.000,-2992.749,-584.786,-13.392
out,3386.000,-2994.690,-584.306,-13.371
out,3388.000,-2996.632,-583.828,-13.351
out,3390.000,-2998.574,-583.350,-13.327
out,3392.000,-3000.516,-582.873,-13.297
out,3394.000,-3002.459,-582.398,-13.258
out,3396.000,-3004.401,-581.923,-13.226
out,3398.000,-3006.343,-581.445,-13.203
out,3400.000,-3008.285,-580.965,-13.184
out,3402.000,-3010.226,-580.485,-13.167
out,3404.000,-3012.167,-580.004,-13.149
out,3406.000,-3014.108,-579.524,-13.131
out,3408.000,-3016.050,-579.043,-13.112
out,3410.000,-3017.991,-578.560,-13.095
out,3412.000,-3019.931,-578.077,-13.081
out,3414.000,-3021.872,-577.592,-13.066
out,3416.000,-3023.812,-577.108,-13.046
out,3418.000,-3025.753,-576.628,-13.022
out,3420.000,-3027.696,-576.153,-12.994
out,3422.000,-3029.639,-575.680,-12.971
out,3424.000,-3031.582,-575.206,-12.952
out,3426.000,-3033.524,-574.730,-12.935
out,3428.000,-3035.467,-574.254,-12.917
out,3430.000,-3037.410,-573.781,-12.897
out,3432.000,-3039.354,-573.312,-12.872
out,3434.000,-3041.298,-572.844,-12.846
out,3436.000,-3043.242,-572.374,-12.825
out,3438.000,-3045.186,-571.901,-12.808
out,3440.000,-3047.128,-571.426,-12.793
out,3442.000,-3049.070,-570.946,-12.777
out,3444.000,-3051.010,-570.463,-12.758
out,3446.000,-3052.951,-569.978,-12.738
out,3448.000,-3054.891,-569.495,-12.720
out,3450.000,-3056.833,-569.014,-12.704
out,3452.000,-3058.774,-568.533,-12.686
out,3454.000,-3060.715,-568.054,-12.661
out,3456.000,-3062.658,-567.578,-12.630
out,3458.000,-3064.601,-567.106,-12.601
out,3460.000,-3066.544,-566.632,-12.574
out,3462.000,-3068.486,-566.154,-12.550
out,3464.000,-3070.427,-565.673,-12.527
out,3466.000,-3072.369,-565.195,-12.503
out,3468.000,-3074.311,-564.719,-12.478
out,3470.000,-3076.253,-564.243,-12.455
out,3472.000,-3078.195,-563.762,-12.437
out,3474.000,-3080.135,-563.278,-12.419
out,3476.000,-3082.076,-562.794,-12.398
out,3478.000,-3084.017,-562.313,-12.373
out,3480.000,-3085.958,-561.834,-12.345
out,3482.000,-3087.900,-561.354,-12.317
out,3484.000,-3089.840,-560.871,-12.294
out,3486.000,-3091.781,-560.386,-12.275
out,3488.000,-3093.721,-559.900,-12.259
out,3490.000,-3095.661,-559.414,-12.242
out,3492.000,-3097.601,-558.930,-12.221
out,3494.000,-3099.542,-558.450,-12.197
out,3496.000,-3101.485,-557.974,-12.174
out,3498.000,-3103.428,-557.500,-12.155
out,3500.000,-3105.370,-557.025,-12.137
out,3502.000,-3107.312,-556.546,-12.116
out,3504.000,-3109.253,-556.065,-12.087
out,3506.000,-3111.194,-555.583,-12.053
out,3508.000,-3113.135,-555.104,-12.020
out,3510.000,-3115.077,-554.626,-11.992
out,3512.000,-3117.019,-554.150,-11.966
out,3514.000,-3118.961,-553.672,-11.940
out,3516.000,-3120.903,-553.193,-11.911
out,3518.000,-3122.844,-552.712,-11.880
out,3520.000,-3124.785,-552.231,-11.848
out,3522.000,-3126.726,-551.750,-11.818
out,3524.000,-3128.667,-551.268,-11.791
out,3526.000,-3130.608,-550.786,-11.769
out,3528.000,-3132.549,-550.303,-11.748
out,3530.000,-3134.490,-549.822,-11.726
out,3532.000,-3136.432,-549.345,-11.704
out,3534.000,-3138.375,-548.870,-11.680
out,3536.000,-3140.317,-548.394,-11.656
out,3538.000,-3142.259,-547.919,-11.631
out,3540.000,-3144.202,-547.445,-11.606
out,3542.000,-3146.145,-546.972,-11.582
out,3544.000,-3148.088,-546.497,-11.559
out,3546.000,-3150.030,-546.020,-11.538
out,3548.000,-3151.972,-545.541,-11.518
out,3550.000,-3153.913,-545.060,-11.498
out,3552.000,-3155.854,-544.578,-11.478
out,3554.000,-3157.795,-544.097,-11.456
out,3556.000,-3159.737,-543.618,-11.434
out,3558.000,-3161.680,-543.145,-11.413
out,3560.000,-3163.624,-542.673,-11.395
out,3562.000,-3165.567,-542.201,-11.382
out,3564.000,-3167.510,-541.727,-11.369
out,3566.000,-3169.452,-541.251,-11.355
out,3568.000,-3171.395,-540.774,-11.337
out,3570.000,-3173.337,-540.298,-11.318
out,3572.000,-3175.280,-539.822,-11.298
out,3574.000,-3177.222,-539.346,-11.277
out,3576.000,-3179.164,-538.868,-11.254
out,3578.000,-3181.106,-538.391,-11.227
out,3580.000,-3183.048,-537.915,-11.200
out,3582.000,-3184.991,-537.439,-11.179
out,3584.000,-3186.932,-536.958,-11.163
out,3586.000,-3188.871,-536.468,-11.147
out,3588.000,-3190.807,-535.968,-11.130
out,3590.000,-3192.740,-535.454,-11.109
out,3592.000,-3194.672,-534.937,-11.067
out,3594.000,-3196.608,-534.437,-11.012
out,3596.000,-3198.555,-533.985,-10.953
out,3598.000,-3200.516,-533.598,-10.893
out,3600.000,-3202.491,-533.285,-10.839
out,3602.000,-3204.476,-533.049,-10.792
out,3604.000,-3206.469,-532.890,-10.756
out,3606.000,-3208.467,-532.809,-10.723
out,3608.000,-3210.467,-532.809,-10.693
out,3610.000,-3212.465,-532.888,-10.662
out,3612.000,-3214.460,-533.031,-10.628
out,3614.000,-3216.450,-533.222,-10.588
out,3616.000,-3218.436,-533.454,-10.541
out,3618.000,-3220.415,-533.742,-10.498
out,3620.000,-3222.380,-534.109,-10.460
out,3622.000,-3224.322,-534.587,-10.426
out,3624.000,-3226.225,-535.201,-10.397
out,3626.000,-3228.073,-535.966,-10.371
out,3628.000,-3229.857,-536.870,-10.339
out,3630.000,-3231.583,-537.879,-10.297
out,3632.000,-3233.271,-538.951,-10.249
out,3634.000,-3234.941,-540.051,-10.205
out,3636.000,-3236.605,-541.159,-10.171
out,3638.000,-3238.261,-542.280,-10.152
out,3640.000,-3239.894,-543.435,-10.144
out,3642.000,-3241.485,-544.647,-10.137
out,3644.000,-3243.022,-545.927,-10.124
out,3646.000,-3244.504,-547.270,-10.103
out,3648.000,-3245.931,-548.670,-10.078
out,3650.000,-3247.306,-550.122,-10.053
out,3652.000,-3248.629,-551.622,-10.031
out,3654.000,-3249.900,-553.167,-10.011
out,3656.000,-3251.115,-554.755,-9.991
out,3658.000,-3252.273,-556.385,-9.968
out,3660.000,-3253.367,-558.060,-9.943
out,3662.000,-3254.388,-559.779,-9.921
out,3664.000,-3255.328,-561.544,-9.908
out,3666.000,-3256.186,-563.351,-9.906
out,3668.000,-3256.978,-565.187,-9.909
out,3670.000,-3257.729,-567.041,-9.906
out,3672.000,-3258.463,-568.901,-9.892
out,3674.000,-3259.193,-570.763,-9.863
out,3676.000,-3259.926,-572.623,-9.823
out,3678.000,-3260.663,-574.482,-9.774
out,3680.000,-3261.400,-576.341,-9.716
out,3682.000,-3262.134,-578.200,-9.652
out,3684.000,-3262.864,-580.060,-9.586
out,3686.000,-3263.590,-581.923,-9.519
out,3688.000,-3264.315,-583.786,-9.452
out,3690.000,-3265.041,-585.648,-9.386
out,3692.000,-3265.772,-587.509,-9.324
out,3694.000,-3266.506,-589.368,-9.266
out,3696.000,-3267.238,-591.229,-9.209
out,3698.000,-3267.962,-593.092,-9.154
out,3700.000,-3268.678,-594.959,-9.096
out,3702.000,-3269.385,-596.828,-9.030
out,3704.000,-3270.090,-598.698,-8.951
out,3706.000,-3270.800,-600.566,-8.864
out,3708.000,-3271.517,-602.431,-8.776
out,3710.000,-3272.235,-604.296,-8.696
out,3712.000,-3272.954,-606.161,-8.626
out,3714.000,-3273.672,-608.026,-8.560
out,3716.000,-3274.389,-609.892,-8.493
out,3718.000,-3275.105,-611.759,-8.424
out,3720.000,-3275.818,-613.626,-8.359
out,3722.000,-3276.526,-615.495,-8.294
out,3724.000,-3277.233,-617.365,-8.229
out,3726.000,-3277.941,-619.234,-8.162
out,3728.000,-3278.651,-621.103,-8.094
out,3730.000,-3279.362,-622.971,-8.024
out,3732.000,-3280.076,-624.838,-7.955
out,3734.000,-3280.792,-626.704,-7.885
out,3736.000,-3281.509,-628.570,-7.816
out,3738.000,-3282.227,-630.435,-7.746
out,3740.000,-3282.942,-632.301,-7.676
out,3742.000,-3283.655,-634.169,-7.606
out,3744.000,-3284.362,-636.038,-7.535
out,3746.000,-3285.066,-637.909,-7.463
out,3748.000,-3285.771,-639.779,-7.391
out,3750.000,-3286.481,-641.648,-7.320
out,3752.000,-3287.196,-643.514,-7.250
out,3754.000,-3287.915,-645.379,-7.180
out,3756.000,-3288.634,-647.244,-7.110
out,3758.000,-3289.351,-649.110,-7.038
out,3760.000,-3290.063,-650.977,-6.965
out,3762.000,-3290.770,-652.847,-6.892
out,3764.000,-3291.471,-654.719,-6.821
out,3766.000,-3292.172,-656.591,-6.749
out,3768.000,-3292.877,-658.461,-6.678
out,3770.000,-3293.590,-660.328,-6.606
out,3772.000,-3294.309,-662.193,-6.534
out,3774.000,-3295.029,-664.057,-6.461
out,3776.000,-3295.748,-665.922,-6.386
out,3778.000,-3296.462,-667.789,-6.312
out,3780.000,-3297.170,-669.658,-6.239
out,3782.000,-3297.873,-671.529,-6.167
out,3784.000,-3298.577,-673.399,-6.094
out,3786.000,-3299.285,-675.268,-6.018
out,3788.000,-3299.998,-677.135,-5.940
out,3790.000,-3300.715,-679.001,-5.860
out,3792.000,-3301.430,-680.867,-5.780
out,3794.000,-3302.140,-682.735,-5.702
out,3796.000,-3302.846,-684.605,-5.624
out,3798.000,-3303.551,-686.475,-5.546
out,3800.000,-3304.260,-688.343,-5.469
out,3802.000,-3304.975,-690.209,-5.394
out,3804.000,-3305.694,-692.074,-5.317
out,3806.000,-3306.412,-693.939,-5.240
out,3808.000,-3307.127,-695.805,-5.163
out,3810.000,-3307.836,-697.674,-5.086
out,3812.000,-3308.541,-699.544,-5.011
out,3814.000,-3309.242,-701.415,-4.935
out,3816.000,-3309.946,-703.286,-4.859
out,3818.000,-3310.654,-705.155,-4.781
out,3820.000,-3311.366,-707.022,-4.702
out,3822.000,-3312.081,-708.888,-4.623
out,3824.000,-3312.796,-710.755,-4.546
out,3826.000,-3313.509,-712.621,-4.468
out,3828.000,-3314.222,-714.489,-4.391
out,3830.000,-3314.933,-716.356,-4.312
out,3832.000,-3315.643,-718.224,-4.232
out,3834.000,-3316.351,-720.093,-4.153
out,3836.000,-3317.056,-721.963,-4.076
out,3838.000,-3317.761,-723.833,-4.000
out,3840.000,-3318.469,-725.702,-3.923
out,3842.000,-3319.180,-727.570,-3.847
out,3844.000,-3319.894,-729.437,-3.770
out,3846.000,-3320.607,-731.303,-3.692
out,3848.000,-3321.320,-733.170,-3.614
out,3850.000,-3322.033,-735.037,-3.533
out,3852.000,-3322.748,-736.903,-3.451
out,3854.000,-3323.465,-738.769,-3.368
out,3856.000,-3324.180,-740.634,-3.286
out,3858.000,-3324.894,-742.501,-3.207
out,3860.000,-3325.606,-744.369,-3.128
out,3862.000,-3326.317,-746.236,-3.050
out,3864.000,-3327.032,-748.102,-2.973
out,3866.000,-3327.752,-749.967,-2.899
out,3868.000,-3328.474,-751.830,-2.827
out,3870.000,-3329.196,-753.694,-2.757
out,3872.000,-3329.913,-755.560,-2.682
out,3874.000,-3330.625,-757.427,-2.601
out,3876.000,-3331.331,-759.296,-2.520
out,3878.000,-3332.036,-761.167,-2.439
out,3880.000,-3332.741,-763.036,-2.359
out,3882.000,-3333.450,-764.905,-2.282
out,3884.000,-3334.162,-766.772,-2.211
out,3886.000,-3334.874,-768.640,-2.143
out,3888.000,-3335.586,-770.508,-2.078
out,3890.000,-3336.299,-772.375,-2.014
out,3892.000,-3337.017,-774.241,-1.949
out,3894.000,-3337.737,-776.106,-1.884
out,3896.000,-3338.456,-777.971,-1.818
out,3898.000,-3339.178,-779.835,-1.750
out,3900.000,-3339.904,-781.697,-1.682
out,3902.000,-3340.628,-783.561,-1.618
out,3904.000,-3341.344,-785.427,-1.557
out,3906.000,-3342.054,-787.296,-1.496
out,3908.000,-3342.762,-789.165,-1.437
out,3910.000,-3343.471,-791.034,-1.379
out,3912.000,-3344.180,-792.904,-1.319
out,3914.000,-3344.891,-794.772,-1.265
out,3916.000,-3345.603,-796.641,-1.219
out,3918.000,-3346.317,-798.508,-1.172
out,3920.000,-3347.042,-800.371,-1.107
out,3922.000,-3347.774,-802.231,-1.033
out,3924.000,-3348.506,-804.090,-0.958
out,3926.000,-3349.236,-805.951,-0.887
out,3928.000,-3349.962,-807.814,-0.819
out,3930.000,-3350.686,-809.677,-0.754
out,3932.000,-3351.408,-811.541,-0.692
out,3934.000,-3352.129,-813.405,-0.632
out,3936.000,-3352.845,-815.272,-0.574
out,3938.000,-3353.558,-817.140,-0.517
out,3940.000,-3354.272,-819.007,-0.462
out,3942.000,-3354.990,-820.873,-0.410
out,3944.000,-3355.712,-822.737,-0.360
out,3946.000,-3356.437,-824.601,-0.313
out,3948.000,-3357.161,-826.464,-0.265
out,3950.000,-3357.881,-828.330,-0.216
out,3952.000,-3358.597,-830.197,-0.163
out,3954.000,-3359.312,-832.064,-0.110
out,3956.000,-3360.030,-833.930,-0.061
out,3958.000,-3360.752,-835.794,-0.018
out,3960.000,-3361.476,-837.658,0.027
out,3962.000,-3362.200,-839.522,0.079
out,3964.000,-3362.923,-841.385,0.137
out,3966.000,-3363.646,-843.249,0.198
out,3968.000,-3364.367,-845.114,0.258
out,3970.000,-3365.087,-846.979,0.314
out,3972.000,-3365.804,-848.845,0.367
out,3974.000,-3366.518,-850.713,0.413
out,3976.000,-3367.235,-852.579,0.457
out,3978.000,-3367.957,-854.444,0.502
out,3980.000,-3368.682,-856.307,0.553
out,3982.000,-3369.407,-858.170,0.604
out,3984.000,-3370.130,-860.035,0.651
out,3986.000,-3370.852,-861.899,0.691
out,3988.000,-3371.572,-863.765,0.729
out,3990.000,-3372.292,-865.630,0.769
out,3992.000,-3373.013,-867.496,0.812
out,3994.000,-3373.736,-869.360,0.857
out,3996.000,-3374.460,-871.223,0.903
out,3998.000,-3375.186,-873.086,0.950
out,4000.000,-3375.913,-874.949,0.998
out,4002.000,-3376.641,-876.811,1.044
out,4004.000,-3377.367,-878.674,1.087
out,4006.000,-3378.090,-880.538,1.127
out,4008.000,-3378.810,-882.404,1.166
out,4010.000,-3379.529,-884.270,1.203
out,4012.000,-3380.249,-886.136,1.238
out,4014.000,-3380.971,-888.001,1.271
out,4016.000,-3381.696,-889.864,1.306
out,4018.000,-3382.423,-891.727,1.341
out,4020.000,-3383.153,-893.588,1.379
out,4022.000,-3383.884,-895.450,1.418
out,4024.000,-3384.612,-897.312,1.457
out,4026.000,-3385.337,-899.176,1.493
out,4028.000,-3386.059,-901.041,1.524
out,4030.000,-3386.780,-902.906,1.553
out,4032.000,-3387.504,-904.770,1.583
out,4034.000,-3388.231,-906.633,1.616
out,4036.000,-3388.960,-908.495,1.651
out,4038.000,-3389.690,-910.357,1.685
out,4040.000,-3390.420,-912.218,1.715
out,4042.000,-3391.150,-914.080,1.739
out,4044.000,-3391.881,-915.942,1.759
out,4046.000,-3392.612,-917.803,1.778
out,4048.000,-3393.343,-919.665,1.797
out,4050.000,-3394.072,-921.527,1.813
out,4052.000,-3394.794,-923.392,1.828
out,4054.000,-3395.513,-925.259,1.843
out,4056.000,-3396.230,-927.126,1.858
out,4058.000,-3396.950,-928.991,1.873
out,4060.000,-3397.674,-930.856,1.889
out,4062.000,-3398.401,-932.719,1.905
out,4064.000,-3399.126,-934.583,1.920
out,4066.000,-3399.848,-936.448,1.933
out,4068.000,-3400.569,-938.313,1.946
out,4070.000,-3401.289,-940.179,1.959
out,4072.000,-3402.011,-942.044,1.972
out,4074.000,-3402.737,-943.908,1.986
out,4076.000,-3403.466,-945.770,2.000
out,4078.000,-3404.197,-947.632,2.013
out,4080.000,-3404.928,-949.493,2.027
out,4082.000,-3405.659,-951.355,2.041
out,4084.000,-3406.387,-953.218,2.052
out,4086.000,-3407.112,-955.082,2.055
out,4088.000,-3407.833,-956.947,2.056
out,4090.000,-3408.551,-958.814,2.059
out,4092.000,-3409.270,-960.680,2.063
out,4094.000,-3409.994,-962.544,2.067
out,4096.000,-3410.722,-964.407,2.071
out,4098.000,-3411.455,-966.268,2.076
out,4100.000,-3412.191,-968.128,2.079
out,4102.000,-3412.925,-969.988,2.083
out,4104.000,-3413.654,-971.850,2.088
out,4106.000,-3414.380,-973.714,2.096
out,4108.000,-3415.107,-975.577,2.106
out,4110.000,-3415.837,-977.439,2.116
out,4112.000,-3416.569,-979.300,2.122
out,4114.000,-3417.301,-981.162,2.126
out,4116.000,-3418.032,-983.023,2.128
out,4118.000,-3418.761,-984.886,2.131
out,4120.000,-3419.486,-986.750,2.135
out,4122.000,-3420.209,-988.614,2.140
out,4124.000,-3420.931,-990.480,2.147
out,4126.000,-3421.651,-992.345,2.155
out,4128.000,-3422.372,-994.211,2.165
out,4130.000,-3423.095,-996.076,2.176
out,4132.000,-3423.821,-997.939,2.187
out,4134.000,-3424.550,-999.802,2.197
out,4136.000,-3425.280,-1001.663,2.206
out,4138.000,-3426.011,-1003.525,2.215
out,4140.000,-3426.743,-1005.386,2.225
out,4142.000,-3427.475,-1007.248,2.235
out,4144.000,-3428.205,-1009.110,2.244
out,4146.000,-3428.933,-1010.972,2.251
out,4148.000,-3429.661,-1012.835,2.258
out,4150.000,-3430.388,-1014.698,2.265
out,4152.000,-3431.114,-1016.562,2.272
out,4154.000,-3431.841,-1018.425,2.278
out,4156.000,-3432.571,-1020.287,2.286
out,4158.000,-3433.302,-1022.149,2.294
out,4160.000,-3434.031,-1024.011,2.302
out,4162.000,-3434.757,-1025.874,2.312
out,4164.000,-3435.483,-1027.738,2.324
out,4166.000,-3436.207,-1029.602,2.335
out,4168.000,-3436.934,-1031.466,2.347
out,4170.000,-3437.663,-1033.328,2.358
out,4172.000,-3438.394,-1035.189,2.368
out,4174.000,-3439.125,-1037.051,2.377
out,4176.000,-3439.853,-1038.914,2.384
out,4178.000,-3440.578,-1040.778,2.392
out,4180.000,-3441.301,-1042.643,2.400
out,4182.000,-3442.025,-1044.507,2.409
out,4184.000,-3442.752,-1046.370,2.419
out,4186.000,-3443.482,-1048.232,2.428
out,4188.000,-3444.214,-1050.093,2.437
out,4190.000,-3444.949,-1051.953,2.446
out,4192.000,-3445.681,-1053.814,2.455
out,4194.000,-3446.410,-1055.677,2.463
out,4196.000,-3447.136,-1057.540,2.471
out,4198.000,-3447.862,-1059.404,2.480
out,4200.000,-3448.588,-1061.267,2.488
out,4202.000,-3449.315,-1063.131,2.498
out,4204.000,-3450.042,-1064.994,2.509
out,4206.000,-3450.770,-1066.857,2.523
out,4208.000,-3451.497,-1068.720,2.536
out,4210.000,-3452.224,-1070.583,2.547
out,4212.000,-3452.952,-1072.446,2.556
out,4214.000,-3453.680,-1074.309,2.563
out,4216.000,-3454.409,-1076.171,2.571
out,4218.000,-3455.138,-1078.033,2.581
out,4220.000,-3455.867,-1079.896,2.593
out,4222.000,-3456.594,-1081.759,2.607
out,4224.000,-3457.322,-1083.622,2.620
out,4226.000,-3458.050,-1085.484,2.632
out,4228.000,-3458.781,-1087.346,2.644
out,4230.000,-3459.512,-1089.207,2.654
out,4232.000,-3460.244,-1091.069,2.663
out,4234.000,-3460.974,-1092.931,2.671
out,4236.000,-3461.703,-1094.793,2.677
out,4238.000,-3462.432,-1096.655,2.680
out,4240.000,-3463.162,-1098.518,2.684
out,4242.000,-3463.890,-1100.380,2.688
out,4244.000,-3464.616,-1102.244,2.694
out,4246.000,-3465.337,-1104.109,2.701
out,4248.000,-3466.054,-1105.976,2.710
out,4250.000,-3466.767,-1107.845,2.718
out,4252.000,-3467.477,-1109.715,2.725
out,4254.000,-3468.187,-1111.585,2.732
out,4256.000,-3468.900,-1113.453,2.736
out,4258.000,-3469.626,-1115.317,2.740
out,4260.000,-3470.372,-1117.172,2.744
out,4262.000,-3471.144,-1119.017,2.745
out,4264.000,-3471.943,-1120.851,2.741
out,4266.000,-3472.768,-1122.672,2.734
out,4268.000,-3473.619,-1124.482,2.728
out,4270.000,-3474.496,-1126.280,2.728
out,4272.000,-3475.399,-1128.065,2.733
out,4274.000,-3476.325,-1129.837,2.740
out,4276.000,-3477.274,-1131.597,2.746
out,4278.000,-3478.249,-1133.344,2.752
out,4280.000,-3479.254,-1135.073,2.758
out,4282.000,-3480.289,-1136.784,2.766
out,4284.000,-3481.356,-1138.476,2.773
out,4286.000,-3482.453,-1140.148,2.779
out,4288.000,-3483.577,-1141.802,2.781
out,4290.000,-3484.729,-1143.437,2.781
out,4292.000,-3485.907,-1145.054,2.783
out,4294.000,-3487.110,-1146.652,2.786
out,4296.000,-3488.336,-1148.232,2.787
out,4298.000,-3489.582,-1149.795,2.787
out,4300.000,-3490.849,-1151.343,2.786
out,4302.000,-3492.135,-1152.875,2.786
out,4304.000,-3493.438,-1154.392,2.789
out,4306.000,-3494.758,-1155.895,2.794
out,4308.000,-3496.093,-1157.384,2.799
out,4310.000,-3497.440,-1158.862,2.803
out,4312.000,-3498.800,-1160.329,2.804
out,4314.000,-3500.175,-1161.781,2.803
out,4316.000,-3501.566,-1163.218,2.803
out,4318.000,-3502.975,-1164.637,2.804
out,4320.000,-3504.404,-1166.037,2.807
out,4322.000,-3505.850,-1167.419,2.810
out,4324.000,-3507.312,-1168.784,2.813
out,4326.000,-3508.787,-1170.134,2.818
out,4328.000,-3510.274,-1171.471,2.823
out,4330.000,-3511.771,-1172.797,2.828
out,4332.000,-3513.275,-1174.117,2.832
out,4334.000,-3514.784,-1175.429,2.836
out,4336.000,-3516.304,-1176.729,2.838
out,4338.000,-3517.839,-1178.010,2.837
out,4340.000,-3519.395,-1179.267,2.835
out,4342.000,-3520.970,-1180.500,2.836
out,4344.000,-3522.561,-1181.711,2.841
out,4346.000,-3524.165,-1182.906,2.850
out,4348.000,-3525.779,-1184.088,2.862
out,4350.000,-3527.400,-1185.258,2.876
out,4352.000,-3529.030,-1186.418,2.892
out,4354.000,-3530.669,-1187.563,2.908
out,4356.000,-3532.320,-1188.692,2.926
out,4358.000,-3533.985,-1189.800,2.939
out,4360.000,-3535.664,-1190.887,2.945
out,4362.000,-3537.356,-1191.954,2.943
out,4364.000,-3539.062,-1192.997,2.937
out,4366.000,-3540.783,-1194.016,2.930
out,4368.000,-3542.516,-1195.014,2.924
out,4370.000,-3544.260,-1195.993,2.922
out,4372.000,-3546.013,-1196.955,2.923
out,4374.000,-3547.778,-1197.897,2.927
out,4376.000,-3549.554,-1198.816,2.933
out,4378.000,-3551.343,-1199.711,2.941
out,4380.000,-3553.144,-1200.579,2.951
out,4382.000,-3554.957,-1201.424,2.961
out,4384.000,-3556.781,-1202.245,2.970
out,4386.000,-3558.614,-1203.045,2.978
out,4388.000,-3560.454,-1203.827,2.984
out,4390.000,-3562.302,-1204.592,2.989
out,4392.000,-3564.157,-1205.340,2.995
out,4394.000,-3566.019,-1206.070,3.002
out,4396.000,-3567.888,-1206.782,3.011
out,4398.000,-3569.765,-1207.474,3.021
out,4400.000,-3571.650,-1208.141,3.032
out,4402.000,-3573.546,-1208.777,3.042
out,4404.000,-3575.453,-1209.380,3.050
out,4406.000,-3577.370,-1209.950,3.057
out,4408.000,-3579.295,-1210.492,3.062
out,4410.000,-3581.226,-1211.013,3.065
out,4412.000,-3583.163,-1211.513,3.066
out,4414.000,-3585.104,-1211.992,3.068
out,4416.000,-3587.052,-1212.445,3.073
out,4418.000,-3589.007,-1212.868,3.080
out,4420.000,-3590.968,-1213.262,3.089
out,4422.000,-3592.934,-1213.628,3.098
out,4424.000,-3594.905,-1213.967,3.108
out,4426.000,-3596.880,-1214.285,3.119
out,4428.000,-3598.857,-1214.584,3.133
out,4430.000,-3600.837,-1214.868,3.148
out,4432.000,-3602.817,-1215.146,3.161
out,4434.000,-3604.798,-1215.423,3.171
out,4436.000,-3606.778,-1215.705,3.179
out,4438.000,-3608.757,-1215.991,3.184
out,4440.000,-3610.736,-1216.282,3.187
out,4442.000,-3612.714,-1216.576,3.190
out,4444.000,-3614.693,-1216.870,3.195
out,4446.000,-3616.671,-1217.163,3.203
out,4448.000,-3618.650,-1217.454,3.211
out,4450.000,-3620.629,-1217.742,3.219
out,4452.000,-3622.608,-1218.028,3.225
out,4454.000,-3624.588,-1218.314,3.232
out,4456.000,-3626.568,-1218.598,3.241
out,4458.000,-3628.547,-1218.882,3.252
out,4460.000,-3630.527,-1219.167,3.262
out,4462.000,-3632.506,-1219.452,3.270
out,4464.000,-3634.486,-1219.739,3.276
out,4466.000,-3636.465,-1220.027,3.280
out,4468.000,-3638.444,-1220.315,3.283
out,4470.000,-3640.423,-1220.602,3.285
out,4472.000,-3642.403,-1220.888,3.287
out,4474.000,-3644.382,-1221.174,3.291
out,4476.000,-3646.361,-1221.462,3.296
out,4478.000,-3648.341,-1221.750,3.302
out,4480.000,-3650.319,-1222.039,3.308
out,4482.000,-3652.298,-1222.328,3.316
out,4484.000,-3654.277,-1222.618,3.325
out,4486.000,-3656.256,-1222.908,3.334
out,4488.000,-3658.235,-1223.198,3.343
out,4490.000,-3660.214,-1223.487,3.352
out,4492.000,-3662.194,-1223.772,3.363
out,4494.000,-3664.173,-1224.055,3.375
out,4496.000,-3666.154,-1224.336,3.386
out,4498.000,-3668.134,-1224.617,3.397
out,4500.000,-3670.113,-1224.900,3.406
out,4502.000,-3672.093,-1225.187,3.415
out,4504.000,-3674.072,-1225.476,3.425
out,4506.000,-3676.051,-1225.764,3.437
out,4508.000,-3678.030,-1226.050,3.450
out,4510.000,-3680.010,-1226.335,3.465
out,4512.000,-3681.989,-1226.621,3.479
out,4514.000,-3683.968,-1226.908,3.493
out,4516.000,-3685.947,-1227.197,3.508
out,4518.000,-3687.926,-1227.486,3.523
out,4520.000,-3689.906,-1227.773,3.539
out,4522.000,-3691.885,-1228.058,3.557
out,4524.000,-3693.865,-1228.339,3.575
out,4526.000,-3695.845,-1228.619,3.591
out,4528.000,-3697.826,-1228.898,3.606
out,4530.000,-3699.806,-1229.180,3.617
out,4532.000,-3701.786,-1229.464,3.627
out,4534.000,-3703.765,-1229.747,3.636
out,4536.000,-3705.745,-1230.029,3.647
out,4538.000,-3707.725,-1230.312,3.658
out,4540.000,-3709.705,-1230.596,3.668
out,4542.000,-3711.684,-1230.884,3.679
out,4544.000,-3713.663,-1231.171,3.690
out,4546.000,-3715.643,-1231.456,3.703
out,4548.000,-3717.623,-1231.735,3.714
out,4550.000,-3719.604,-1232.012,3.724
out,4552.000,-3721.584,-1232.291,3.733
out,4554.000,-3723.564,-1232.572,3.741
out,4556.000,-3725.544,-1232.857,3.751
out,4558.000,-3727.524,-1233.143,3.764
out,4560.000,-3729.503,-1233.430,3.780
out,4562.000,-3731.482,-1233.717,3.795
out,4564.000,-3733.461,-1234.005,3.808
out,4566.000,-3735.440,-1234.292,3.817
out,4568.000,-3737.420,-1234.575,3.826
out,4570.000,-3739.401,-1234.854,3.834
out,4572.000,-3741.381,-1235.132,3.843
out,4574.000,-3743.361,-1235.413,3.853
out,4576.000,-3745.341,-1235.698,3.864
out,4578.000,-3747.320,-1235.985,3.877
out,4580.000,-3749.300,-1236.269,3.890
out,4582.000,-3751.279,-1236.556,3.901
out,4584.000,-3753.258,-1236.843,3.909
out,4586.000,-3755.238,-1237.129,3.915
out,4588.000,-3757.217,-1237.415,3.923
out,4590.000,-3759.196,-1237.703,3.934
out,4592.000,-3761.175,-1237.993,3.946
out,4594.000,-3763.154,-1238.282,3.959
out,4596.000,-3765.134,-1238.566,3.972
out,4598.000,-3767.114,-1238.847,3.984
out,4600.000,-3769.094,-1239.126,3.996
out,4602.000,-3771.075,-1239.406,4.009
out,4604.000,-3773.055,-1239.686,4.021
out,4606.000,-3775.035,-1239.969,4.030
out,4608.000,-3777.014,-1240.256,4.039
out,4610.000,-3778.993,-1240.543,4.049
out,4612.000,-3780.973,-1240.828,4.061
out,4614.000,-3782.953,-1241.108,4.075
out,4616.000,-3784.934,-1241.384,4.090
out,4618.000,-3786.915,-1241.660,4.105
out,4620.000,-3788.895,-1241.941,4.118
out,4622.000,-3790.874,-1242.227,4.129
out,4624.000,-3792.853,-1242.518,4.137
out,4626.000,-3794.832,-1242.809,4.146
out,4628.000,-3796.811,-1243.094,4.156
out,4630.000,-3798.792,-1243.372,4.168
out,4632.000,-3800.773,-1243.646,4.179
out,4634.000,-3802.754,-1243.921,4.189
out,4636.000,-3804.735,-1244.199,4.200
out,4638.000,-3806.714,-1244.482,4.213
out,4640.000,-3808.694,-1244.769,4.229
out,4642.000,-3810.672,-1245.058,4.246
out,4644.000,-3812.651,-1245.348,4.262
out,4646.000,-3814.631,-1245.634,4.277
out,4648.000,-3816.611,-1245.916,4.292
out,4650.000,-3818.591,-1246.195,4.307
out,4652.000,-3820.571,-1246.475,4.323
out,4654.000,-3822.551,-1246.757,4.341
out,4656.000,-3824.531,-1247.043,4.359
out,4658.000,-3826.510,-1247.332,4.377
out,4660.000,-3828.489,-1247.620,4.392
out,4662.000,-3830.468,-1247.903,4.404
out,4664.000,-3832.449,-1248.178,4.413
out,4666.000,-3834.431,-1248.449,4.421
out,4668.000,-3836.413,-1248.720,4.430
out,4670.000,-3838.393,-1248.998,4.441
out,4672.000,-3840.372,-1249.285,4.455
out,4674.000,-3842.350,-1249.580,4.471
out,4676.000,-3844.328,-1249.875,4.488
out,4678.000,-3846.307,-1250.164,4.506
out,4680.000,-3848.288,-1250.443,4.524
out,4682.000,-3850.269,-1250.714,4.541
out,4684.000,-3852.251,-1250.982,4.559
out,4686.000,-3854.232,-1251.254,4.575
out,4688.000,-3856.213,-1251.532,4.592
out,4690.000,-3858.192,-1251.821,4.607
out,4692.000,-3860.170,-1252.118,4.623
out,4694.000,-3862.147,-1252.420,4.636
out,4696.000,-3864.124,-1252.719,4.649
out,4698.000,-3866.103,-1253.008,4.662
out,4700.000,-3868.083,-1253.288,4.679
out,4702.000,-3870.064,-1253.562,4.697
out,4704.000,-3872.046,-1253.835,4.715
out,4706.000,-3874.027,-1254.108,4.729
out,4708.000,-3876.007,-1254.385,4.741
out,4710.000,-3877.988,-1254.666,4.750
out,4712.000,-3879.967,-1254.952,4.761
out,4714.000,-3881.946,-1255.241,4.773
out,4716.000,-3883.925,-1255.532,4.787
out,4718.000,-3885.903,-1255.822,4.801
out,4720.000,-3887.883,-1256.110,4.815
out,4722.000,-3889.862,-1256.396,4.831
out,4724.000,-3891.842,-1256.680,4.848
out,4726.000,-3893.822,-1256.962,4.866
out,4728.000,-3895.802,-1257.243,4.882
out,4730.000,-3897.782,-1257.525,4.895
out,4732.000,-3899.761,-1257.808,4.909
out,4734.000,-3901.741,-1258.093,4.925
out,4736.000,-3903.721,-1258.377,4.943
out,4738.000,-3905.700,-1258.660,4.964
out,4740.000,-3907.681,-1258.941,4.987
out,4742.000,-3909.660,-1259.222,5.008
out,4744.000,-3911.640,-1259.507,5.028
out,4746.000,-3913.619,-1259.793,5.045
out,4748.000,-3915.598,-1260.081,5.063
out,4750.000,-3917.578,-1260.366,5.086
out,4752.000,-3919.557,-1260.649,5.115
out,4754.000,-3921.537,-1260.931,5.144
out,4756.000,-3923.517,-1261.213,5.168
out,4758.000,-3925.497,-1261.497,5.187
out,4760.000,-3927.476,-1261.784,5.203
out,4762.000,-3929.455,-1262.072,5.217
out,4764.000,-3931.434,-1262.362,5.233
out,4766.000,-3933.413,-1262.647,5.253
out,4768.000,-3935.393,-1262.928,5.275
out,4770.000,-3937.374,-1263.206,5.295
out,4772.000,-3939.354,-1263.484,5.314
out,4774.000,-3941.334,-1263.767,5.331
out,4776.000,-3943.313,-1264.054,5.352
out,4778.000,-3945.292,-1264.344,5.376
out,4780.000,-3947.271,-1264.634,5.399
out,4782.000,-3949.250,-1264.921,5.420
out,4784.000,-3951.230,-1265.202,5.435
out,4786.000,-3953.211,-1265.475,5.448
out,4788.000,-3955.193,-1265.742,5.460
out,4790.000,-3957.176,-1266.005,5.475
out,4792.000,-3959.159,-1266.265,5.490
out,4794.000,-3961.143,-1266.521,5.504
out,4796.000,-3963.127,-1266.771,5.519
out,4798.000,-3965.112,-1267.009,5.536
out,4800.000,-3967.100,-1267.233,5.561
out,4802.000,-3969.088,-1267.446,5.589
out,4804.000,-3971.078,-1267.648,5.615
out,4806.000,-3973.069,-1267.837,5.639
out,4808.000,-3975.061,-1268.009,5.659
out,4810.000,-3977.055,-1268.163,5.672
out,4812.000,-3979.051,-1268.298,5.677
out,4814.000,-3981.047,-1268.414,5.680
out,4816.000,-3983.045,-1268.513,5.684
out,4818.000,-3985.043,-1268.593,5.693
out,4820.000,-3987.042,-1268.659,5.706
out,4822.000,-3989.041,-1268.717,5.721
out,4824.000,-3991.040,-1268.767,5.736
out,4826.000,-3993.040,-1268.812,5.752
out,4828.000,-3995.039,-1268.849,5.770
out,4830.000,-3997.039,-1268.883,5.788
out,4832.000,-3999.039,-1268.915,5.807
out,4834.000,-4001.039,-1268.940,5.826
out,4836.000,-4003.038,-1268.955,5.846
out,4838.000,-4005.038,-1268.959,5.866
out,4840.000,-4007.038,-1268.950,5.889
out,4842.000,-4009.038,-1268.926,5.916
out,4844.000,-4011.037,-1268.887,5.942
out,4846.000,-4013.036,-1268.832,5.965
out,4848.000,-4015.035,-1268.763,5.982
out,4850.000,-4017.033,-1268.678,5.996
out,4852.000,-4019.031,-1268.579,6.010
out,4854.000,-4021.028,-1268.472,6.023
out,4856.000,-4023.024,-1268.356,6.034
out,4858.000,-4025.020,-1268.228,6.046
out,4860.000,-4027.015,-1268.087,6.059
out,4862.000,-4029.009,-1267.929,6.073
out,4864.000,-4031.001,-1267.752,6.088
out,4866.000,-4032.991,-1267.557,6.103
out,4868.000,-4034.981,-1267.351,6.117
out,4870.000,-4036.969,-1267.138,6.128
out,4872.000,-4038.956,-1266.911,6.138
out,4874.000,-4040.941,-1266.664,6.143
out,4876.000,-4042.923,-1266.395,6.146
out,4878.000,-4044.902,-1266.109,6.147
out,4880.000,-4046.880,-1265.811,6.149
out,4882.000,-4048.856,-1265.504,6.152
out,4884.000,-4050.831,-1265.186,6.158
out,4886.000,-4052.803,-1264.855,6.166
out,4888.000,-4054.773,-1264.510,6.176
out,4890.000,-4056.740,-1264.148,6.186
out,4892.000,-4058.704,-1263.769,6.197
out,4894.000,-4060.664,-1263.373,6.208
out,4896.000,-4062.621,-1262.959,6.220
out,4898.000,-4064.573,-1262.526,6.236
out,4900.000,-4066.522,-1262.076,6.255
out,4902.000,-4068.467,-1261.611,6.274
out,4904.000,-4070.409,-1261.132,6.292
out,4906.000,-4072.347,-1260.638,6.306
out,4908.000,-4074.281,-1260.131,6.320
out,4910.000,-4076.212,-1259.610,6.339
out,4912.000,-4078.139,-1259.074,6.364
out,4914.000,-4080.062,-1258.526,6.394
out,4916.000,-4081.982,-1257.966,6.422
out,4918.000,-4083.899,-1257.396,6.450
out,4920.000,-4085.813,-1256.816,6.475
out,4922.000,-4087.723,-1256.225,6.498
out,4924.000,-4089.629,-1255.620,6.516
out,4926.000,-4091.531,-1255.000,6.530
out,4928.000,-4093.427,-1254.363,6.540
out,4930.000,-4095.318,-1253.713,6.546
out,4932.000,-4097.206,-1253.052,6.549
out,4934.000,-4099.090,-1252.381,6.549
out,4936.000,-4100.971,-1251.702,6.551
out,4938.000,-4102.849,-1251.015,6.558
out,4940.000,-4104.724,-1250.319,6.572
out,4942.000,-4106.595,-1249.612,6.590
out,4944.000,-4108.463,-1248.898,6.608
out,4946.000,-4110.330,-1248.181,6.624
out,4948.000,-4112.198,-1247.467,6.637
out,4950.000,-4114.068,-1246.756,6.649
out,4952.000,-4115.938,-1246.049,6.662
out,4954.000,-4117.810,-1245.343,6.675
out,4956.000,-4119.680,-1244.636,6.688
out,4958.000,-4121.550,-1243.927,6.698
out,4960.000,-4123.420,-1243.216,6.708
out,4962.000,-4125.289,-1242.506,6.716
out,4964.000,-4127.160,-1241.797,6.723
out,4966.000,-4129.029,-1241.086,6.728
out,4968.000,-4130.898,-1240.374,6.734
out,4970.000,-4132.766,-1239.660,6.741
out,4972.000,-4134.634,-1238.945,6.749
out,4974.000,-4136.501,-1238.229,6.756
out,4976.000,-4138.369,-1237.515,6.764
out,4978.000,-4140.238,-1236.803,6.771
out,4980.000,-4142.108,-1236.092,6.774
out,4982.000,-4143.977,-1235.382,6.777
out,4984.000,-4145.847,-1234.670,6.782
out,4986.000,-4147.717,-1233.961,6.787
out,4988.000,-4149.587,-1233.253,6.792
out,4990.000,-4151.459,-1232.549,6.799
out,4992.000,-4153.331,-1231.846,6.807
out,4994.000,-4155.204,-1231.144,6.815
out,4996.000,-4157.077,-1230.441,6.823
out,4998.000,-4158.949,-1229.737,6.832
out,5000.000,-4160.820,-1229.031,6.841
out,5002.000,-4162.690,-1228.322,6.850
out,5004.000,-4164.559,-1227.611,6.857
out,5006.000,-4166.428,-1226.898,6.864
out,5008.000,-4168.297,-1226.188,6.869
out,5010.000,-4170.168,-1225.480,6.874
out,5012.000,-4172.039,-1224.773,6.878
out,5014.000,-4173.911,-1224.068,6.883
out,5016.000,-4175.782,-1223.363,6.886
out,5018.000,-4177.653,-1222.657,6.887
out,5020.000,-4179.525,-1221.951,6.885
out,5022.000,-4181.396,-1221.245,6.880
out,5024.000,-4183.267,-1220.539,6.876
out,5026.000,-4185.137,-1219.831,6.873
out,5028.000,-4187.007,-1219.120,6.873
out,5030.000,-4188.877,-1218.410,6.874
out,5032.000,-4190.747,-1217.702,6.872
out,5034.000,-4192.618,-1216.996,6.867
out,5036.000,-4194.490,-1216.291,6.861
out,5038.000,-4196.361,-1215.585,6.857
out,5040.000,-4198.232,-1214.877,6.853
out,5042.000,-4200.101,-1214.167,6.850
out,5044.000,-4201.971,-1213.456,6.847
out,5046.000,-4203.841,-1212.746,6.843
out,5048.000,-4205.710,-1212.036,6.840
out,5050.000,-4207.580,-1211.325,6.838
out,5052.000,-4209.449,-1210.613,6.838
out,5054.000,-4211.318,-1209.901,6.838
out,5056.000,-4213.187,-1209.190,6.836
out,5058.000,-4215.057,-1208.481,6.831
out,5060.000,-4216.928,-1207.774,6.823
out,5062.000,-4218.800,-1207.069,6.814
out,5064.000,-4220.671,-1206.365,6.805
out,5066.000,-4222.543,-1205.660,6.798
out,5068.000,-4224.414,-1204.953,6.794
out,5070.000,-4226.284,-1204.244,6.790
out,5072.000,-4228.154,-1203.533,6.787
out,5074.000,-4230.023,-1202.823,6.782
out,5076.000,-4231.893,-1202.113,6.777
out,5078.000,-4233.763,-1201.403,6.772
out,5080.000,-4235.632,-1200.693,6.766
out,5082.000,-4237.501,-1199.981,6.760
out,5084.000,-4239.370,-1199.268,6.754
out,5086.000,-4241.240,-1198.558,6.750
out,5088.000,-4243.110,-1197.850,6.746
out,5090.000,-4244.981,-1197.144,6.742
out,5092.000,-4246.852,-1196.437,6.737
out,5094.000,-4248.723,-1195.729,6.732
out,5096.000,-4250.594,-1195.024,6.727
out,5098.000,-4252.467,-1194.322,6.722
out,5100.000,-4254.340,-1193.621,6.715
out,5102.000,-4256.212,-1192.917,6.707
out,5104.000,-4258.082,-1192.208,6.699
out,5106.000,-4259.950,-1191.493,6.691
out,5108.000,-4261.817,-1190.777,6.682
out,5110.000,-4263.685,-1190.061,6.673
out,5112.000,-4265.553,-1189.348,6.666
out,5114.000,-4267.422,-1188.634,6.660
out,5116.000,-4269.290,-1187.920,6.652
out,5118.000,-4271.159,-1187.208,6.643
out,5120.000,-4273.029,-1186.499,6.632
out,5122.000,-4274.900,-1185.792,6.621
out,5124.000,-4276.770,-1185.085,6.611
out,5126.000,-4278.640,-1184.373,6.602
out,5128.000,-4280.508,-1183.659,6.593
out,5130.000,-4282.376,-1182.946,6.583
out,5132.000,-4284.247,-1182.239,6.572
out,5134.000,-4286.121,-1181.540,6.561
out,5136.000,-4287.995,-1180.843,6.553
out,5138.000,-4289.868,-1180.141,6.545
out,5140.000,-4291.738,-1179.431,6.536
out,5142.000,-4293.605,-1178.714,6.524
out,5144.000,-4295.472,-1177.997,6.511
out,5146.000,-4297.340,-1177.283,6.498
out,5148.000,-4299.210,-1176.573,6.488
out,5150.000,-4301.081,-1175.867,6.479
out,5152.000,-4302.953,-1175.162,6.469
out,5154.000,-4304.824,-1174.455,6.458
out,5156.000,-4306.693,-1173.745,6.445
out,5158.000,-4308.562,-1173.033,6.430
out,5160.000,-4310.431,-1172.322,6.414
out,5162.000,-4312.301,-1171.613,6.397
out,5164.000,-4314.172,-1170.906,6.382
out,5166.000,-4316.044,-1170.200,6.371
out,5168.000,-4317.915,-1169.495,6.363
out,5170.000,-4319.786,-1168.790,6.357
out,5172.000,-4321.658,-1168.083,6.352
out,5174.000,-4323.528,-1167.374,6.346
out,5176.000,-4325.397,-1166.663,6.338
out,5178.000,-4327.266,-1165.951,6.328
out,5180.000,-4329.135,-1165.240,6.317
out,5182.000,-4331.005,-1164.529,6.304
out,5184.000,-4332.875,-1163.820,6.291
out,5186.000,-4334.745,-1163.112,6.278
out,5188.000,-4336.616,-1162.407,6.263
out,5190.000,-4338.488,-1161.701,6.246
out,5192.000,-4340.359,-1160.996,6.231
out,5194.000,-4342.231,-1160.291,6.218
out,5196.000,-4344.103,-1159.587,6.205
out,5198.000,-4345.975,-1158.883,6.193
out,5200.000,-4347.846,-1158.176,6.183
out,5202.000,-4349.716,-1157.468,6.176
out,5204.000,-4351.587,-1156.761,6.171
out,5206.000,-4353.459,-1156.057,6.165
out,5208.000,-4355.331,-1155.354,6.156
out,5210.000,-4357.203,-1154.648,6.142
out,5212.000,-4359.073,-1153.940,6.124
out,5214.000,-4360.943,-1153.231,6.104
out,5216.000,-4362.813,-1152.522,6.085
out,5218.000,-4364.684,-1151.814,6.069
out,5220.000,-4366.554,-1151.106,6.057
out,5222.000,-4368.424,-1150.396,6.047
out,5224.000,-4370.293,-1149.685,6.036
out,5226.000,-4372.162,-1148.974,6.021
out,5228.000,-4374.032,-1148.265,6.004
out,5230.000,-4375.904,-1147.561,5.990
out,5232.000,-4377.777,-1146.859,5.979
out,5234.000,-4379.650,-1146.158,5.971
out,5236.000,-4381.522,-1145.455,5.963
out,5238.000,-4383.393,-1144.748,5.956
out,5240.000,-4385.262,-1144.037,5.949
out,5242.000,-4387.131,-1143.323,5.941
out,5244.000,-4388.998,-1142.608,5.930
out,5246.000,-4390.867,-1141.894,5.918
out,5248.000,-4392.736,-1141.183,5.908
out,5250.000,-4394.607,-1140.475,5.901
out,5252.000,-4396.478,-1139.769,5.897
out,5254.000,-4398.348,-1139.061,5.892
out,5256.000,-4400.217,-1138.349,5.883
out,5258.000,-4402.085,-1137.635,5.868
out,5260.000,-4403.954,-1136.921,5.851
out,5262.000,-4405.823,-1136.210,5.836
out,5264.000,-4407.692,-1135.499,5.820
out,5266.000,-4409.560,-1134.785,5.803
out,5268.000,-4411.427,-1134.069,5.782
out,5270.000,-4413.296,-1133.355,5.759
out,5272.000,-4415.166,-1132.647,5.735
out,5274.000,-4417.038,-1131.945,5.710
out,5276.000,-4418.912,-1131.245,5.682
out,5278.000,-4420.785,-1130.545,5.653
out,5280.000,-4422.656,-1129.840,5.623
out,5282.000,-4424.527,-1129.133,5.595
out,5284.000,-4426.397,-1128.424,5.567
out,5286.000,-4428.267,-1127.715,5.538
out,5288.000,-4430.137,-1127.006,5.507
out,5290.000,-4432.006,-1126.297,5.474
out,5292.000,-4433.877,-1125.589,5.439
out,5294.000,-4435.748,-1124.883,5.405
out,5296.000,-4437.618,-1124.176,5.375
out,5298.000,-4439.488,-1123.468,5.347
out,5300.000,-4441.358,-1122.757,5.324
out,5302.000,-4443.227,-1122.045,5.304
out,5304.000,-4445.096,-1121.333,5.285
out,5306.000,-4446.965,-1120.622,5.266
out,5308.000,-4448.835,-1119.913,5.247
out,5310.000,-4450.705,-1119.205,5.223
out,5312.000,-4452.575,-1118.497,5.193
out,5314.000,-4454.445,-1117.788,5.160
out,5316.000,-4456.316,-1117.081,5.127
out,5318.000,-4458.188,-1116.378,5.097
out,5320.000,-4460.061,-1115.678,5.066
out,5322.000,-4461.933,-1114.976,5.033
out,5324.000,-4463.802,-1114.263,4.999
out,5326.000,-4465.665,-1113.537,4.962
out,5328.000,-4467.525,-1112.802,4.923
out,5330.000,-4469.387,-1112.073,4.885
out,5332.000,-4471.258,-1111.369,4.850
out,5334.000,-4473.144,-1110.704,4.821
out,5336.000,-4475.047,-1110.089,4.799
out,5338.000,-4476.969,-1109.535,4.786
out,5340.000,-4478.907,-1109.044,4.780
out,5342.000,-4480.861,-1108.616,4.781
out,5344.000,-4482.828,-1108.256,4.782
out,5346.000,-4484.808,-1107.971,4.777
out,5348.000,-4486.797,-1107.765,4.761
out,5350.000,-4488.792,-1107.637,4.736
out,5352.000,-4490.791,-1107.591,4.707
out,5354.000,-4492.791,-1107.628,4.681
out,5356.000,-4494.788,-1107.735,4.662
out,5358.000,-4496.781,-1107.899,4.649
out,5360.000,-4498.769,-1108.117,4.640
out,5362.000,-4500.747,-1108.408,4.635
out,5364.000,-4502.708,-1108.799,4.629
out,5366.000,-4504.640,-1109.312,4.621
out,5368.000,-4506.531,-1109.960,4.609
out,5370.000,-4508.369,-1110.747,4.593
out,5372.000,-4510.145,-1111.665,4.579
out,5374.000,-4511.853,-1112.704,4.569
out,5376.000,-4513.488,-1113.854,4.562
out,5378.000,-4515.049,-1115.105,4.556
out,5380.000,-4516.539,-1116.438,4.551
out,5382.000,-4517.978,-1117.827,4.546
out,5384.000,-4519.387,-1119.247,4.540
out,5386.000,-4520.780,-1120.681,4.532
out,5388.000,-4522.167,-1122.122,4.520
out,5390.000,-4523.555,-1123.563,4.504
out,5392.000,-4524.945,-1125.000,4.486
out,5394.000,-4526.342,-1126.431,4.469
out,5396.000,-4527.741,-1127.861,4.453
out,5398.000,-4529.139,-1129.291,4.437
out,5400.000,-4530.536,-1130.722,4.421
out,5402.000,-4531.932,-1132.154,4.406
out,5404.000,-4533.325,-1133.589,4.393
out,5406.000,-4534.718,-1135.024,4.382
out,5408.000,-4536.115,-1136.456,4.375
out,5410.000,-4537.519,-1137.880,4.378
out,5412.000,-4538.929,-1139.298,4.384
out,5414.000,-4540.342,-1140.714,4.386
out,5416.000,-4541.752,-1142.132,4.382
out,5418.000,-4543.157,-1143.555,4.375
out,5420.000,-4544.557,-1144.984,4.369
out,5422.000,-4545.951,-1146.417,4.370
out,5424.000,-4547.338,-1147.858,4.375
out,5426.000,-4548.714,-1149.310,4.377
out,5428.000,-4550.081,-1150.769,4.375
out,5430.000,-4551.447,-1152.231,4.369
out,5432.000,-4552.826,-1153.679,4.362
out,5434.000,-4554.238,-1155.095,4.359
out,5436.000,-4555.704,-1156.455,4.357
out,5438.000,-4557.232,-1157.745,4.355
out,5440.000,-4558.827,-1158.951,4.352
out,5442.000,-4560.487,-1160.065,4.350
out,5444.000,-4562.208,-1161.084,4.349
out,5446.000,-4563.977,-1162.016,4.350
out,5448.000,-4565.782,-1162.878,4.353
out,5450.000,-4567.607,-1163.695,4.357
out,5452.000,-4569.446,-1164.482,4.359
out,5454.000,-4571.294,-1165.247,4.359
out,5456.000,-4573.150,-1165.992,4.356
out,5458.000,-4575.012,-1166.722,4.353
out,5460.000,-4576.878,-1167.442,4.350
return,0.000,-4597.392,-1204.629,4.116
return,2.000,-4596.005,-1203.189,4.134
return,4.000,-4594.616,-1201.750,4.146
return,6.000,-4593.226,-1200.312,4.157
return,8.000,-4591.837,-1198.873,4.170
return,10.000,-4590.449,-1197.433,4.182
return,12.000,-4589.061,-1195.993,4.191
return,14.000,-4587.671,-1194.555,4.200
return,16.000,-4586.280,-1193.118,4.209
return,18.000,-4584.890,-1191.681,4.220
return,20.000,-4583.498,-1190.244,4.231
return,22.000,-4582.106,-1188.808,4.244
return,24.000,-4580.713,-1187.373,4.259
return,26.000,-4579.319,-1185.939,4.272
return,28.000,-4577.925,-1184.505,4.280
return,30.000,-4576.529,-1183.073,4.283
return,32.000,-4575.133,-1181.640,4.283
return,34.000,-4573.739,-1180.206,4.282
return,36.000,-4572.346,-1178.771,4.283
return,38.000,-4570.954,-1177.335,4.286
return,40.000,-4569.565,-1175.896,4.292
return,42.000,-4568.177,-1174.456,4.298
return,44.000,-4566.791,-1173.014,4.304
return,46.000,-4565.404,-1171.573,4.309
return,48.000,-4564.017,-1170.133,4.313
return,50.000,-4562.627,-1168.694,4.316
return,52.000,-4561.235,-1167.258,4.317
return,54.000,-4559.840,-1165.825,4.316
return,56.000,-4558.443,-1164.394,4.313
return,58.000,-4557.044,-1162.965,4.310
return,60.000,-4555.644,-1161.536,4.308
return,62.000,-4554.246,-1160.107,4.306
return,64.000,-4552.851,-1158.673,4.303
return,66.000,-4551.462,-1157.235,4.301
return,68.000,-4550.075,-1155.793,4.304
return,70.000,-4548.689,-1154.352,4.313
return,72.000,-4547.301,-1152.911,4.326
return,74.000,-4545.910,-1151.475,4.336
return,76.000,-4544.514,-1150.042,4.339
return,78.000,-4543.115,-1148.613,4.335
return,80.000,-4541.714,-1147.186,4.328
return,82.000,-4540.313,-1145.758,4.325
return,84.000,-4538.912,-1144.331,4.330
return,86.000,-4537.509,-1142.906,4.343
return,88.000,-4536.107,-1141.479,4.362
return,90.000,-4534.713,-1140.045,4.378
return,92.000,-4533.326,-1138.605,4.387
return,94.000,-4531.939,-1137.164,4.386
return,96.000,-4530.546,-1135.728,4.385
return,98.000,-4529.148,-1134.299,4.389
return,100.000,-4527.749,-1132.870,4.403
return,102.000,-4526.356,-1131.434,4.425
return,104.000,-4524.973,-1129.990,4.452
return,106.000,-4523.600,-1128.536,4.478
return,108.000,-4522.238,-1127.071,4.500
return,110.000,-4520.887,-1125.596,4.518
return,112.000,-4519.541,-1124.117,4.529
return,114.000,-4518.186,-1122.647,4.534
return,116.000,-4516.796,-1121.209,4.534
return,118.000,-4515.342,-1119.836,4.534
return,120.000,-4513.806,-1118.556,4.538
return,122.000,-4512.181,-1117.392,4.546
return,124.000,-4510.469,-1116.360,4.560
return,126.000,-4508.684,-1115.460,4.581
return,128.000,-4506.846,-1114.672,4.606
return,130.000,-4504.973,-1113.972,4.629
return,132.000,-4503.073,-1113.350,4.645
return,134.000,-4501.148,-1112.807,4.655
return,136.000,-4499.202,-1112.349,4.659
return,138.000,-4497.236,-1111.981,4.662
return,140.000,-4495.256,-1111.698,4.665
return,142.000,-4493.267,-1111.496,4.671
return,144.000,-4491.271,-1111.373,4.680
return,146.000,-4489.272,-1111.332,4.694
return,148.000,-4487.273,-1111.376,4.712
return,150.000,-4485.277,-1111.509,4.737
return,152.000,-4483.291,-1111.740,4.767
return,154.000,-4481.321,-1112.077,4.797
return,156.000,-4479.370,-1112.516,4.821
return,158.000,-4477.443,-1113.049,4.837
return,160.000,-4475.537,-1113.655,4.846
return,162.000,-4473.646,-1114.307,4.856
return,164.000,-4471.765,-1114.988,4.871
return,166.000,-4469.892,-1115.687,4.891
return,168.000,-4468.022,-1116.396,4.916
return,170.000,-4466.154,-1117.111,4.941
return,172.000,-4464.286,-1117.823,4.967
return,174.000,-4462.415,-1118.531,4.996
return,176.000,-4460.543,-1119.234,5.026
return,178.000,-4458.669,-1119.933,5.054
return,180.000,-4456.795,-1120.631,5.081
return,182.000,-4454.922,-1121.332,5.113
return,184.000,-4453.051,-1122.037,5.150
return,186.000,-4451.181,-1122.745,5.181
return,188.000,-4449.312,-1123.456,5.210
return,190.000,-4447.442,-1124.166,5.236
return,192.000,-4445.573,-1124.876,5.261
return,194.000,-4443.703,-1125.586,5.286
return,196.000,-4441.834,-1126.297,5.314
return,198.000,-4439.965,-1127.009,5.345
return,200.000,-4438.097,-1127.721,5.377
return,202.000,-4436.228,-1128.432,5.409
return,204.000,-4434.358,-1129.141,5.440
return,206.000,-4432.487,-1129.848,5.471
return,208.000,-4430.616,-1130.553,5.505
return,210.000,-4428.745,-1131.259,5.543
return,212.000,-4426.874,-1131.966,5.582
return,214.000,-4425.003,-1132.670,5.621
return,216.000,-4423.131,-1133.373,5.656
return,218.000,-4421.259,-1134.076,5.688
return,220.000,-4419.387,-1134.780,5.715
return,222.000,-4417.515,-1135.485,5.737
return,224.000,-4415.644,-1136.191,5.754
return,226.000,-4413.774,-1136.900,5.767
return,228.000,-4411.905,-1137.611,5.778
return,230.000,-4410.036,-1138.325,5.790
return,232.000,-4408.169,-1139.039,5.805
return,234.000,-4406.300,-1139.752,5.821
return,236.000,-4404.431,-1140.463,5.836
return,238.000,-4402.561,-1141.173,5.849
return,240.000,-4400.691,-1141.882,5.860
return,242.000,-4398.821,-1142.591,5.869
return,244.000,-4396.951,-1143.300,5.877
return,246.000,-4395.080,-1144.008,5.885
return,248.000,-4393.210,-1144.717,5.896
return,250.000,-4391.341,-1145.427,5.909
return,252.000,-4389.472,-1146.140,5.923
return,254.000,-4387.603,-1146.852,5.936
return,256.000,-4385.734,-1147.564,5.947
return,258.000,-4383.864,-1148.273,5.957
return,260.000,-4381.993,-1148.980,5.968
return,262.000,-4380.121,-1149.683,5.980
return,264.000,-4378.248,-1150.385,5.993
return,266.000,-4376.376,-1151.089,6.007
return,268.000,-4374.506,-1151.797,6.018
return,270.000,-4372.636,-1152.508,6.027
return,272.000,-4370.767,-1153.219,6.035
return,274.000,-4368.898,-1153.930,6.045
return,276.000,-4367.028,-1154.640,6.059
return,278.000,-4365.158,-1155.349,6.076
return,280.000,-4363.287,-1156.056,6.092
return,282.000,-4361.416,-1156.762,6.105
return,284.000,-4359.544,-1157.467,6.114
return,286.000,-4357.673,-1158.173,6.122
return,288.000,-4355.802,-1158.879,6.132
return,290.000,-4353.930,-1159.583,6.144
return,292.000,-4352.058,-1160.286,6.154
return,294.000,-4350.186,-1160.991,6.163
return,296.000,-4348.316,-1161.699,6.172
return,298.000,-4346.446,-1162.411,6.183
return,300.000,-4344.577,-1163.122,6.196
return,302.000,-4342.707,-1163.830,6.211
return,304.000,-4340.835,-1164.534,6.227
return,306.000,-4338.961,-1165.232,6.241
return,308.000,-4337.086,-1165.928,6.253
return,310.000,-4335.212,-1166.627,6.262
return,312.000,-4333.340,-1167.331,6.270
return,314.000,-4331.470,-1168.041,6.279
return,316.000,-4329.603,-1168.757,6.292
return,318.000,-4327.737,-1169.476,6.309
return,320.000,-4325.870,-1170.195,6.325
return,322.000,-4324.003,-1170.910,6.339
return,324.000,-4322.133,-1171.621,6.349
return,326.000,-4320.262,-1172.327,6.358
return,328.000,-4318.390,-1173.032,6.365
return,330.000,-4316.519,-1173.738,6.374
return,332.000,-4314.650,-1174.449,6.383
return,334.000,-4312.781,-1175.161,6.395
return,336.000,-4310.912,-1175.872,6.408
return,338.000,-4309.041,-1176.579,6.423
return,340.000,-4307.169,-1177.283,6.437
return,342.000,-4305.297,-1177.987,6.449
return,344.000,-4303.426,-1178.693,6.460
return,346.000,-4301.556,-1179.402,6.471
return,348.000,-4299.687,-1180.114,6.482
return,350.000,-4297.817,-1180.824,6.493
return,352.000,-4295.947,-1181.534,6.504
return,354.000,-4294.077,-1182.243,6.514
return,356.000,-4292.208,-1182.954,6.524
return,358.000,-4290.339,-1183.666,6.534
return,360.000,-4288.469,-1184.376,6.545
return,362.000,-4286.599,-1185.084,6.557
return,364.000,-4284.728,-1185.790,6.568
return,366.000,-4282.857,-1186.497,6.576
return,368.000,-4280.987,-1187.207,6.582
return,370.000,-4279.118,-1187.920,6.590
return,372.000,-4277.250,-1188.632,6.600
return,374.000,-4275.380,-1189.341,6.612
return,376.000,-4273.508,-1190.045,6.625
return,378.000,-4271.634,-1190.745,6.636
return,380.000,-4269.762,-1191.448,6.646
return,382.000,-4267.891,-1192.155,6.655
return,384.000,-4266.022,-1192.867,6.665
return,386.000,-4264.154,-1193.582,6.675
return,388.000,-4262.286,-1194.297,6.684
return,390.000,-4260.418,-1195.011,6.693
return,392.000,-4258.549,-1195.723,6.701
return,394.000,-4256.679,-1196.433,6.707
return,396.000,-4254.809,-1197.140,6.711
return,398.000,-4252.938,-1197.848,6.715
return,400.000,-4251.068,-1198.557,6.722
return,402.000,-4249.198,-1199.265,6.733
return,404.000,-4247.325,-1199.968,6.739
return,406.000,-4245.453,-1200.671,6.744
return,408.000,-4243.582,-1201.377,6.747
return,410.000,-4241.712,-1202.087,6.751
return,412.000,-4239.843,-1202.799,6.753
return,414.000,-4237.974,-1203.511,6.757
return,416.000,-4236.104,-1204.221,6.763
return,418.000,-4234.234,-1204.929,6.770
return,420.000,-4232.363,-1205.637,6.774
return,422.000,-4230.493,-1206.346,6.773
return,424.000,-4228.623,-1207.054,6.775
return,426.000,-4226.751,-1207.760,6.780
return,428.000,-4224.879,-1208.464,6.785
return,430.000,-4223.008,-1209.168,6.791
return,432.000,-4221.136,-1209.874,6.798
return,434.000,-4219.265,-1210.580,6.803
return,436.000,-4217.393,-1211.285,6.805
return,438.000,-4215.522,-1211.990,6.806
return,440.000,-4213.650,-1212.696,6.808
return,442.000,-4211.780,-1213.404,6.811
return,444.000,-4209.911,-1214.116,6.814
return,446.000,-4208.043,-1214.830,6.817
return,448.000,-4206.175,-1215.546,6.819
return,450.000,-4204.308,-1216.261,6.821
return,452.000,-4202.440,-1216.976,6.823
return,454.000,-4200.571,-1217.690,6.826
return,456.000,-4198.702,-1218.402,6.829
return,458.000,-4196.832,-1219.111,6.832
return,460.000,-4194.961,-1219.817,6.834
return,462.000,-4193.089,-1220.522,6.836
return,464.000,-4191.218,-1221.228,6.835
return,466.000,-4189.348,-1221.936,6.833
return,468.000,-4187.478,-1222.645,6.830
return,470.000,-4185.607,-1223.353,6.828
return,472.000,-4183.737,-1224.061,6.830
return,474.000,-4181.867,-1224.770,6.834
return,476.000,-4179.997,-1225.481,6.841
return,478.000,-4178.127,-1226.191,6.849
return,480.000,-4176.256,-1226.897,6.854
return,482.000,-4174.384,-1227.600,6.856
return,484.000,-4172.512,-1228.305,6.854
return,486.000,-4170.643,-1229.015,6.851
return,488.000,-4168.775,-1229.731,6.846
return,490.000,-4166.908,-1230.449,6.839
return,492.000,-4165.040,-1231.163,6.831
return,494.000,-4163.171,-1231.875,6.821
return,496.000,-4161.301,-1232.584,6.812
return,498.000,-4159.430,-1233.291,6.804
return,500.000,-4157.559,-1233.997,6.800
return,502.000,-4155.688,-1234.703,6.797
return,504.000,-4153.817,-1235.411,6.796
return,506.000,-4151.947,-1236.118,6.795
return,508.000,-4150.075,-1236.824,6.794
return,510.000,-4148.203,-1237.528,6.793
return,512.000,-4146.331,-1238.231,6.791
return,514.000,-4144.460,-1238.937,6.788
return,516.000,-4142.589,-1239.646,6.783
return,518.000,-4140.719,-1240.353,6.777
return,520.000,-4138.845,-1241.054,6.770
return,522.000,-4136.969,-1241.746,6.762
return,524.000,-4135.092,-1242.435,6.755
return,526.000,-4133.216,-1243.129,6.748
return,528.000,-4131.343,-1243.831,6.741
return,530.000,-4129.474,-1244.542,6.734
return,532.000,-4127.606,-1245.256,6.728
return,534.000,-4125.737,-1245.969,6.722
return,536.000,-4123.867,-1246.678,6.717
return,538.000,-4121.996,-1247.385,6.714
return,540.000,-4120.124,-1248.090,6.711
return,542.000,-4118.254,-1248.797,6.708
return,544.000,-4116.385,-1249.511,6.701
return,546.000,-4114.521,-1250.235,6.687
return,548.000,-4112.660,-1250.967,6.666
return,550.000,-4110.800,-1251.703,6.642
return,552.000,-4108.940,-1252.436,6.620
return,554.000,-4107.076,-1253.161,6.604
return,556.000,-4105.206,-1253.872,6.592
return,558.000,-4103.332,-1254.569,6.585
return,560.000,-4101.452,-1255.253,6.580
return,562.000,-4099.568,-1255.923,6.577
return,564.000,-4097.680,-1256.582,6.573
return,566.000,-4095.788,-1257.231,6.569
return,568.000,-4093.893,-1257.872,6.563
return,570.000,-4091.996,-1258.505,6.554
return,572.000,-4090.096,-1259.130,6.544
return,574.000,-4088.194,-1259.745,6.531
return,576.000,-4086.287,-1260.349,6.517
return,578.000,-4084.376,-1260.938,6.500
return,580.000,-4082.459,-1261.508,6.481
return,582.000,-4080.537,-1262.061,6.460
return,584.000,-4078.610,-1262.597,6.439
return,586.000,-4076.680,-1263.119,6.420
return,588.000,-4074.744,-1263.624,6.403
return,590.000,-4072.805,-1264.111,6.388
return,592.000,-4070.860,-1264.579,6.371
return,594.000,-4068.912,-1265.029,6.349
return,596.000,-4066.960,-1265.464,6.329
return,598.000,-4065.004,-1265.884,6.314
return,600.000,-4063.046,-1266.290,6.304
return,602.000,-4061.085,-1266.683,6.298
return,604.000,-4059.122,-1267.065,6.291
return,606.000,-4057.157,-1267.437,6.282
return,608.000,-4055.190,-1267.798,6.271
return,610.000,-4053.221,-1268.149,6.257
return,612.000,-4051.250,-1268.490,6.243
return,614.000,-4049.278,-1268.823,6.231
return,616.000,-4047.304,-1269.145,6.222
return,618.000,-4045.328,-1269.456,6.214
return,620.000,-4043.351,-1269.756,6.205
return,622.000,-4041.372,-1270.044,6.198
return,624.000,-4039.391,-1270.319,6.192
return,626.000,-4037.408,-1270.576,6.188
return,628.000,-4035.422,-1270.812,6.184
return,630.000,-4033.433,-1271.025,6.174
return,632.000,-4031.442,-1271.218,6.158
return,634.000,-4029.450,-1271.397,6.138
return,636.000,-4027.458,-1271.566,6.119
return,638.000,-4025.464,-1271.723,6.102
return,640.000,-4023.469,-1271.865,6.086
return,642.000,-4021.473,-1271.991,6.070
return,644.000,-4019.476,-1272.096,6.054
return,646.000,-4017.478,-1272.180,6.038
return,648.000,-4015.479,-1272.245,6.019
return,650.000,-4013.480,-1272.294,5.996
return,652.000,-4011.480,-1272.331,5.972
return,654.000,-4009.480,-1272.359,5.948
return,656.000,-4007.481,-1272.382,5.926
return,658.000,-4005.481,-1272.398,5.905
return,660.000,-4003.481,-1272.409,5.886
return,662.000,-4001.481,-1272.415,5.867
return,664.000,-3999.481,-1272.415,5.851
return,666.000,-3997.481,-1272.405,5.838
return,668.000,-3995.481,-1272.385,5.824
return,670.000,-3993.482,-1272.354,5.811
return,672.000,-3991.482,-1272.313,5.797
return,674.000,-3989.483,-1272.264,5.785
return,676.000,-3987.484,-1272.205,5.776
return,678.000,-3985.485,-1272.135,5.771
return,680.000,-3983.487,-1272.050,5.768
return,682.000,-3981.489,-1271.952,5.766
return,684.000,-3979.492,-1271.840,5.763
return,686.000,-3977.496,-1271.715,5.758
return,688.000,-3975.501,-1271.575,5.748
return,690.000,-3973.507,-1271.418,5.731
return,692.000,-3971.515,-1271.242,5.708
return,694.000,-3969.525,-1271.049,5.680
return,696.000,-3967.536,-1270.841,5.654
return,698.000,-3965.548,-1270.620,5.632
return,700.000,-3963.562,-1270.389,5.614
return,702.000,-3961.576,-1270.149,5.596
return,704.000,-3959.592,-1269.901,5.573
return,706.000,-3957.608,-1269.646,5.545
return,708.000,-3955.626,-1269.379,5.519
return,710.000,-3953.646,-1269.099,5.501
return,712.000,-3951.668,-1268.807,5.490
return,714.000,-3949.690,-1268.508,5.480
return,716.000,-3947.713,-1268.209,5.464
return,718.000,-3945.734,-1267.918,5.443
return,720.000,-3943.754,-1267.636,5.421
return,722.000,-3941.774,-1267.359,5.401
return,724.000,-3939.793,-1267.083,5.381
return,726.000,-3937.813,-1266.802,5.361
return,728.000,-3935.834,-1266.515,5.339
return,730.000,-3933.855,-1266.221,5.317
return,732.000,-3931.878,-1265.924,5.299
return,734.000,-3929.899,-1265.631,5.285
return,736.000,-3927.920,-1265.343,5.271
return,738.000,-3925.940,-1265.061,5.258
return,740.000,-3923.960,-1264.782,5.241
return,742.000,-3921.979,-1264.503,5.222
return,744.000,-3919.999,-1264.225,5.201
return,746.000,-3918.019,-1263.947,5.179
return,748.000,-3916.038,-1263.667,5.158
return,750.000,-3914.058,-1263.385,5.138
return,752.000,-3912.079,-1263.100,5.117
return,754.000,-3910.100,-1262.812,5.096
return,756.000,-3908.121,-1262.524,5.077
return,758.000,-3906.142,-1262.236,5.059
return,760.000,-3904.162,-1261.951,5.041
return,762.000,-3902.183,-1261.665,5.023
return,764.000,-3900.204,-1261.376,5.005
return,766.000,-3898.225,-1261.088,4.988
return,768.000,-3896.245,-1260.804,4.971
return,770.000,-3894.265,-1260.526,4.953
return,772.000,-3892.284,-1260.252,4.936
return,774.000,-3890.303,-1259.976,4.921
return,776.000,-3888.323,-1259.696,4.908
return,778.000,-3886.343,-1259.411,4.895
return,780.000,-3884.364,-1259.121,4.883
return,782.000,-3882.386,-1258.828,4.871
return,784.000,-3880.408,-1258.533,4.860
return,786.000,-3878.429,-1258.241,4.850
return,788.000,-3876.450,-1257.952,4.838
return,790.000,-3874.470,-1257.669,4.822
return,792.000,-3872.490,-1257.392,4.802
return,794.000,-3870.509,-1257.117,4.780
return,796.000,-3868.528,-1256.840,4.760
return,798.000,-3866.548,-1256.559,4.743
return,800.000,-3864.568,-1256.277,4.730
return,802.000,-3862.589,-1255.993,4.718
return,804.000,-3860.609,-1255.706,4.704
return,806.000,-3858.630,-1255.418,4.690
return,808.000,-3856.651,-1255.130,4.676
return,810.000,-3854.672,-1254.845,4.662
return,812.000,-3852.692,-1254.563,4.647
return,814.000,-3850.711,-1254.283,4.630
return,816.000,-3848.731,-1254.005,4.611
return,818.000,-3846.750,-1253.729,4.593
return,820.000,-3844.769,-1253.453,4.577
return,822.000,-3842.789,-1253.173,4.560
return,824.000,-3840.810,-1252.888,4.541
return,826.000,-3838.831,-1252.599,4.520
return,828.000,-3836.852,-1252.309,4.499
return,830.000,-3834.873,-1252.021,4.481
return,832.000,-3832.893,-1251.738,4.465
return,834.000,-3830.913,-1251.459,4.451
return,836.000,-3828.932,-1251.179,4.435
return,838.000,-3826.952,-1250.897,4.416
return,840.000,-3824.973,-1250.615,4.396
return,842.000,-3822.993,-1250.333,4.376
return,844.000,-3821.012,-1250.053,4.358
return,846.000,-3819.032,-1249.775,4.341
return,848.000,-3817.051,-1249.496,4.323
return,850.000,-3815.071,-1249.217,4.305
return,852.000,-3813.091,-1248.934,4.286
return,854.000,-3811.112,-1248.650,4.267
return,856.000,-3809.132,-1248.364,4.252
return,858.000,-3807.153,-1248.078,4.239
return,860.000,-3805.173,-1247.793,4.229
return,862.000,-3803.194,-1247.509,4.219
return,864.000,-3801.214,-1247.224,4.206
return,866.000,-3799.234,-1246.941,4.191
return,868.000,-3797.254,-1246.659,4.178
return,870.000,-3795.274,-1246.377,4.168
return,872.000,-3793.295,-1246.093,4.160
return,874.000,-3791.315,-1245.807,4.152
return,876.000,-3789.336,-1245.522,4.140
return,878.000,-3787.356,-1245.240,4.124
return,880.000,-3785.375,-1244.960,4.106
return,882.000,-3783.395,-1244.680,4.090
return,884.000,-3781.415,-1244.403,4.077
return,886.000,-3779.434,-1244.126,4.067
return,888.000,-3777.454,-1243.843,4.057
return,890.000,-3775.475,-1243.552,4.047
return,892.000,-3773.498,-1243.255,4.035
return,894.000,-3771.519,-1242.960,4.023
return,896.000,-3769.540,-1242.673,4.014
return,898.000,-3767.559,-1242.396,4.006
return,900.000,-3765.578,-1242.124,3.998
return,902.000,-3763.597,-1241.852,3.988
return,904.000,-3761.616,-1241.577,3.975
return,906.000,-3759.636,-1241.295,3.961
return,908.000,-3757.657,-1241.006,3.947
return,910.000,-3755.678,-1240.714,3.934
return,912.000,-3753.700,-1240.422,3.923
return,914.000,-3751.721,-1240.133,3.911
return,916.000,-3749.741,-1239.849,3.899
return,918.000,-3747.761,-1239.567,3.888
return,920.000,-3745.781,-1239.284,3.880
return,922.000,-3743.802,-1238.997,3.874
return,924.000,-3741.823,-1238.707,3.869
return,926.000,-3739.844,-1238.416,3.862
return,928.000,-3737.865,-1238.131,3.853
return,930.000,-3735.884,-1237.852,3.842
return,932.000,-3733.904,-1237.576,3.830
return,934.000,-3731.923,-1237.296,3.816
return,936.000,-3729.944,-1237.010,3.801
return,938.000,-3727.965,-1236.718,3.787
return,940.000,-3725.987,-1236.423,3.773
return,942.000,-3724.009,-1236.132,3.761
return,944.000,-3722.029,-1235.849,3.748
return,946.000,-3720.048,-1235.574,3.735
return,948.000,-3718.066,-1235.302,3.723
return,950.000,-3716.085,-1235.027,3.712
return,952.000,-3714.105,-1234.746,3.705
return,954.000,-3712.126,-1234.459,3.699
return,956.000,-3710.147,-1234.167,3.691
return,958.000,-3708.169,-1233.874,3.681
return,960.000,-3706.190,-1233.583,3.669
return,962.000,-3704.211,-1233.297,3.658
return,964.000,-3702.231,-1233.018,3.648
return,966.000,-3700.250,-1232.743,3.640
return,968.000,-3698.269,-1232.468,3.631
return,970.000,-3696.288,-1232.193,3.622
return,972.000,-3694.307,-1231.916,3.611
return,974.000,-3692.327,-1231.636,3.597
return,976.000,-3690.347,-1231.354,3.582
return,978.000,-3688.368,-1231.066,3.566
return,980.000,-3686.389,-1230.776,3.550
return,982.000,-3684.410,-1230.485,3.535
return,984.000,-3682.431,-1230.195,3.522
return,986.000,-3680.452,-1229.911,3.510
return,988.000,-3678.471,-1229.634,3.501
return,990.000,-3676.490,-1229.360,3.491
return,992.000,-3674.509,-1229.082,3.480
return,994.000,-3672.530,-1228.795,3.467
return,996.000,-3670.552,-1228.500,3.454
return,998.000,-3668.575,-1228.200,3.441
return,1000.000,-3666.597,-1227.902,3.430
return,1002.000,-3664.618,-1227.610,3.421
return,1004.000,-3662.639,-1227.325,3.411
return,1006.000,-3660.658,-1227.045,3.403
return,1008.000,-3658.678,-1226.764,3.394
return,1010.000,-3656.699,-1226.478,3.386
return,1012.000,-3654.720,-1226.187,3.377
return,1014.000,-3652.742,-1225.893,3.369
return,1016.000,-3650.764,-1225.600,3.360
return,1018.000,-3648.785,-1225.309,3.351
return,1020.000,-3646.806,-1225.022,3.342
return,1022.000,-3644.826,-1224.736,3.333
return,1024.000,-3642.847,-1224.447,3.326
return,1026.000,-3640.869,-1224.156,3.320
return,1028.000,-3638.890,-1223.865,3.313
return,1030.000,-3636.911,-1223.578,3.305
return,1032.000,-3634.931,-1223.295,3.298
return,1034.000,-3632.950,-1223.015,3.292
return,1036.000,-3630.970,-1222.733,3.286
return,1038.000,-3628.991,-1222.449,3.280
return,1040.000,-3627.011,-1222.162,3.274
return,1042.000,-3625.032,-1221.875,3.268
return,1044.000,-3623.053,-1221.589,3.261
return,1046.000,-3621.074,-1221.301,3.253
return,1048.000,-3619.095,-1221.009,3.244
return,1050.000,-3617.116,-1220.717,3.234
return,1052.000,-3615.138,-1220.426,3.225
return,1054.000,-3613.158,-1220.139,3.217
return,1056.000,-3611.178,-1219.857,3.213
return,1058.000,-3609.198,-1219.579,3.208
return,1060.000,-3607.217,-1219.306,3.203
return,1062.000,-3605.235,-1219.035,3.197
return,1064.000,-3603.254,-1218.762,3.191
return,1066.000,-3601.273,-1218.482,3.186
return,1068.000,-3599.295,-1218.192,3.180
return,1070.000,-3597.317,-1217.892,3.173
return,1072.000,-3595.342,-1217.581,3.162
return,1074.000,-3593.369,-1217.253,3.150
return,1076.000,-3591.400,-1216.903,3.140
return,1078.000,-3589.435,-1216.526,3.132
return,1080.000,-3587.477,-1216.122,3.128
return,1082.000,-3585.525,-1215.686,3.126
return,1084.000,-3583.579,-1215.222,3.125
return,1086.000,-3581.640,-1214.732,3.123
return,1088.000,-3579.707,-1214.219,3.121
return,1090.000,-3577.780,-1213.686,3.117
return,1092.000,-3575.857,-1213.135,3.113
return,1094.000,-3573.940,-1212.566,3.108
return,1096.000,-3572.028,-1211.979,3.101
return,1098.000,-3570.123,-1211.370,3.091
return,1100.000,-3568.225,-1210.740,3.081
return,1102.000,-3566.334,-1210.087,3.073
return,1104.000,-3564.453,-1209.407,3.068
return,1106.000,-3562.584,-1208.695,3.064
return,1108.000,-3560.727,-1207.953,3.061
return,1110.000,-3558.881,-1207.184,3.056
return,1112.000,-3557.044,-1206.392,3.048
return,1114.000,-3555.218,-1205.578,3.038
return,1116.000,-3553.403,-1204.736,3.030
return,1118.000,-3551.603,-1203.864,3.026
return,1120.000,-3549.820,-1202.960,3.024
return,1122.000,-3548.049,-1202.030,3.020
return,1124.000,-3546.288,-1201.082,3.013
return,1126.000,-3544.537,-1200.116,3.003
return,1128.000,-3542.797,-1199.129,2.995
return,1130.000,-3541.069,-1198.122,2.991
return,1132.000,-3539.353,-1197.095,2.991
return,1134.000,-3537.645,-1196.054,2.995
return,1136.000,-3535.946,-1195.000,2.998
return,1138.000,-3534.253,-1193.935,2.998
return,1140.000,-3532.567,-1192.858,2.994
return,1142.000,-3530.889,-1191.771,2.988
return,1144.000,-3529.219,-1190.671,2.980
return,1146.000,-3527.557,-1189.557,2.970
return,1148.000,-3525.905,-1188.430,2.959
return,1150.000,-3524.264,-1187.287,2.946
return,1152.000,-3522.638,-1186.123,2.932
return,1154.000,-3521.029,-1184.935,2.923
return,1156.000,-3519.440,-1183.720,2.920
return,1158.000,-3517.870,-1182.481,2.920
return,1160.000,-3516.319,-1181.219,2.919
return,1162.000,-3514.782,-1179.939,2.918
return,1164.000,-3513.257,-1178.645,2.919
return,1166.000,-3511.738,-1177.344,2.919
return,1168.000,-3510.223,-1176.038,2.917
return,1170.000,-3508.714,-1174.725,2.915
return,1172.000,-3507.213,-1173.404,2.912
return,1174.000,-3505.721,-1172.072,2.909
return,1176.000,-3504.241,-1170.727,2.904
return,1178.000,-3502.774,-1169.368,2.899
return,1180.000,-3501.325,-1167.989,2.896
return,1182.000,-3499.898,-1166.588,2.895
return,1184.000,-3498.493,-1165.164,2.894
return,1186.000,-3497.110,-1163.720,2.891
return,1188.000,-3495.743,-1162.260,2.886
return,1190.000,-3494.393,-1160.784,2.880
return,1192.000,-3493.060,-1159.293,2.874
return,1194.000,-3491.742,-1157.789,2.868
return,1196.000,-3490.437,-1156.273,2.863
return,1198.000,-3489.143,-1154.748,2.862
return,1200.000,-3487.860,-1153.214,2.865
return,1202.000,-3486.589,-1151.670,2.870
return,1204.000,-3485.332,-1150.114,2.871
return,1206.000,-3484.095,-1148.543,2.868
return,1208.000,-3482.880,-1146.954,2.863
return,1210.000,-3481.692,-1145.345,2.858
return,1212.000,-3480.532,-1143.716,2.854
return,1214.000,-3479.403,-1142.065,2.849
return,1216.000,-3478.308,-1140.391,2.843
return,1218.000,-3477.250,-1138.694,2.837
return,1220.000,-3476.227,-1136.976,2.834
return,1222.000,-3475.236,-1135.239,2.829
return,1224.000,-3474.269,-1133.488,2.822
return,1226.000,-3473.323,-1131.726,2.814
return,1228.000,-3472.399,-1129.952,2.806
return,1230.000,-3471.498,-1128.166,2.799
return,1232.000,-3470.626,-1126.366,2.793
return,1234.000,-3469.787,-1124.551,2.787
return,1236.000,-3468.979,-1122.721,2.779
return,1238.000,-3468.197,-1120.881,2.769
return,1240.000,-3467.433,-1119.032,2.760
return,1242.000,-3466.686,-1117.177,2.753
return,1244.000,-3465.956,-1115.315,2.749
return,1246.000,-3465.238,-1113.449,2.747
return,1248.000,-3464.524,-1111.581,2.745
return,1250.000,-3463.804,-1109.715,2.741
return,1252.000,-3463.077,-1107.851,2.735
return,1254.000,-3462.346,-1105.990,2.726
return,1256.000,-3461.615,-1104.128,2.718
return,1258.000,-3460.887,-1102.265,2.711
return,1260.000,-3460.162,-1100.401,2.705
return,1262.000,-3459.438,-1098.537,2.701
return,1264.000,-3458.713,-1096.673,2.696
return,1266.000,-3457.985,-1094.810,2.690
return,1268.000,-3457.256,-1092.948,2.683
return,1270.000,-3456.528,-1091.085,2.674
return,1272.000,-3455.798,-1089.223,2.663
return,1274.000,-3455.067,-1087.361,2.653
return,1276.000,-3454.335,-1085.500,2.641
return,1278.000,-3453.602,-1083.639,2.628
return,1280.000,-3452.870,-1081.778,2.615
return,1282.000,-3452.140,-1079.916,2.604
return,1284.000,-3451.412,-1078.054,2.595
return,1286.000,-3450.685,-1076.190,2.588
return,1288.000,-3449.957,-1074.327,2.583
return,1290.000,-3449.230,-1072.464,2.574
return,1292.000,-3448.506,-1070.600,2.563
return,1294.000,-3447.782,-1068.736,2.555
return,1296.000,-3447.059,-1066.871,2.548
return,1298.000,-3446.335,-1065.007,2.540
return,1300.000,-3445.607,-1063.144,2.529
return,1302.000,-3444.876,-1061.282,2.516
return,1304.000,-3444.144,-1059.421,2.503
return,1306.000,-3443.413,-1057.560,2.491
return,1308.000,-3442.685,-1055.697,2.481
return,1310.000,-3441.957,-1053.834,2.474
return,1312.000,-3441.229,-1051.971,2.469
return,1314.000,-3440.500,-1050.109,2.466
return,1316.000,-3439.770,-1048.247,2.460
return,1318.000,-3439.042,-1046.384,2.451
return,1320.000,-3438.316,-1044.520,2.439
return,1322.000,-3437.591,-1042.657,2.428
return,1324.000,-3436.863,-1040.794,2.418
return,1326.000,-3436.132,-1038.932,2.408
return,1328.000,-3435.400,-1037.071,2.400
return,1330.000,-3434.672,-1035.208,2.389
return,1332.000,-3433.946,-1033.345,2.377
return,1334.000,-3433.220,-1031.481,2.366
return,1336.000,-3432.490,-1029.619,2.356
return,1338.000,-3431.759,-1027.758,2.345
return,1340.000,-3431.030,-1025.895,2.334
return,1342.000,-3430.304,-1024.032,2.324
return,1344.000,-3429.579,-1022.168,2.313
return,1346.000,-3428.853,-1020.304,2.302
return,1348.000,-3428.123,-1018.442,2.292
return,1350.000,-3427.392,-1016.581,2.284
return,1352.000,-3426.662,-1014.718,2.276
return,1354.000,-3425.934,-1012.856,2.267
return,1356.000,-3425.209,-1010.992,2.257
return,1358.000,-3424.485,-1009.128,2.250
return,1360.000,-3423.758,-1007.264,2.243
return,1362.000,-3423.030,-1005.402,2.237
return,1364.000,-3422.298,-1003.540,2.229
return,1366.000,-3421.565,-1001.679,2.219
return,1368.000,-3420.833,-999.818,2.207
return,1370.000,-3420.104,-997.956,2.195
return,1372.000,-3419.375,-996.093,2.183
return,1374.000,-3418.648,-994.230,2.174
return,1376.000,-3417.921,-992.367,2.165
return,1378.000,-3417.193,-990.504,2.157
return,1380.000,-3416.465,-988.642,2.150
return,1382.000,-3415.737,-986.779,2.145
return,1384.000,-3415.009,-984.916,2.141
return,1386.000,-3414.280,-983.054,2.138
return,1388.000,-3413.550,-981.192,2.136
return,1390.000,-3412.823,-979.329,2.134
return,1392.000,-3412.099,-977.464,2.130
return,1394.000,-3411.376,-975.600,2.124
return,1396.000,-3410.650,-973.736,2.116
return,1398.000,-3409.921,-971.873,2.110
return,1400.000,-3409.191,-970.011,2.106
return,1402.000,-3408.461,-968.149,2.101
return,1404.000,-3407.731,-966.287,2.094
return,1406.000,-3407.000,-964.426,2.086
return,1408.000,-3406.268,-962.565,2.077
return,1410.000,-3405.539,-960.702,2.071
return,1412.000,-3404.815,-958.838,2.066
return,1414.000,-3404.095,-956.972,2.060
return,1416.000,-3403.374,-955.106,2.052
return,1418.000,-3402.649,-953.242,2.043
return,1420.000,-3401.921,-951.380,2.035
return,1422.000,-3401.193,-949.517,2.027
return,1424.000,-3400.467,-947.653,2.018
return,1426.000,-3399.742,-945.790,2.006
return,1428.000,-3399.016,-943.926,1.989
return,1430.000,-3398.289,-942.063,1.972
return,1432.000,-3397.562,-940.200,1.956
return,1434.000,-3396.836,-938.336,1.942
return,1436.000,-3396.112,-936.472,1.928
return,1438.000,-3395.388,-934.608,1.913
return,1440.000,-3394.665,-932.743,1.895
return,1442.000,-3393.942,-930.879,1.874
return,1444.000,-3393.218,-929.014,1.853
return,1446.000,-3392.495,-927.149,1.834
return,1448.000,-3391.772,-925.285,1.818
return,1450.000,-3391.046,-923.421,1.804
return,1452.000,-3390.318,-921.558,1.794
return,1454.000,-3389.591,-919.696,1.783
return,1456.000,-3388.862,-917.833,1.768
return,1458.000,-3388.132,-915.971,1.746
return,1460.000,-3387.399,-914.110,1.718
return,1462.000,-3386.665,-912.250,1.686
return,1464.000,-3385.933,-910.389,1.653
return,1466.000,-3385.204,-908.527,1.620
return,1468.000,-3384.478,-906.664,1.588
return,1470.000,-3383.757,-904.799,1.556
return,1472.000,-3383.038,-902.933,1.527
return,1474.000,-3382.318,-901.067,1.498
return,1476.000,-3381.593,-899.203,1.468
return,1478.000,-3380.864,-897.341,1.433
return,1480.000,-3380.132,-895.480,1.394
return,1482.000,-3379.399,-893.620,1.355
return,1484.000,-3378.666,-891.759,1.320
return,1486.000,-3377.937,-889.897,1.288
return,1488.000,-3377.213,-888.033,1.253
return,1490.000,-3376.493,-886.168,1.215
return,1492.000,-3375.775,-884.302,1.172
return,1494.000,-3375.057,-882.436,1.128
return,1496.000,-3374.336,-880.570,1.083
return,1498.000,-3373.614,-878.706,1.036
return,1500.000,-3372.890,-876.842,0.990
return,1502.000,-3372.164,-874.979,0.946
return,1504.000,-3371.436,-873.117,0.904
return,1506.000,-3370.709,-871.254,0.861
return,1508.000,-3369.984,-869.391,0.818
return,1510.000,-3369.263,-867.526,0.777
return,1512.000,-3368.546,-865.659,0.737
return,1514.000,-3367.831,-863.792,0.698
return,1516.000,-3367.115,-861.925,0.658
return,1518.000,-3366.395,-860.059,0.614
return,1520.000,-3365.672,-858.195,0.567
return,1522.000,-3364.947,-856.332,0.520
return,1524.000,-3364.220,-854.469,0.475
return,1526.000,-3363.493,-852.606,0.429
return,1528.000,-3362.765,-850.744,0.383
return,1530.000,-3362.041,-848.880,0.334
return,1532.000,-3361.322,-847.015,0.281
return,1534.000,-3360.605,-845.149,0.224
return,1536.000,-3359.888,-843.283,0.165
return,1538.000,-3359.166,-841.418,0.108
return,1540.000,-3358.439,-839.556,0.058
return,1542.000,-3357.712,-837.693,0.012
return,1544.000,-3356.987,-835.830,-0.035
return,1546.000,-3356.265,-833.965,-0.085
return,1548.000,-3355.548,-832.099,-0.136
return,1550.000,-3354.834,-830.231,-0.185
return,1552.000,-3354.120,-828.363,-0.230
return,1554.000,-3353.403,-826.497,-0.272
return,1556.000,-3352.680,-824.633,-0.315
return,1558.000,-3351.957,-822.769,-0.364
return,1560.000,-3351.237,-820.904,-0.418
return,1562.000,-3350.520,-819.038,-0.473
return,1564.000,-3349.807,-817.170,-0.528
return,1566.000,-3349.098,-815.300,-0.581
return,1568.000,-3348.391,-813.430,-0.636
return,1570.000,-3347.681,-811.561,-0.695
return,1572.000,-3346.965,-809.695,-0.757
return,1574.000,-3346.244,-807.831,-0.820
return,1576.000,-3345.520,-805.967,-0.884
return,1578.000,-3344.799,-804.103,-0.950
return,1580.000,-3344.082,-802.237,-1.015
return,1582.000,-3343.370,-800.369,-1.077
return,1584.000,-3342.660,-798.500,-1.139
return,1586.000,-3341.949,-796.632,-1.203
return,1588.000,-3341.234,-794.765,-1.267
return,1590.000,-3340.516,-792.900,-1.331
return,1592.000,-3339.799,-791.034,-1.393
return,1594.000,-3339.082,-789.168,-1.456
return,1596.000,-3338.365,-787.302,-1.518
return,1598.000,-3337.644,-785.437,-1.582
return,1600.000,-3336.921,-783.574,-1.647
return,1602.000,-3336.196,-781.711,-1.712
return,1604.000,-3335.473,-779.847,-1.776
return,1606.000,-3334.753,-777.982,-1.842
return,1608.000,-3334.037,-776.116,-1.910
return,1610.000,-3333.324,-774.249,-1.980
return,1612.000,-3332.609,-772.383,-2.054
return,1614.000,-3331.891,-770.517,-2.131
return,1616.000,-3331.171,-768.653,-2.209
return,1618.000,-3330.451,-766.789,-2.284
return,1620.000,-3329.735,-764.923,-2.358
return,1622.000,-3329.023,-763.055,-2.433
return,1624.000,-3328.313,-761.187,-2.510
return,1626.000,-3327.601,-759.320,-2.586
return,1628.000,-3326.882,-757.455,-2.662
return,1630.000,-3326.159,-755.592,-2.738
return,1632.000,-3325.435,-753.729,-2.815
return,1634.000,-3324.717,-751.864,-2.892
return,1636.000,-3324.003,-749.997,-2.967
return,1638.000,-3323.292,-748.129,-3.042
return,1640.000,-3322.582,-746.261,-3.119
return,1642.000,-3321.870,-744.394,-3.199
return,1644.000,-3321.156,-742.528,-3.281
return,1646.000,-3320.440,-740.662,-3.364
return,1648.000,-3319.723,-738.797,-3.446
return,1650.000,-3319.006,-736.931,-3.524
return,1652.000,-3318.290,-735.066,-3.600
return,1654.000,-3317.575,-733.199,-3.677
return,1656.000,-3316.865,-731.331,-3.758
return,1658.000,-3316.159,-729.462,-3.843
return,1660.000,-3315.456,-727.592,-3.929
return,1662.000,-3314.750,-725.722,-4.015
return,1664.000,-3314.040,-723.854,-4.099
return,1666.000,-3313.327,-721.988,-4.181
return,1668.000,-3312.614,-720.121,-4.263
return,1670.000,-3311.902,-718.254,-4.342
return,1672.000,-3311.191,-716.386,-4.416
return,1674.000,-3310.480,-714.518,-4.488
return,1676.000,-3309.770,-712.649,-4.563
return,1678.000,-3309.061,-710.781,-4.643
return,1680.000,-3308.350,-708.914,-4.728
return,1682.000,-3307.637,-707.047,-4.812
return,1684.000,-3306.925,-705.180,-4.892
return,1686.000,-3306.216,-703.311,-4.968
return,1688.000,-3305.509,-701.442,-5.044
return,1690.000,-3304.802,-699.573,-5.121
return,1692.000,-3304.092,-697.705,-5.200
return,1694.000,-3303.379,-695.837,-5.279
return,1696.000,-3302.666,-693.971,-5.356
return,1698.000,-3301.952,-692.104,-5.431
return,1700.000,-3301.238,-690.237,-5.504
return,1702.000,-3300.524,-688.370,-5.578
return,1704.000,-3299.811,-686.503,-5.652
return,1706.000,-3299.099,-684.636,-5.728
return,1708.000,-3298.388,-682.768,-5.806
return,1710.000,-3297.677,-680.900,-5.884
return,1712.000,-3296.965,-679.033,-5.961
return,1714.000,-3296.252,-677.166,-6.037
return,1716.000,-3295.539,-675.299,-6.112
return,1718.000,-3294.828,-673.431,-6.187
return,1720.000,-3294.118,-671.562,-6.261
return,1722.000,-3293.410,-669.694,-6.332
return,1724.000,-3292.701,-667.825,-6.403
return,1726.000,-3291.990,-665.957,-6.476
return,1728.000,-3291.279,-664.089,-6.549
return,1730.000,-3290.567,-662.221,-6.624
return,1732.000,-3289.856,-660.354,-6.697
return,1734.000,-3289.144,-658.486,-6.768
return,1736.000,-3288.432,-656.618,-6.836
return,1738.000,-3287.723,-654.749,-6.903
return,1740.000,-3287.017,-652.879,-6.972
return,1742.000,-3286.310,-651.010,-7.042
return,1744.000,-3285.599,-649.142,-7.113
return,1746.000,-3284.883,-647.275,-7.182
return,1748.000,-3284.166,-645.410,-7.247
return,1750.000,-3283.452,-643.543,-7.311
return,1752.000,-3282.739,-641.675,-7.377
return,1754.000,-3282.028,-639.807,-7.447
return,1756.000,-3281.319,-637.939,-7.520
return,1758.000,-3280.609,-636.070,-7.593
return,1760.000,-3279.898,-634.202,-7.664
return,1762.000,-3279.184,-632.335,-7.734
return,1764.000,-3278.470,-630.468,-7.806
return,1766.000,-3277.758,-628.601,-7.877
return,1768.000,-3277.050,-626.731,-7.946
return,1770.000,-3276.345,-624.861,-8.012
return,1772.000,-3275.638,-622.991,-8.077
return,1774.000,-3274.929,-621.122,-8.141
return,1776.000,-3274.216,-619.255,-8.206
return,1778.000,-3273.504,-617.387,-8.272
return,1780.000,-3272.791,-615.520,-8.338
return,1782.000,-3272.079,-613.652,-8.404
return,1784.000,-3271.368,-611.784,-8.469
return,1786.000,-3270.659,-609.915,-8.536
return,1788.000,-3269.954,-608.044,-8.608
return,1790.000,-3269.253,-606.173,-8.684
return,1792.000,-3268.548,-604.303,-8.760
return,1794.000,-3267.839,-602.434,-8.831
return,1796.000,-3267.130,-600.565,-8.896
return,1798.000,-3266.422,-598.695,-8.959
return,1800.000,-3265.712,-596.827,-9.023
return,1802.000,-3264.990,-594.963,-9.095
return,1804.000,-3264.257,-593.104,-9.171
return,1806.000,-3263.520,-591.246,-9.244
return,1808.000,-3262.782,-589.389,-9.310
return,1810.000,-3262.042,-587.531,-9.373
return,1812.000,-3261.303,-585.674,-9.437
return,1814.000,-3260.567,-583.815,-9.502
return,1816.000,-3259.835,-581.955,-9.567
return,1818.000,-3259.107,-580.094,-9.629
return,1820.000,-3258.384,-578.230,-9.688
return,1822.000,-3257.671,-576.362,-9.746
return,1824.000,-3256.969,-574.490,-9.802
return,1826.000,-3256.270,-572.617,-9.850
return,1828.000,-3255.562,-570.747,-9.884
return,1830.000,-3254.826,-568.887,-9.905
return,1832.000,-3254.039,-567.049,-9.919
return,1834.000,-3253.188,-565.240,-9.935
return,1836.000,-3252.265,-563.466,-9.958
return,1838.000,-3251.271,-561.731,-9.986
return,1840.000,-3250.206,-560.038,-10.014
return,1842.000,-3249.067,-558.395,-10.034
return,1844.000,-3247.845,-556.812,-10.042
return,1846.000,-3246.536,-555.300,-10.040
return,1848.000,-3245.149,-553.861,-10.036
return,1850.000,-3243.698,-552.484,-10.036
return,1852.000,-3242.209,-551.149,-10.041
return,1854.000,-3240.703,-549.833,-10.051
return,1856.000,-3239.194,-548.521,-10.065
return,1858.000,-3237.678,-547.216,-10.083
return,1860.000,-3236.147,-545.929,-10.105
return,1862.000,-3234.587,-544.679,-10.132
return,1864.000,-3232.983,-543.484,-10.165
return,1866.000,-3231.324,-542.369,-10.205
return,1868.000,-3229.602,-541.354,-10.249
return,1870.000,-3227.820,-540.448,-10.294
return,1872.000,-3225.988,-539.648,-10.340
return,1874.000,-3224.117,-538.944,-10.383
return,1876.000,-3222.213,-538.333,-10.424
return,1878.000,-3220.282,-537.819,-10.462
return,1880.000,-3218.326,-537.403,-10.500
return,1882.000,-3216.353,-537.080,-10.537
return,1884.000,-3214.368,-536.838,-10.575
return,1886.000,-3212.376,-536.672,-10.615
return,1888.000,-3210.379,-536.582,-10.659
return,1890.000,-3208.380,-536.575,-10.705
return,1892.000,-3206.382,-536.649,-10.751
return,1894.000,-3204.388,-536.803,-10.798
return,1896.000,-3202.403,-537.037,-10.843
return,1898.000,-3200.429,-537.356,-10.890
return,1900.000,-3198.470,-537.754,-10.939
return,1902.000,-3196.523,-538.208,-10.990
return,1904.000,-3194.582,-538.689,-11.038
return,1906.000,-3192.643,-539.175,-11.079
return,1908.000,-3190.703,-539.660,-11.112
return,1910.000,-3188.763,-540.144,-11.140
return,1912.000,-3186.821,-540.625,-11.167
return,1914.000,-3184.879,-541.100,-11.195
return,1916.000,-3182.935,-541.570,-11.224
return,1918.000,-3180.991,-542.040,-11.251
return,1920.000,-3179.048,-542.514,-11.275
return,1922.000,-3177.107,-542.994,-11.295
return,1924.000,-3175.166,-543.477,-11.315
return,1926.000,-3173.226,-543.963,-11.332
return,1928.000,-3171.286,-544.447,-11.348
return,1930.000,-3169.344,-544.924,-11.362
return,1932.000,-3167.399,-545.393,-11.377
return,1934.000,-3165.454,-545.857,-11.392
return,1936.000,-3163.509,-546.325,-11.410
return,1938.000,-3161.567,-546.800,-11.427
return,1940.000,-3159.626,-547.282,-11.445
return,1942.000,-3157.685,-547.765,-11.462
return,1944.000,-3155.745,-548.249,-11.481
return,1946.000,-3153.804,-548.732,-11.503
return,1948.000,-3151.863,-549.214,-11.528
return,1950.000,-3149.922,-549.693,-11.554
return,1952.000,-3147.980,-550.172,-11.579
return,1954.000,-3146.038,-550.650,-11.601
return,1956.000,-3144.096,-551.128,-11.622
return,1958.000,-3142.153,-551.602,-11.645
return,1960.000,-3140.210,-552.073,-11.669
return,1962.000,-3138.266,-552.544,-11.694
return,1964.000,-3136.324,-553.020,-11.716
return,1966.000,-3134.382,-553.500,-11.734
return,1968.000,-3132.440,-553.979,-11.751
return,1970.000,-3130.498,-554.456,-11.771
return,1972.000,-3128.557,-554.938,-11.797
return,1974.000,-3126.618,-555.424,-11.829
return,1976.000,-3124.678,-555.909,-11.861
return,1978.000,-3122.737,-556.390,-11.888
return,1980.000,-3120.796,-556.872,-11.911
return,1982.000,-3118.855,-557.356,-11.935
return,1984.000,-3116.915,-557.840,-11.962
return,1986.000,-3114.974,-558.322,-11.990
return,1988.000,-3113.033,-558.802,-12.016
return,1990.000,-3111.091,-559.280,-12.041
return,1992.000,-3109.148,-559.756,-12.067
return,1994.000,-3107.206,-560.233,-12.093
return,1996.000,-3105.265,-560.713,-12.122
return,1998.000,-3103.324,-561.194,-12.150
return,2000.000,-3101.383,-561.674,-12.176
return,2002.000,-3099.441,-562.153,-12.200
return,2004.000,-3097.499,-562.630,-12.223
return,2006.000,-3095.556,-563.107,-12.246
return,2008.000,-3093.614,-563.585,-12.271
return,2010.000,-3091.673,-564.064,-12.299
return,2012.000,-3089.732,-564.546,-12.326
return,2014.000,-3087.791,-565.029,-12.348
return,2016.000,-3085.850,-565.511,-12.365
return,2018.000,-3083.909,-565.990,-12.378
return,2020.000,-3081.966,-566.466,-12.393
return,2022.000,-3080.024,-566.943,-12.414
return,2024.000,-3078.083,-567.424,-12.439
return,2026.000,-3076.143,-567.911,-12.463
return,2028.000,-3074.204,-568.398,-12.484
return,2030.000,-3072.262,-568.879,-12.502
return,2032.000,-3070.319,-569.352,-12.520
return,2034.000,-3068.375,-569.823,-12.540
return,2036.000,-3066.432,-570.294,-12.565
return,2038.000,-3064.490,-570.770,-12.593
return,2040.000,-3062.548,-571.249,-12.620
return,2042.000,-3060.607,-571.732,-12.646
return,2044.000,-3058.667,-572.217,-12.671
return,2046.000,-3056.727,-572.703,-12.694
return,2048.000,-3054.787,-573.188,-12.717
return,2050.000,-3052.847,-573.671,-12.740
return,2052.000,-3050.905,-574.152,-12.760
return,2054.000,-3048.964,-574.632,-12.779
return,2056.000,-3047.022,-575.109,-12.796
return,2058.000,-3045.079,-575.583,-12.812
return,2060.000,-3043.135,-576.053,-12.830
return,2062.000,-3041.190,-576.520,-12.849
return,2064.000,-3039.246,-576.987,-12.867
return,2066.000,-3037.302,-577.458,-12.884
return,2068.000,-3035.360,-577.936,-12.902
return,2070.000,-3033.419,-578.418,-12.921
return,2072.000,-3031.479,-578.903,-12.943
return,2074.000,-3029.538,-579.387,-12.967
return,2076.000,-3027.597,-579.868,-12.992
return,2078.000,-3025.655,-580.344,-13.017
return,2080.000,-3023.711,-580.813,-13.040
return,2082.000,-3021.766,-581.279,-13.062
return,2084.000,-3019.822,-581.751,-13.082
return,2086.000,-3017.881,-582.230,-13.101
return,2088.000,-3015.940,-582.714,-13.121
return,2090.000,-3013.999,-583.195,-13.139
return,2092.000,-3012.057,-583.672,-13.152
return,2094.000,-3010.115,-584.148,-13.164
return,2096.000,-3008.173,-584.627,-13.181
return,2098.000,-3006.231,-585.106,-13.204
return,2100.000,-3004.290,-585.585,-13.231
return,2102.000,-3002.348,-586.064,-13.257
return,2104.000,-3000.407,-586.544,-13.282
return,2106.000,-2998.465,-587.025,-13.306
return,2108.000,-2996.524,-587.507,-13.330
return,2110.000,-2994.583,-587.988,-13.354
return,2112.000,-2992.641,-588.466,-13.374
return,2114.000,-2990.699,-588.943,-13.392
return,2116.000,-2988.757,-589.422,-13.409
return,2118.000,-2986.816,-589.904,-13.427
return,2120.000,-2984.876,-590.387,-13.447
return,2122.000,-2982.935,-590.868,-13.470
return,2124.000,-2980.993,-591.347,-13.497
return,2126.000,-2979.051,-591.826,-13.522
return,2128.000,-2977.110,-592.305,-13.542
return,2130.000,-2975.166,-592.777,-13.555
return,2132.000,-2973.221,-593.243,-13.568
return,2134.000,-2971.276,-593.705,-13.585
return,2136.000,-2969.331,-594.173,-13.610
return,2138.000,-2967.389,-594.651,-13.638
return,2140.000,-2965.449,-595.133,-13.665
return,2142.000,-2963.507,-595.615,-13.687
return,2144.000,-2961.566,-596.093,-13.706
return,2146.000,-2959.624,-596.574,-13.727
return,2148.000,-2957.683,-597.055,-13.752
return,2150.000,-2955.742,-597.534,-13.777
return,2152.000,-2953.799,-598.008,-13.802
return,2154.000,-2951.856,-598.482,-13.826
return,2156.000,-2949.914,-598.959,-13.853
return,2158.000,-2947.973,-599.439,-13.885
return,2160.000,-2946.032,-599.922,-13.919
return,2162.000,-2944.092,-600.406,-13.949
return,2164.000,-2942.152,-600.891,-13.974
return,2166.000,-2940.210,-601.370,-13.995
return,2168.000,-2938.267,-601.843,-14.021
return,2170.000,-2936.324,-602.316,-14.054
return,2172.000,-2934.382,-602.794,-14.090
return,2174.000,-2932.442,-603.277,-14.126
return,2176.000,-2930.502,-603.763,-14.160
return,2178.000,-2928.562,-604.248,-14.190
return,2180.000,-2926.621,-604.731,-14.222
return,2182.000,-2924.680,-605.213,-14.259
return,2184.000,-2922.739,-605.692,-14.302
return,2186.000,-2920.798,-606.171,-14.351
return,2188.000,-2918.859,-606.657,-14.401
return,2190.000,-2916.920,-607.146,-14.446
return,2192.000,-2914.979,-607.629,-14.478
return,2194.000,-2913.037,-608.105,-14.500
return,2196.000,-2911.094,-608.578,-14.521
return,2198.000,-2909.152,-609.058,-14.548
return,2200.000,-2907.213,-609.544,-14.580
return,2202.000,-2905.273,-610.031,-14.613
return,2204.000,-2903.332,-610.514,-14.643
return,2206.000,-2901.391,-610.992,-14.665
return,2208.000,-2899.448,-611.469,-14.683
return,2210.000,-2897.506,-611.947,-14.704
return,2212.000,-2895.565,-612.426,-14.733
return,2214.000,-2893.624,-612.909,-14.764
return,2216.000,-2891.684,-613.392,-14.793
return,2218.000,-2889.742,-613.869,-14.819
return,2220.000,-2887.798,-614.340,-14.843
return,2222.000,-2885.854,-614.809,-14.870
return,2224.000,-2883.911,-615.283,-14.900
return,2226.000,-2881.970,-615.763,-14.929
return,2228.000,-2880.030,-616.248,-14.955
return,2230.000,-2878.090,-616.734,-14.975
return,2232.000,-2876.150,-617.220,-14.992
return,2234.000,-2874.209,-617.703,-15.010
return,2236.000,-2872.268,-618.183,-15.029
return,2238.000,-2870.324,-618.656,-15.049
return,2240.000,-2868.380,-619.123,-15.066
return,2242.000,-2866.436,-619.593,-15.081
return,2244.000,-2864.495,-620.075,-15.095
return,2246.000,-2862.556,-620.567,-15.109
return,2248.000,-2860.619,-621.062,-15.126
return,2250.000,-2858.680,-621.551,-15.146
return,2252.000,-2856.738,-622.032,-15.163
return,2254.000,-2854.795,-622.505,-15.179
return,2256.000,-2852.851,-622.975,-15.194
return,2258.000,-2850.907,-623.445,-15.212
return,2260.000,-2848.964,-623.916,-15.233
return,2262.000,-2847.020,-624.386,-15.254
return,2264.000,-2845.076,-624.855,-15.271
return,2266.000,-2843.131,-625.322,-15.286
return,2268.000,-2841.186,-625.787,-15.300
return,2270.000,-2839.240,-626.249,-15.317
return,2272.000,-2837.294,-626.711,-15.333
return,2274.000,-2835.349,-627.175,-15.351
return,2276.000,-2833.404,-627.642,-15.367
return,2278.000,-2831.460,-628.109,-15.380
return,2280.000,-2829.514,-628.574,-15.392
return,2282.000,-2827.568,-629.033,-15.406
return,2284.000,-2825.620,-629.486,-15.423
return,2286.000,-2823.671,-629.936,-15.445
return,2288.000,-2821.724,-630.391,-15.470
return,2290.000,-2819.778,-630.853,-15.492
return,2292.000,-2817.834,-631.320,-15.512
return,2294.000,-2815.889,-631.786,-15.530
return,2296.000,-2813.942,-632.243,-15.549
return,2298.000,-2811.992,-632.689,-15.570
return,2300.000,-2810.040,-633.125,-15.592
return,2302.000,-2808.088,-633.559,-15.615
return,2304.000,-2806.137,-633.996,-15.639
return,2306.000,-2804.187,-634.439,-15.665
return,2308.000,-2802.238,-634.891,-15.691
return,2310.000,-2800.291,-635.348,-15.718
return,2312.000,-2798.344,-635.804,-15.746
return,2314.000,-2796.396,-636.254,-15.773
return,2316.000,-2794.446,-636.697,-15.799
return,2318.000,-2792.494,-637.134,-15.819
return,2320.000,-2790.542,-637.570,-15.837
return,2322.000,-2788.591,-638.009,-15.856
return,2324.000,-2786.641,-638.453,-15.883
return,2326.000,-2784.692,-638.898,-15.917
return,2328.000,-2782.741,-639.339,-15.952
return,2330.000,-2780.790,-639.779,-15.984
return,2332.000,-2778.840,-640.222,-16.014
return,2334.000,-2776.892,-640.672,-16.042
return,2336.000,-2774.945,-641.130,-16.070
return,2338.000,-2772.999,-641.592,-16.095
return,2340.000,-2771.052,-642.049,-16.118
return,2342.000,-2769.104,-642.498,-16.140
return,2344.000,-2767.153,-642.940,-16.164
return,2346.000,-2765.202,-643.379,-16.191
return,2348.000,-2763.251,-643.818,-16.222
return,2350.000,-2761.300,-644.256,-16.253
return,2352.000,-2759.349,-644.696,-16.279
return,2354.000,-2757.399,-645.137,-16.301
return,2356.000,-2755.448,-645.578,-16.320
return,2358.000,-2753.497,-646.017,-16.342
return,2360.000,-2751.546,-646.456,-16.364
return,2362.000,-2749.595,-646.898,-16.387
return,2364.000,-2747.645,-647.340,-16.409
return,2366.000,-2745.694,-647.781,-16.432
return,2368.000,-2743.743,-648.220,-16.457
return,2370.000,-2741.792,-648.657,-16.485
return,2372.000,-2739.841,-649.095,-16.515
return,2374.000,-2737.890,-649.534,-16.546
return,2376.000,-2735.939,-649.974,-16.576
return,2378.000,-2733.988,-650.413,-16.603
return,2380.000,-2732.037,-650.851,-16.628
return,2382.000,-2730.085,-651.290,-16.651
return,2384.000,-2728.135,-651.731,-16.674
return,2386.000,-2726.185,-652.174,-16.699
return,2388.000,-2724.235,-652.619,-16.724
return,2390.000,-2722.285,-653.064,-16.750
return,2392.000,-2720.335,-653.509,-16.776
return,2394.000,-2718.385,-653.951,-16.801
return,2396.000,-2716.434,-654.389,-16.827
return,2398.000,-2714.482,-654.823,-16.854
return,2400.000,-2712.530,-655.258,-16.880
return,2402.000,-2710.578,-655.696,-16.903
return,2404.000,-2708.627,-656.135,-16.925
return,2406.000,-2706.677,-656.576,-16.947
return,2408.000,-2704.727,-657.020,-16.973
return,2410.000,-2702.778,-657.467,-17.000
return,2412.000,-2700.829,-657.915,-17.029
return,2414.000,-2698.879,-658.359,-17.058
return,2416.000,-2696.928,-658.799,-17.087
return,2418.000,-2694.977,-659.237,-17.116
return,2420.000,-2693.025,-659.674,-17.145
return,2422.000,-2691.074,-660.111,-17.177
return,2424.000,-2689.122,-660.548,-17.212
return,2426.000,-2687.171,-660.983,-17.250
return,2428.000,-2685.218,-661.416,-17.284
return,2430.000,-2683.266,-661.848,-17.312
return,2432.000,-2681.314,-662.284,-17.339
return,2434.000,-2679.363,-662.722,-17.366
return,2436.000,-2677.412,-663.161,-17.394
return,2438.000,-2675.460,-663.598,-17.421
return,2440.000,-2673.509,-664.035,-17.448
return,2442.000,-2671.557,-664.472,-17.475
return,2444.000,-2669.607,-664.912,-17.503
return,2446.000,-2667.656,-665.353,-17.532
return,2448.000,-2665.706,-665.796,-17.563
return,2450.000,-2663.756,-666.238,-17.595
return,2452.000,-2661.805,-666.678,-17.626
return,2454.000,-2659.853,-667.114,-17.656
return,2456.000,-2657.902,-667.550,-17.685
return,2458.000,-2655.950,-667.986,-17.715
return,2460.000,-2653.999,-668.425,-17.749
return,2462.000,-2652.049,-668.867,-17.786
return,2464.000,-2650.100,-669.314,-17.824
return,2466.000,-2648.150,-669.758,-17.855
return,2468.000,-2646.197,-670.190,-17.877
return,2470.000,-2644.242,-670.611,-17.895
return,2472.000,-2642.286,-671.026,-17.915
return,2474.000,-2640.330,-671.444,-17.937
return,2476.000,-2638.376,-671.871,-17.959
return,2478.000,-2636.425,-672.308,-17.979
return,2480.000,-2634.474,-672.748,-17.998
return,2482.000,-2632.523,-673.189,-18.020
return,2484.000,-2630.572,-673.630,-18.047
return,2486.000,-2628.622,-674.071,-18.079
return,2488.000,-2626.672,-674.513,-18.112
return,2490.000,-2624.721,-674.955,-18.142
return,2492.000,-2622.771,-675.396,-18.168
return,2494.000,-2620.820,-675.836,-18.191
return,2496.000,-2618.869,-676.275,-18.214
return,2498.000,-2616.917,-676.712,-18.238
return,2500.000,-2614.966,-677.150,-18.264
return,2502.000,-2613.015,-677.588,-18.293
return,2504.000,-2611.064,-678.029,-18.323
return,2506.000,-2609.114,-678.471,-18.353
return,2508.000,-2607.163,-678.910,-18.383
return,2510.000,-2605.212,-679.347,-18.411
return,2512.000,-2603.260,-679.785,-18.435
return,2514.000,-2601.309,-680.224,-18.456
return,2516.000,-2599.359,-680.666,-18.476
return,2518.000,-2597.409,-681.110,-18.496
return,2520.000,-2595.458,-681.553,-18.521
return,2522.000,-2593.508,-681.993,-18.551
return,2524.000,-2591.557,-682.431,-18.587
return,2526.000,-2589.605,-682.867,-18.627
return,2528.000,-2587.653,-683.302,-18.667
return,2530.000,-2585.702,-683.738,-18.702
return,2532.000,-2583.751,-684.177,-18.733
return,2534.000,-2581.801,-684.621,-18.764
return,2536.000,-2579.853,-685.071,-18.799
return,2538.000,-2577.905,-685.522,-18.838
return,2540.000,-2575.955,-685.968,-18.875
return,2542.000,-2574.004,-686.404,-18.907
return,2544.000,-2572.050,-686.829,-18.933
return,2546.000,-2570.094,-687.246,-18.960
return,2548.000,-2568.137,-687.661,-18.989
return,2550.000,-2566.183,-688.085,-19.019
return,2552.000,-2564.232,-688.523,-19.047
return,2554.000,-2562.283,-688.974,-19.074
return,2556.000,-2560.337,-689.432,-19.102
return,2558.000,-2558.391,-689.892,-19.137
return,2560.000,-2556.444,-690.350,-19.178
return,2562.000,-2554.497,-690.802,-19.223
return,2564.000,-2552.547,-691.246,-19.265
return,2566.000,-2550.594,-691.678,-19.293
return,2568.000,-2548.639,-692.096,-19.306
return,2570.000,-2546.681,-692.505,-19.316
return,2572.000,-2544.722,-692.910,-19.333
return,2574.000,-2542.766,-693.323,-19.358
return,2576.000,-2540.813,-693.753,-19.385
return,2578.000,-2538.864,-694.202,-19.410
return,2580.000,-2536.918,-694.665,-19.427
return,2582.000,-2534.974,-695.133,-19.439
return,2584.000,-2533.029,-695.598,-19.452
return,2586.000,-2531.082,-696.056,-19.471
return,2588.000,-2529.133,-696.503,-19.499
return,2590.000,-2527.181,-696.940,-19.533
return,2592.000,-2525.228,-697.367,-19.568
return,2594.000,-2523.274,-697.791,-19.599
return,2596.000,-2521.320,-698.218,-19.623
return,2598.000,-2519.367,-698.651,-19.647
return,2600.000,-2517.415,-699.086,-19.673
return,2602.000,-2515.463,-699.520,-19.700
return,2604.000,-2513.511,-699.954,-19.723
return,2606.000,-2511.560,-700.392,-19.740
return,2608.000,-2509.611,-700.840,-19.754
return,2610.000,-2507.663,-701.295,-19.769
return,2612.000,-2505.714,-701.745,-19.790
return,2614.000,-2503.763,-702.180,-19.814
return,2616.000,-2501.807,-702.599,-19.835
return,2618.000,-2499.851,-703.014,-19.852
return,2620.000,-2497.896,-703.438,-19.871
return,2622.000,-2495.945,-703.876,-19.897
return,2624.000,-2493.996,-704.323,-19.928
return,2626.000,-2492.046,-704.767,-19.962
return,2628.000,-2490.094,-705.203,-19.997
return,2630.000,-2488.142,-705.635,-20.032
return,2632.000,-2486.190,-706.069,-20.070
return,2634.000,-2484.240,-706.512,-20.113
return,2636.000,-2482.291,-706.959,-20.159
return,2638.000,-2480.342,-707.403,-20.203
return,2640.000,-2478.390,-707.841,-20.238
return,2642.000,-2476.438,-708.275,-20.263
return,2644.000,-2474.487,-708.715,-20.280
return,2646.000,-2472.537,-709.159,-20.299
return,2648.000,-2470.587,-709.600,-20.325
return,2650.000,-2468.633,-710.026,-20.357
return,2652.000,-2466.677,-710.440,-20.389
return,2654.000,-2464.720,-710.853,-20.410
return,2656.000,-2462.765,-711.277,-20.420
return,2658.000,-2460.814,-711.716,-20.423
return,2660.000,-2458.865,-712.163,-20.426
return,2662.000,-2456.915,-712.610,-20.435
return,2664.000,-2454.965,-713.053,-20.450
return,2666.000,-2453.014,-713.493,-20.468
return,2668.000,-2451.063,-713.934,-20.486
return,2670.000,-2449.113,-714.374,-20.505
return,2672.000,-2447.161,-714.811,-20.522
return,2674.000,-2445.207,-715.240,-20.538
return,2676.000,-2443.253,-715.663,-20.556
return,2678.000,-2441.299,-716.092,-20.577
return,2680.000,-2439.349,-716.532,-20.601
return,2682.000,-2437.399,-716.979,-20.624
return,2684.000,-2435.449,-717.419,-20.645
return,2686.000,-2433.497,-717.855,-20.663
return,2688.000,-2431.545,-718.291,-20.681
return,2690.000,-2429.594,-718.732,-20.700
return,2692.000,-2427.645,-719.180,-20.717
return,2694.000,-2425.695,-719.625,-20.729
return,2696.000,-2423.742,-720.054,-20.736
return,2698.000,-2421.785,-720.468,-20.740
return,2700.000,-2419.827,-720.874,-20.746
return,2702.000,-2417.869,-721.280,-20.753
return,2704.000,-2415.912,-721.695,-20.760
return,2706.000,-2413.957,-722.115,-20.765
return,2708.000,-2412.001,-722.535,-20.768
return,2710.000,-2410.045,-722.952,-20.772
return,2712.000,-2408.088,-723.364,-20.779
return,2714.000,-2406.130,-723.771,-20.790
return,2716.000,-2404.171,-724.173,-20.803
return,2718.000,-2402.211,-724.571,-20.815
return,2720.000,-2400.249,-724.960,-20.826
return,2722.000,-2398.286,-725.342,-20.835
return,2724.000,-2396.322,-725.721,-20.842
return,2726.000,-2394.359,-726.102,-20.848
return,2728.000,-2392.395,-726.482,-20.854
return,2730.000,-2390.431,-726.860,-20.855
return,2732.000,-2388.467,-727.236,-20.851
return,2734.000,-2386.502,-727.610,-20.843
return,2736.000,-2384.538,-727.988,-20.835
return,2738.000,-2382.575,-728.370,-20.831
return,2740.000,-2380.612,-728.753,-20.833
return,2742.000,-2378.648,-729.131,-20.835
return,2744.000,-2376.682,-729.499,-20.834
return,2746.000,-2374.714,-729.855,-20.829
return,2748.000,-2372.744,-730.201,-20.821
return,2750.000,-2370.773,-730.535,-20.812
return,2752.000,-2368.799,-730.857,-20.801
return,2754.000,-2366.823,-731.167,-20.791
return,2756.000,-2364.845,-731.466,-20.782
return,2758.000,-2362.866,-731.755,-20.774
return,2760.000,-2360.886,-732.033,-20.770
return,2762.000,-2358.903,-732.296,-20.768
return,2764.000,-2356.918,-732.542,-20.767
return,2766.000,-2354.931,-732.768,-20.765
return,2768.000,-2352.942,-732.977,-20.761
return,2770.000,-2350.952,-733.174,-20.756
return,2772.000,-2348.961,-733.365,-20.752
return,2774.000,-2346.970,-733.554,-20.750
return,2776.000,-2344.979,-733.742,-20.748
return,2778.000,-2342.987,-733.924,-20.743
return,2780.000,-2340.995,-734.096,-20.734
return,2782.000,-2339.001,-734.259,-20.722
return,2784.000,-2337.007,-734.413,-20.709
return,2786.000,-2335.013,-734.565,-20.699
return,2788.000,-2333.019,-734.720,-20.691
return,2790.000,-2331.026,-734.880,-20.684
return,2792.000,-2329.032,-735.043,-20.678
return,2794.000,-2327.039,-735.205,-20.671
return,2796.000,-2325.045,-735.361,-20.663
return,2798.000,-2323.051,-735.511,-20.655
return,2800.000,-2321.056,-735.659,-20.648
return,2802.000,-2319.061,-735.806,-20.644
return,2804.000,-2317.067,-735.951,-20.641
return,2806.000,-2315.072,-736.092,-20.638
return,2808.000,-2313.076,-736.227,-20.636
return,2810.000,-2311.080,-736.357,-20.634
return,2812.000,-2309.085,-736.485,-20.634
return,2814.000,-2307.089,-736.615,-20.632
return,2816.000,-2305.093,-736.742,-20.625
return,2818.000,-2303.097,-736.866,-20.612
return,2820.000,-2301.100,-736.984,-20.600
return,2822.000,-2299.103,-737.097,-20.593
return,2824.000,-2297.106,-737.206,-20.592
return,2826.000,-2295.109,-737.310,-20.594
return,2828.000,-2293.112,-737.409,-20.596
return,2830.000,-2291.114,-737.502,-20.598
return,2832.000,-2289.116,-737.587,-20.598
return,2834.000,-2287.117,-737.664,-20.595
return,2836.000,-2285.118,-737.736,-20.592
return,2838.000,-2283.119,-737.804,-20.590
return,2840.000,-2281.121,-737.870,-20.589
return,2842.000,-2279.122,-737.936,-20.588
return,2844.000,-2277.123,-738.005,-20.589
return,2846.000,-2275.124,-738.073,-20.589
return,2848.000,-2273.125,-738.138,-20.590
return,2850.000,-2271.126,-738.197,-20.592
return,2852.000,-2269.127,-738.252,-20.595
return,2854.000,-2267.127,-738.305,-20.596
return,2856.000,-2265.128,-738.361,-20.594
return,2858.000,-2263.129,-738.421,-20.591
return,2860.000,-2261.130,-738.484,-20.586
return,2862.000,-2259.131,-738.550,-20.581
return,2864.000,-2257.132,-738.614,-20.574
return,2866.000,-2255.133,-738.677,-20.564
return,2868.000,-2253.134,-738.736,-20.553
return,2870.000,-2251.135,-738.792,-20.542
return,2872.000,-2249.136,-738.846,-20.535
return,2874.000,-2247.136,-738.899,-20.531
return,2876.000,-2245.137,-738.955,-20.530
return,2878.000,-2243.138,-739.013,-20.531
return,2880.000,-2241.139,-739.074,-20.532
return,2882.000,-2239.140,-739.133,-20.532
return,2884.000,-2237.141,-739.187,-20.531
return,2886.000,-2235.141,-739.237,-20.530
return,2888.000,-2233.142,-739.288,-20.528
return,2890.000,-2231.143,-739.343,-20.525
return,2892.000,-2229.144,-739.404,-20.519
return,2894.000,-2227.144,-739.465,-20.513
return,2896.000,-2225.145,-739.522,-20.512
return,2898.000,-2223.146,-739.577,-20.514
return,2900.000,-2221.147,-739.631,-20.519
return,2902.000,-2219.148,-739.686,-20.521
return,2904.000,-2217.148,-739.740,-20.517
return,2906.000,-2215.149,-739.791,-20.507
return,2908.000,-2213.150,-739.839,-20.492
return,2910.000,-2211.150,-739.888,-20.477
return,2912.000,-2209.151,-739.942,-20.461
return,2914.000,-2207.152,-740.004,-20.445
return,2916.000,-2205.153,-740.074,-20.429
return,2918.000,-2203.155,-740.148,-20.410
return,2920.000,-2201.156,-740.221,-20.389
return,2922.000,-2199.157,-740.285,-20.369
return,2924.000,-2197.158,-740.331,-20.354
return,2926.000,-2195.158,-740.352,-20.345
return,2928.000,-2193.158,-740.345,-20.342
return,2930.000,-2191.158,-740.313,-20.339
return,2932.000,-2189.159,-740.258,-20.333
return,2934.000,-2187.160,-740.185,-20.321
return,2936.000,-2185.162,-740.098,-20.309
return,2938.000,-2183.165,-739.997,-20.299
return,2940.000,-2181.168,-739.881,-20.290
return,2942.000,-2179.173,-739.748,-20.280
return,2944.000,-2177.179,-739.597,-20.268
return,2946.000,-2175.186,-739.428,-20.255
return,2948.000,-2173.194,-739.245,-20.243
return,2950.000,-2171.204,-739.049,-20.235
return,2952.000,-2169.215,-738.843,-20.230
return,2954.000,-2167.226,-738.631,-20.228
return,2956.000,-2165.237,-738.416,-20.228
return,2958.000,-2163.249,-738.197,-20.230
return,2960.000,-2161.262,-737.971,-20.237
return,2962.000,-2159.277,-737.733,-20.252
return,2964.000,-2157.294,-737.471,-20.272
return,2966.000,-2155.315,-737.182,-20.296
return,2968.000,-2153.341,-736.863,-20.322
return,2970.000,-2151.371,-736.517,-20.350
return,2972.000,-2149.406,-736.148,-20.383
return,2974.000,-2147.444,-735.760,-20.417
return,2976.000,-2145.485,-735.359,-20.450
return,2978.000,-2143.528,-734.946,-20.477
return,2980.000,-2141.573,-734.523,-20.497
return,2982.000,-2139.622,-734.087,-20.515
return,2984.000,-2137.674,-733.633,-20.534
return,2986.000,-2135.731,-733.161,-20.555
return,2988.000,-2133.792,-732.672,-20.576
return,2990.000,-2131.856,-732.170,-20.598
return,2992.000,-2129.922,-731.659,-20.618
return,2994.000,-2127.991,-731.140,-20.636
return,2996.000,-2126.061,-730.613,-20.649
return,2998.000,-2124.134,-730.080,-20.657
return,3000.000,-2122.207,-729.542,-20.662
return,3002.000,-2120.281,-729.004,-20.668
return,3004.000,-2118.354,-728.468,-20.677
return,3006.000,-2116.427,-727.936,-20.689
return,3008.000,-2114.498,-727.405,-20.700
return,3010.000,-2112.570,-726.875,-20.709
return,3012.000,-2110.641,-726.346,-20.716
return,3014.000,-2108.712,-725.816,-20.722
return,3016.000,-2106.784,-725.286,-20.727
return,3018.000,-2104.856,-724.754,-20.731
return,3020.000,-2102.928,-724.223,-20.733
return,3022.000,-2100.999,-723.695,-20.734
return,3024.000,-2099.069,-723.169,-20.737
return,3026.000,-2097.139,-722.645,-20.742
return,3028.000,-2095.210,-722.119,-20.748
return,3030.000,-2093.281,-721.588,-20.752
return,3032.000,-2091.354,-721.053,-20.754
return,3034.000,-2089.428,-720.516,-20.754
return,3036.000,-2087.500,-719.982,-20.751
return,3038.000,-2085.572,-719.451,-20.747
return,3040.000,-2083.642,-718.925,-20.741
return,3042.000,-2081.713,-718.399,-20.735
return,3044.000,-2079.784,-717.869,-20.729
return,3046.000,-2077.857,-717.336,-20.726
return,3048.000,-2075.929,-716.805,-20.725
return,3050.000,-2073.999,-716.277,-20.728
return,3052.000,-2072.070,-715.751,-20.734
return,3054.000,-2070.141,-715.224,-20.740
return,3056.000,-2068.212,-714.695,-20.740
return,3058.000,-2066.283,-714.165,-20.736
return,3060.000,-2064.355,-713.635,-20.730
return,3062.000,-2062.427,-713.104,-20.724
return,3064.000,-2060.499,-712.572,-20.720
return,3066.000,-2058.570,-712.041,-20.716
return,3068.000,-2056.642,-711.510,-20.710
return,3070.000,-2054.715,-710.975,-20.702
return,3072.000,-2052.790,-710.435,-20.692
return,3074.000,-2050.864,-709.895,-20.681
return,3076.000,-2048.937,-709.360,-20.672
return,3078.000,-2047.007,-708.833,-20.666
return,3080.000,-2045.077,-708.310,-20.663
return,3082.000,-2043.146,-707.788,-20.660
return,3084.000,-2041.217,-707.262,-20.656
return,3086.000,-2039.288,-706.731,-20.650
return,3088.000,-2037.362,-706.195,-20.643
return,3090.000,-2035.436,-705.656,-20.636
return,3092.000,-2033.509,-705.118,-20.628
return,3094.000,-2031.582,-704.586,-20.619
return,3096.000,-2029.653,-704.055,-20.610
return,3098.000,-2027.725,-703.524,-20.601
return,3100.000,-2025.797,-702.993,-20.593
return,3102.000,-2023.868,-702.465,-20.586
return,3104.000,-2021.938,-701.939,-20.580
return,3106.000,-2020.009,-701.410,-20.572
return,3108.000,-2018.082,-700.877,-20.559
return,3110.000,-2016.155,-700.340,-20.546
return,3112.000,-2014.229,-699.803,-20.536
return,3114.000,-2012.301,-699.269,-20.531
return,3116.000,-2010.372,-698.741,-20.526
return,3118.000,-2008.443,-698.215,-20.520
return,3120.000,-2006.513,-697.688,-20.511
return,3122.000,-2004.586,-697.156,-20.501
return,3124.000,-2002.659,-696.619,-20.490
return,3126.000,-2000.733,-696.079,-20.478
return,3128.000,-1998.807,-695.541,-20.468
return,3130.000,-1996.879,-695.009,-20.458
return,3132.000,-1994.950,-694.484,-20.446
return,3134.000,-1993.019,-693.961,-20.431
return,3136.000,-1991.089,-693.436,-20.417
return,3138.000,-1989.160,-692.907,-20.404
return,3140.000,-1987.233,-692.374,-20.393
return,3142.000,-1985.305,-691.841,-20.383
return,3144.000,-1983.377,-691.312,-20.371
return,3146.000,-1981.447,-690.786,-20.358
return,3148.000,-1979.517,-690.261,-20.347
return,3150.000,-1977.588,-689.732,-20.339
return,3152.000,-1975.661,-689.198,-20.332
return,3154.000,-1973.735,-688.661,-20.326
return,3156.000,-1971.808,-688.124,-20.316
return,3158.000,-1969.881,-687.590,-20.303
return,3160.000,-1967.952,-687.059,-20.287
return,3162.000,-1966.024,-686.530,-20.274
return,3164.000,-1964.094,-686.004,-20.264
return,3166.000,-1962.164,-685.479,-20.256
return,3168.000,-1960.234,-684.955,-20.248
return,3170.000,-1958.305,-684.428,-20.238
return,3172.000,-1956.377,-683.894,-20.228
return,3174.000,-1954.452,-683.355,-20.221
return,3176.000,-1952.525,-682.816,-20.217
return,3178.000,-1950.597,-682.286,-20.213
return,3180.000,-1948.666,-681.764,-20.209
return,3182.000,-1946.736,-681.241,-20.204
return,3184.000,-1944.807,-680.713,-20.197
return,3186.000,-1942.880,-680.178,-20.190
return,3188.000,-1940.952,-679.646,-20.184
return,3190.000,-1939.022,-679.121,-20.179
return,3192.000,-1937.091,-678.600,-20.174
return,3194.000,-1935.161,-678.074,-20.167
return,3196.000,-1933.234,-677.541,-20.158
return,3198.000,-1931.308,-677.001,-20.150
return,3200.000,-1929.381,-676.465,-20.141
return,3202.000,-1927.452,-675.938,-20.131
return,3204.000,-1925.521,-675.417,-20.122
return,3206.000,-1923.591,-674.894,-20.113
return,3208.000,-1921.663,-674.361,-20.102
return,3210.000,-1919.738,-673.820,-20.090
return,3212.000,-1917.812,-673.280,-20.082
return,3214.000,-1915.884,-672.748,-20.078
return,3216.000,-1913.953,-672.226,-20.079
return,3218.000,-1912.021,-671.710,-20.080
return,3220.000,-1910.089,-671.194,-20.079
return,3222.000,-1908.158,-670.672,-20.074
return,3224.000,-1906.230,-670.142,-20.067
return,3226.000,-1904.303,-669.605,-20.061
return,3228.000,-1902.377,-669.065,-20.056
return,3230.000,-1900.451,-668.529,-20.051
return,3232.000,-1898.522,-667.998,-20.044
return,3234.000,-1896.593,-667.473,-20.037
return,3236.000,-1894.664,-666.944,-20.028
return,3238.000,-1892.737,-666.407,-20.021
return,3240.000,-1890.812,-665.866,-20.014
return,3242.000,-1888.884,-665.332,-20.008
return,3244.000,-1886.954,-664.808,-20.003
return,3246.000,-1885.023,-664.289,-19.999
return,3248.000,-1883.094,-663.762,-19.995
return,3250.000,-1881.168,-663.221,-19.991
return,3252.000,-1879.244,-662.676,-19.987
return,3254.000,-1877.317,-662.141,-19.983
return,3256.000,-1875.386,-661.619,-19.980
return,3258.000,-1873.455,-661.099,-19.979
return,3260.000,-1871.526,-660.569,-19.977
return,3262.000,-1869.601,-660.026,-19.975
return,3264.000,-1867.677,-659.480,-19.974
return,3266.000,-1865.751,-658.944,-19.976
return,3268.000,-1863.819,-658.424,-19.978
return,3270.000,-1861.887,-657.909,-19.975
return,3272.000,-1859.956,-657.388,-19.968
return,3274.000,-1858.028,-656.855,-19.962
return,3276.000,-1856.102,-656.315,-19.960
return,3278.000,-1854.177,-655.775,-19.963
return,3280.000,-1852.250,-655.240,-19.969
return,3282.000,-1850.321,-654.710,-19.973
return,3284.000,-1848.392,-654.183,-19.975
return,3286.000,-1846.463,-653.654,-19.975
return,3288.000,-1844.536,-653.117,-19.975
return,3290.000,-1842.611,-652.575,-19.978
return,3292.000,-1840.686,-652.035,-19.983
return,3294.000,-1838.757,-651.504,-19.988
return,3296.000,-1836.827,-650.982,-19.990
return,3298.000,-1834.894,-650.467,-19.989
return,3300.000,-1832.962,-649.952,-19.989
return,3302.000,-1831.030,-649.432,-19.992
return,3304.000,-1829.101,-648.904,-19.996
return,3306.000,-1827.175,-648.368,-20.000
return,3308.000,-1825.249,-647.828,-20.002
return,3310.000,-1823.322,-647.292,-20.006
return,3312.000,-1821.392,-646.766,-20.013
return,3314.000,-1819.461,-646.246,-20.023
return,3316.000,-1817.531,-645.722,-20.035
return,3318.000,-1815.604,-645.186,-20.048
return,3320.000,-1813.680,-644.642,-20.059
return,3322.000,-1811.755,-644.100,-20.069
return,3324.000,-1809.826,-643.570,-20.079
return,3326.000,-1807.895,-643.049,-20.090
return,3328.000,-1805.965,-642.527,-20.103
return,3330.000,-1804.036,-641.997,-20.117
return,3332.000,-1802.110,-641.458,-20.131
return,3334.000,-1800.184,-640.919,-20.144
return,3336.000,-1798.256,-640.389,-20.160
return,3338.000,-1796.325,-639.869,-20.177
return,3340.000,-1794.393,-639.349,-20.192
return,3342.000,-1792.464,-638.821,-20.202
return,3344.000,-1790.538,-638.284,-20.208
return,3346.000,-1788.613,-637.743,-20.211
return,3348.000,-1786.686,-637.206,-20.213
return,3350.000,-1784.756,-636.682,-20.217
return,3352.000,-1782.824,-636.166,-20.222
return,3354.000,-1780.892,-635.649,-20.228
return,3356.000,-1778.962,-635.122,-20.235
return,3358.000,-1777.036,-634.585,-20.240
return,3360.000,-1775.110,-634.046,-20.245
return,3362.000,-1773.182,-633.513,-20.250
return,3364.000,-1771.252,-632.990,-20.255
return,3366.000,-1769.321,-632.470,-20.259
return,3368.000,-1767.391,-631.943,-20.263
return,3370.000,-1765.464,-631.407,-20.268
return,3372.000,-1763.539,-630.865,-20.279
return,3374.000,-1761.614,-630.325,-20.294
return,3376.000,-1759.687,-629.789,-20.311
return,3378.000,-1757.760,-629.255,-20.328
return,3380.000,-1755.833,-628.717,-20.342
return,3382.000,-1753.908,-628.175,-20.355
return,3384.000,-1751.982,-627.637,-20.370
return,3386.000,-1750.052,-627.111,-20.388
return,3388.000,-1748.119,-626.600,-20.409
return,3390.000,-1746.182,-626.101,-20.430
return,3392.000,-1744.244,-625.608,-20.444
return,3394.000,-1742.304,-625.123,-20.452
return,3396.000,-1740.360,-624.651,-20.457
return,3398.000,-1738.414,-624.188,-20.461
return,3400.000,-1736.468,-623.730,-20.468
return,3402.000,-1734.521,-623.271,-20.479
return,3404.000,-1732.575,-622.809,-20.492
return,3406.000,-1730.629,-622.350,-20.505
return,3408.000,-1728.681,-621.896,-20.520
return,3410.000,-1726.732,-621.450,-20.536
return,3412.000,-1724.780,-621.013,-20.552
return,3414.000,-1722.825,-620.589,-20.567
return,3416.000,-1720.868,-620.178,-20.577
return,3418.000,-1718.909,-619.777,-20.585
return,3420.000,-1716.949,-619.379,-20.595
return,3422.000,-1714.989,-618.981,-20.605
return,3424.000,-1713.029,-618.584,-20.616
return,3426.000,-1711.068,-618.191,-20.627
return,3428.000,-1709.105,-617.805,-20.637
return,3430.000,-1707.141,-617.429,-20.648
return,3432.000,-1705.174,-617.066,-20.663
return,3434.000,-1703.206,-616.714,-20.681
return,3436.000,-1701.235,-616.371,-20.702
return,3438.000,-1699.263,-616.039,-20.721
return,3440.000,-1697.289,-615.716,-20.734
return,3442.000,-1695.314,-615.401,-20.738
return,3444.000,-1693.338,-615.095,-20.736
return,3446.000,-1691.360,-614.800,-20.731
return,3448.000,-1689.379,-614.521,-20.728
return,3450.000,-1687.397,-614.253,-20.728
return,3452.000,-1685.415,-613.991,-20.732
return,3454.000,-1683.432,-613.731,-20.739
return,3456.000,-1681.448,-613.474,-20.746
return,3458.000,-1679.464,-613.225,-20.750
return,3460.000,-1677.478,-612.986,-20.749
return,3462.000,-1675.492,-612.755,-20.746
return,3464.000,-1673.505,-612.527,-20.746
return,3466.000,-1671.517,-612.301,-20.751
return,3468.000,-1669.529,-612.082,-20.758
return,3470.000,-1667.540,-611.875,-20.762
return,3472.000,-1665.549,-611.683,-20.760
return,3474.000,-1663.557,-611.504,-20.756
return,3476.000,-1661.565,-611.331,-20.751
return,3478.000,-1659.573,-611.156,-20.749
return,3480.000,-1657.580,-610.981,-20.751
return,3482.000,-1655.587,-610.816,-20.755
return,3484.000,-1653.593,-610.666,-20.760
return,3486.000,-1651.598,-610.528,-20.765
return,3488.000,-1649.602,-610.392,-20.768
return,3490.000,-1647.607,-610.250,-20.771
return,3492.000,-1645.613,-610.104,-20.773
return,3494.000,-1643.618,-609.963,-20.773
return,3496.000,-1641.622,-609.835,-20.772
return,3498.000,-1639.625,-609.718,-20.767
return,3500.000,-1637.628,-609.605,-20.762
return,3502.000,-1635.632,-609.484,-20.755
return,3504.000,-1633.636,-609.351,-20.744
return,3506.000,-1631.641,-609.213,-20.730
return,3508.000,-1629.646,-609.079,-20.712
return,3510.000,-1627.650,-608.958,-20.694
return,3512.000,-1625.653,-608.848,-20.677
return,3514.000,-1623.656,-608.741,-20.663
return,3516.000,-1621.659,-608.631,-20.650
return,3518.000,-1619.662,-608.516,-20.635
return,3520.000,-1617.666,-608.396,-20.618
return,3522.000,-1615.670,-608.272,-20.597
return,3524.000,-1613.674,-608.145,-20.575
return,3526.000,-1611.678,-608.016,-20.552
return,3528.000,-1609.682,-607.888,-20.525
return,3530.000,-1607.687,-607.764,-20.493
return,3532.000,-1605.690,-607.646,-20.455
return,3534.000,-1603.694,-607.532,-20.414
return,3536.000,-1601.698,-607.416,-20.374
return,3538.000,-1599.702,-607.296,-20.336
return,3540.000,-1597.706,-607.174,-20.298
return,3542.000,-1595.710,-607.059,-20.256
return,3544.000,-1593.713,-606.949,-20.211
return,3546.000,-1591.717,-606.839,-20.164
return,3548.000,-1589.721,-606.721,-20.118
return,3550.000,-1587.725,-606.593,-20.073
return,3552.000,-1585.730,-606.463,-20.030
return,3554.000,-1583.734,-606.340,-19.986
return,3556.000,-1581.738,-606.229,-19.940
return,3558.000,-1579.741,-606.128,-19.891
return,3560.000,-1577.744,-606.024,-19.839
return,3562.000,-1575.748,-605.912,-19.785
return,3564.000,-1573.753,-605.790,-19.732
return,3566.000,-1571.758,-605.661,-19.680
return,3568.000,-1569.763,-605.532,-19.626
return,3570.000,-1567.767,-605.408,-19.569
return,3572.000,-1565.771,-605.294,-19.509
return,3574.000,-1563.775,-605.188,-19.451
return,3576.000,-1561.779,-605.081,-19.395
return,3578.000,-1559.783,-604.969,-19.340
return,3580.000,-1557.787,-604.850,-19.285
return,3582.000,-1555.791,-604.729,-19.225
return,3584.000,-1553.796,-604.611,-19.159
return,3586.000,-1551.800,-604.496,-19.090
return,3588.000,-1549.805,-604.382,-19.022
return,3590.000,-1547.809,-604.264,-18.955
return,3592.000,-1545.814,-604.141,-18.891
return,3594.000,-1543.819,-604.016,-18.825
return,3596.000,-1541.824,-603.894,-18.757
return,3598.000,-1539.829,-603.778,-18.688
return,3600.000,-1537.833,-603.667,-18.623
return,3602.000,-1535.837,-603.557,-18.559
return,3604.000,-1533.841,-603.444,-18.495
return,3606.000,-1531.846,-603.324,-18.431
return,3608.000,-1529.851,-603.199,-18.369
return,3610.000,-1527.856,-603.071,-18.310
return,3612.000,-1525.861,-602.942,-18.253
return,3614.000,-1523.866,-602.811,-18.196
return,3616.000,-1521.871,-602.682,-18.138
return,3618.000,-1519.875,-602.563,-18.078
return,3620.000,-1517.879,-602.458,-18.014
return,3622.000,-1515.883,-602.360,-17.946
return,3624.000,-1513.886,-602.257,-17.876
return,3626.000,-1511.891,-602.143,-17.805
return,3628.000,-1509.896,-602.023,-17.734
return,3630.000,-1507.901,-601.903,-17.663
return,3632.000,-1505.905,-601.785,-17.596
return,3634.000,-1503.910,-601.669,-17.529
return,3636.000,-1501.914,-601.551,-17.460
return,3638.000,-1499.919,-601.430,-17.388
return,3640.000,-1497.924,-601.308,-17.314
return,3642.000,-1495.929,-601.189,-17.242
return,3644.000,-1493.934,-601.072,-17.179
return,3646.000,-1491.938,-600.953,-17.124
return,3648.000,-1489.942,-600.831,-17.071
return,3650.000,-1487.947,-600.711,-17.012
return,3652.000,-1485.951,-600.596,-16.944
return,3654.000,-1483.956,-600.485,-16.865
return,3656.000,-1481.961,-600.369,-16.781
return,3658.000,-1479.967,-600.244,-16.696
return,3660.000,-1477.973,-600.112,-16.614
return,3662.000,-1475.979,-599.980,-16.537
return,3664.000,-1473.984,-599.857,-16.465
return,3666.000,-1471.988,-599.746,-16.396
return,3668.000,-1469.992,-599.644,-16.328
return,3670.000,-1467.995,-599.548,-16.260
return,3672.000,-1465.999,-599.452,-16.191
return,3674.000,-1464.003,-599.356,-16.118
return,3676.000,-1462.006,-599.256,-16.043
return,3678.000,-1460.011,-599.151,-15.967
return,3680.000,-1458.015,-599.038,-15.892
return,3682.000,-1456.020,-598.917,-15.821
return,3684.000,-1454.025,-598.792,-15.757
return,3686.000,-1452.030,-598.661,-15.699
return,3688.000,-1450.035,-598.532,-15.643
return,3690.000,-1448.040,-598.408,-15.586
return,3692.000,-1446.044,-598.290,-15.524
return,3694.000,-1444.049,-598.172,-15.456
return,3696.000,-1442.054,-598.046,-15.381
return,3698.000,-1440.060,-597.914,-15.302
return,3700.000,-1438.066,-597.781,-15.225
return,3702.000,-1436.071,-597.655,-15.153
return,3704.000,-1434.076,-597.538,-15.088
return,3706.000,-1432.080,-597.428,-15.027
return,3708.000,-1430.084,-597.320,-14.964
return,3710.000,-1428.088,-597.212,-14.903
return,3712.000,-1426.092,-597.102,-14.843
return,3714.000,-1424.096,-596.991,-14.782
return,3716.000,-1422.100,-596.881,-14.719
return,3718.000,-1420.104,-596.773,-14.653
return,3720.000,-1418.108,-596.666,-14.582
return,3722.000,-1416.112,-596.560,-14.510
return,3724.000,-1414.116,-596.447,-14.444
return,3726.000,-1412.121,-596.325,-14.385
return,3728.000,-1410.126,-596.196,-14.327
return,3730.000,-1408.131,-596.069,-14.265
return,3732.000,-1406.136,-595.945,-14.197
return,3734.000,-1404.141,-595.822,-14.127
return,3736.000,-1402.146,-595.695,-14.058
return,3738.000,-1400.151,-595.568,-13.991
return,3740.000,-1398.156,-595.444,-13.927
return,3742.000,-1396.161,-595.323,-13.861
return,3744.000,-1394.166,-595.201,-13.793
return,3746.000,-1392.171,-595.080,-13.722
return,3748.000,-1390.176,-594.960,-13.649
return,3750.000,-1388.181,-594.839,-13.576
return,3752.000,-1386.186,-594.712,-13.504
return,3754.000,-1384.191,-594.583,-13.434
return,3756.000,-1382.197,-594.453,-13.364
return,3758.000,-1380.202,-594.327,-13.293
return,3760.000,-1378.207,-594.202,-13.219
return,3762.000,-1376.213,-594.075,-13.144
return,3764.000,-1374.219,-593.942,-13.068
return,3766.000,-1372.225,-593.806,-12.992
return,3768.000,-1370.231,-593.669,-12.916
return,3770.000,-1368.237,-593.533,-12.842
return,3772.000,-1366.243,-593.400,-12.768
return,3774.000,-1364.248,-593.269,-12.695
return,3776.000,-1362.254,-593.140,-12.622
return,3778.000,-1360.259,-593.013,-12.550
return,3780.000,-1358.264,-592.885,-12.479
return,3782.000,-1356.270,-592.756,-12.409
return,3784.000,-1354.275,-592.629,-12.339
return,3786.000,-1352.280,-592.501,-12.269
return,3788.000,-1350.286,-592.370,-12.199
return,3790.000,-1348.292,-592.236,-12.130
return,3792.000,-1346.298,-592.099,-12.058
return,3794.000,-1344.304,-591.962,-11.984
return,3796.000,-1342.310,-591.827,-11.906
return,3798.000,-1340.316,-591.693,-11.826
return,3800.000,-1338.322,-591.559,-11.747
return,3802.000,-1336.328,-591.423,-11.669
return,3804.000,-1334.334,-591.286,-11.590
return,3806.000,-1332.341,-591.147,-11.512
return,3808.000,-1330.347,-591.011,-11.436
return,3810.000,-1328.353,-590.876,-11.361
return,3812.000,-1326.359,-590.742,-11.289
return,3814.000,-1324.364,-590.608,-11.216
return,3816.000,-1322.370,-590.472,-11.143
return,3818.000,-1320.376,-590.337,-11.069
return,3820.000,-1318.382,-590.206,-10.994
return,3822.000,-1316.388,-590.076,-10.919
return,3824.000,-1314.393,-589.943,-10.844
return,3826.000,-1312.399,-589.806,-10.771
return,3828.000,-1310.406,-589.667,-10.698
return,3830.000,-1308.412,-589.528,-10.627
return,3832.000,-1306.418,-589.390,-10.556
return,3834.000,-1304.424,-589.252,-10.485
return,3836.000,-1302.430,-589.113,-10.414
return,3838.000,-1300.436,-588.975,-10.342
return,3840.000,-1298.442,-588.837,-10.271
return,3842.000,-1296.448,-588.700,-10.199
return,3844.000,-1294.454,-588.566,-10.130
return,3846.000,-1292.459,-588.433,-10.061
return,3848.000,-1290.465,-588.298,-9.993
return,3850.000,-1288.471,-588.162,-9.925
return,3852.000,-1286.477,-588.026,-9.856
return,3854.000,-1284.482,-587.891,-9.787
return,3856.000,-1282.488,-587.757,-9.717
return,3858.000,-1280.494,-587.624,-9.645
return,3860.000,-1278.500,-587.490,-9.571
return,3862.000,-1276.506,-587.356,-9.495
return,3864.000,-1274.512,-587.221,-9.419
return,3866.000,-1272.518,-587.086,-9.345
return,3868.000,-1270.523,-586.951,-9.275
return,3870.000,-1268.529,-586.818,-9.205
return,3872.000,-1266.535,-586.685,-9.135
return,3874.000,-1264.540,-586.552,-9.063
return,3876.000,-1262.546,-586.420,-8.991
return,3878.000,-1260.552,-586.290,-8.918
return,3880.000,-1258.557,-586.157,-8.848
return,3882.000,-1256.563,-586.021,-8.780
return,3884.000,-1254.569,-585.882,-8.711
return,3886.000,-1252.575,-585.743,-8.639
return,3888.000,-1250.581,-585.605,-8.573
return,3890.000,-1248.587,-585.469,-8.512
return,3892.000,-1246.592,-585.335,-8.453
return,3894.000,-1244.597,-585.200,-8.397
return,3896.000,-1242.603,-585.065,-8.341
return,3898.000,-1240.608,-584.929,-8.286
return,3900.000,-1238.613,-584.794,-8.231
return,3902.000,-1236.619,-584.659,-8.181
return,3904.000,-1234.624,-584.523,-8.128
return,3906.000,-1232.630,-584.387,-8.069
return,3908.000,-1230.635,-584.249,-8.009
return,3910.000,-1228.641,-584.111,-7.949
return,3912.000,-1226.646,-583.975,-7.890
return,3914.000,-1224.652,-583.839,-7.834
return,3916.000,-1222.657,-583.703,-7.780
return,3918.000,-1220.663,-583.565,-7.729
return,3920.000,-1218.668,-583.425,-7.678
return,3922.000,-1216.674,-583.282,-7.627
return,3924.000,-1214.679,-583.141,-7.575
return,3926.000,-1212.685,-583.003,-7.524
return,3928.000,-1210.690,-582.869,-7.473
return,3930.000,-1208.695,-582.735,-7.421
return,3932.000,-1206.700,-582.601,-7.368
return,3934.000,-1204.706,-582.467,-7.316
return,3936.000,-1202.711,-582.332,-7.265
return,3938.000,-1200.716,-582.196,-7.214
return,3940.000,-1198.721,-582.060,-7.163
return,3942.000,-1196.727,-581.927,-7.110
return,3944.000,-1194.731,-581.796,-7.059
return,3946.000,-1192.737,-581.663,-7.009
return,3948.000,-1190.742,-581.526,-6.961
return,3950.000,-1188.747,-581.389,-6.914
return,3952.000,-1186.752,-581.253,-6.870
return,3954.000,-1184.757,-581.118,-6.828
return,3956.000,-1182.762,-580.984,-6.789
return,3958.000,-1180.767,-580.853,-6.750
return,3960.000,-1178.771,-580.723,-6.711
return,3962.000,-1176.776,-580.592,-6.670
return,3964.000,-1174.781,-580.457,-6.629
return,3966.000,-1172.786,-580.319,-6.587
return,3968.000,-1170.791,-580.182,-6.545
return,3970.000,-1168.796,-580.048,-6.502
return,3972.000,-1166.801,-579.914,-6.457
return,3974.000,-1164.806,-579.779,-6.414
return,3976.000,-1162.812,-579.640,-6.371
return,3978.000,-1160.817,-579.497,-6.330
return,3980.000,-1158.823,-579.352,-6.290
return,3982.000,-1156.828,-579.210,-6.254
return,3984.000,-1154.833,-579.071,-6.222
return,3986.000,-1152.838,-578.934,-6.192
return,3988.000,-1150.843,-578.799,-6.161
return,3990.000,-1148.848,-578.666,-6.129
return,3992.000,-1146.853,-578.531,-6.096
return,3994.000,-1144.857,-578.396,-6.062
return,3996.000,-1142.862,-578.259,-6.027
return,3998.000,-1140.868,-578.120,-5.991
return,4000.000,-1138.873,-577.983,-5.956
return,4002.000,-1136.877,-577.848,-5.923
return,4004.000,-1134.882,-577.715,-5.892
return,4006.000,-1132.887,-577.581,-5.863
return,4008.000,-1130.892,-577.445,-5.838
return,4010.000,-1128.896,-577.308,-5.816
return,4012.000,-1126.901,-577.172,-5.798
return,4014.000,-1124.906,-577.038,-5.783
return,4016.000,-1122.910,-576.905,-5.769
return,4018.000,-1120.915,-576.773,-5.757
return,4020.000,-1118.919,-576.639,-5.746
return,4022.000,-1116.924,-576.503,-5.735
return,4024.000,-1114.929,-576.364,-5.726
return,4026.000,-1112.933,-576.225,-5.719
return,4028.000,-1110.938,-576.085,-5.714
return,4030.000,-1108.943,-575.945,-5.710
return,4032.000,-1106.948,-575.808,-5.707
return,4034.000,-1104.953,-575.673,-5.704
return,4036.000,-1102.957,-575.542,-5.702
return,4038.000,-1100.961,-575.412,-5.697
return,4040.000,-1098.965,-575.281,-5.689
return,4042.000,-1096.970,-575.148,-5.675
return,4044.000,-1094.975,-575.011,-5.658
return,4046.000,-1092.979,-574.873,-5.637
return,4048.000,-1090.984,-574.738,-5.617
return,4050.000,-1088.989,-574.605,-5.595
return,4052.000,-1086.993,-574.473,-5.569
return,4054.000,-1084.998,-574.340,-5.538
return,4056.000,-1083.003,-574.203,-5.504
return,4058.000,-1081.008,-574.064,-5.468
return,4060.000,-1079.013,-573.925,-5.429
return,4062.000,-1077.018,-573.787,-5.389
return,4064.000,-1075.023,-573.651,-5.347
return,4066.000,-1073.029,-573.516,-5.305
return,4068.000,-1071.034,-573.380,-5.264
return,4070.000,-1069.038,-573.245,-5.225
return,4072.000,-1067.044,-573.108,-5.189
return,4074.000,-1065.049,-572.970,-5.155
return,4076.000,-1063.054,-572.831,-5.121
return,4078.000,-1061.059,-572.695,-5.087
return,4080.000,-1059.063,-572.560,-5.058
return,4082.000,-1057.068,-572.426,-5.034
return,4084.000,-1055.073,-572.288,-5.014
return,4086.000,-1053.078,-572.149,-4.997
return,4088.000,-1051.083,-572.010,-4.980
return,4090.000,-1049.087,-571.873,-4.962
return,4092.000,-1047.092,-571.739,-4.945
return,4094.000,-1045.096,-571.608,-4.930
return,4096.000,-1043.101,-571.477,-4.915
return,4098.000,-1041.105,-571.344,-4.901
return,4100.000,-1039.110,-571.209,-4.885
return,4102.000,-1037.114,-571.075,-4.868
return,4104.000,-1035.119,-570.939,-4.852
return,4106.000,-1033.124,-570.803,-4.836
return,4108.000,-1031.128,-570.668,-4.820
return,4110.000,-1029.133,-570.533,-4.803
return,4112.000,-1027.138,-570.399,-4.785
return,4114.000,-1025.142,-570.265,-4.766
return,4116.000,-1023.147,-570.127,-4.747
return,4118.000,-1021.152,-569.988,-4.729
return,4120.000,-1019.157,-569.847,-4.713
return,4122.000,-1017.162,-569.709,-4.699
return,4124.000,-1015.167,-569.573,-4.685
return,4126.000,-1013.171,-569.437,-4.669
return,4128.000,-1011.176,-569.300,-4.652
return,4130.000,-1009.181,-569.161,-4.634
return,4132.000,-1007.186,-569.023,-4.616
return,4134.000,-1005.190,-568.887,-4.600
return,4136.000,-1003.195,-568.751,-4.585
return,4138.000,-1001.200,-568.613,-4.569
return,4140.000,-999.205,-568.473,-4.553
return,4142.000,-997.210,-568.332,-4.536
return,4144.000,-995.215,-568.193,-4.519
return,4146.000,-993.220,-568.056,-4.504
return,4148.000,-991.224,-567.923,-4.491
return,4150.000,-989.228,-567.792,-4.479
return,4152.000,-987.233,-567.660,-4.467
return,4154.000,-985.237,-567.527,-4.454
return,4156.000,-983.242,-567.393,-4.440
return,4158.000,-981.246,-567.258,-4.427
return,4160.000,-979.251,-567.123,-4.415
return,4162.000,-977.256,-566.990,-4.401
return,4164.000,-975.260,-566.857,-4.386
return,4166.000,-973.265,-566.723,-4.370
return,4168.000,-971.269,-566.588,-4.354
return,4170.000,-969.274,-566.452,-4.338
return,4172.000,-967.279,-566.315,-4.321
return,4174.000,-965.283,-566.180,-4.303
return,4176.000,-963.288,-566.048,-4.283
return,4178.000,-961.292,-565.917,-4.261
return,4180.000,-959.297,-565.785,-4.239
return,4182.000,-957.301,-565.648,-4.219
return,4184.000,-955.306,-565.508,-4.202
return,4186.000,-953.312,-565.366,-4.187
return,4188.000,-951.316,-565.226,-4.177
return,4190.000,-949.321,-565.089,-4.170
return,4192.000,-947.326,-564.956,-4.163
return,4194.000,-945.330,-564.824,-4.155
return,4196.000,-943.334,-564.691,-4.141
return,4198.000,-941.339,-564.556,-4.123
return,4200.000,-939.344,-564.420,-4.102
return,4202.000,-937.349,-564.284,-4.081
return,4204.000,-935.353,-564.148,-4.061
return,4206.000,-933.358,-564.010,-4.043
return,4208.000,-931.363,-563.870,-4.025
return,4210.000,-929.368,-563.728,-4.009
return,4212.000,-927.373,-563.587,-3.993
return,4214.000,-925.378,-563.449,-3.977
return,4216.000,-923.383,-563.314,-3.959
return,4218.000,-921.387,-563.181,-3.940
return,4220.000,-919.392,-563.048,-3.922
return,4222.000,-917.396,-562.916,-3.904
return,4224.000,-915.401,-562.783,-3.884
return,4226.000,-913.405,-562.650,-3.864
return,4228.000,-911.410,-562.517,-3.844
return,4230.000,-909.414,-562.386,-3.825
return,4232.000,-907.419,-562.253,-3.808
return,4234.000,-905.423,-562.118,-3.791
return,4236.000,-903.428,-561.980,-3.774
return,4238.000,-901.433,-561.842,-3.759
return,4240.000,-899.438,-561.704,-3.743
return,4242.000,-897.443,-561.567,-3.728
return,4244.000,-895.447,-561.433,-3.712
return,4246.000,-893.452,-561.300,-3.697
return,4248.000,-891.456,-561.166,-3.686
return,4250.000,-889.461,-561.030,-3.677
return,4252.000,-887.466,-560.892,-3.664
return,4254.000,-885.471,-560.751,-3.647
return,4256.000,-883.476,-560.611,-3.629
return,4258.000,-881.481,-560.473,-3.609
return,4260.000,-879.485,-560.337,-3.589
return,4262.000,-877.490,-560.202,-3.566
return,4264.000,-875.495,-560.066,-3.543
return,4266.000,-873.500,-559.927,-3.518
return,4268.000,-871.505,-559.789,-3.492
return,4270.000,-869.510,-559.652,-3.464
return,4272.000,-867.514,-559.520,-3.436
return,4274.000,-865.519,-559.389,-3.408
return,4276.000,-863.523,-559.258,-3.379
return,4278.000,-861.528,-559.124,-3.350
return,4280.000,-859.533,-558.988,-3.321
return,4282.000,-857.537,-558.852,-3.292
return,4284.000,-855.542,-558.718,-3.264
return,4286.000,-853.547,-558.584,-3.235
return,4288.000,-851.552,-558.448,-3.208
return,4290.000,-849.557,-558.312,-3.182
return,4292.000,-847.561,-558.176,-3.156
return,4294.000,-845.566,-558.041,-3.131
return,4296.000,-843.571,-557.907,-3.103
return,4298.000,-841.576,-557.772,-3.074
return,4300.000,-839.580,-557.633,-3.045
return,4302.000,-837.586,-557.493,-3.017
return,4304.000,-835.591,-557.354,-2.991
return,4306.000,-833.595,-557.218,-2.967
return,4308.000,-831.600,-557.084,-2.945
return,4310.000,-829.604,-556.952,-2.925
return,4312.000,-827.609,-556.821,-2.904
return,4314.000,-825.613,-556.693,-2.884
return,4316.000,-823.617,-556.565,-2.864
return,4318.000,-821.621,-556.438,-2.846
return,4320.000,-819.626,-556.307,-2.831
return,4322.000,-817.630,-556.172,-2.818
return,4324.000,-815.635,-556.035,-2.806
return,4326.000,-813.640,-555.896,-2.793
return,4328.000,-811.645,-555.756,-2.780
return,4330.000,-809.650,-555.613,-2.767
return,4332.000,-807.655,-555.468,-2.755
return,4334.000,-805.661,-555.324,-2.744
return,4336.000,-803.666,-555.184,-2.733
return,4338.000,-801.670,-555.049,-2.721
return,4340.000,-799.675,-554.916,-2.706
return,4342.000,-797.679,-554.780,-2.690
return,4344.000,-795.684,-554.641,-2.673
return,4346.000,-793.689,-554.497,-2.656
return,4348.000,-791.695,-554.350,-2.638
return,4350.000,-789.701,-554.201,-2.619
return,4352.000,-787.706,-554.052,-2.602
return,4354.000,-785.712,-553.905,-2.587
return,4356.000,-783.717,-553.761,-2.575
return,4358.000,-781.722,-553.619,-2.565
return,4360.000,-779.727,-553.478,-2.555
return,4362.000,-777.732,-553.337,-2.544
return,4364.000,-775.737,-553.197,-2.533
return,4366.000,-773.742,-553.059,-2.523
return,4368.000,-771.746,-552.922,-2.515
return,4370.000,-769.751,-552.784,-2.509
return,4372.000,-767.756,-552.644,-2.504
return,4374.000,-765.761,-552.502,-2.498
return,4376.000,-763.766,-552.357,-2.491
return,4378.000,-761.772,-552.211,-2.483
return,4380.000,-759.777,-552.066,-2.477
return,4382.000,-757.782,-551.925,-2.475
return,4384.000,-755.787,-551.786,-2.478
return,4386.000,-753.792,-551.645,-2.484
return,4388.000,-751.797,-551.499,-2.494
return,4390.000,-749.803,-551.349,-2.507
return,4392.000,-747.808,-551.204,-2.521
return,4394.000,-745.813,-551.066,-2.535
return,4396.000,-743.818,-550.929,-2.543
return,4398.000,-741.823,-550.788,-2.546
return,4400.000,-739.828,-550.645,-2.547
return,4402.000,-737.833,-550.502,-2.547
return,4404.000,-735.838,-550.354,-2.547
return,4406.000,-733.844,-550.200,-2.547
return,4408.000,-731.851,-550.042,-2.548
return,4410.000,-729.857,-549.888,-2.548
return,4412.000,-727.862,-549.739,-2.548
return,4414.000,-725.867,-549.594,-2.547
return,4416.000,-723.873,-549.450,-2.545
return,4418.000,-721.878,-549.305,-2.542
return,4420.000,-719.883,-549.157,-2.538
return,4422.000,-717.889,-549.007,-2.535
return,4424.000,-715.895,-548.859,-2.535
return,4426.000,-713.900,-548.716,-2.539
return,4428.000,-711.904,-548.581,-2.548
return,4430.000,-709.909,-548.449,-2.559
return,4432.000,-707.913,-548.315,-2.565
return,4434.000,-705.918,-548.179,-2.564
return,4436.000,-703.923,-548.037,-2.553
return,4438.000,-701.928,-547.892,-2.536
return,4440.000,-699.934,-547.746,-2.518
return,4442.000,-697.939,-547.601,-2.505
return,4444.000,-695.944,-547.455,-2.498
return,4446.000,-693.950,-547.310,-2.493
return,4448.000,-691.955,-547.166,-2.488
return,4450.000,-689.960,-547.021,-2.479
return,4452.000,-687.966,-546.866,-2.466
return,4454.000,-685.973,-546.699,-2.450
return,4456.000,-683.981,-546.520,-2.431
return,4458.000,-681.990,-546.337,-2.409
return,4460.000,-679.998,-546.153,-2.386
return,4462.000,-678.007,-545.972,-2.368
return,4464.000,-676.015,-545.790,-2.353
return,4466.000,-674.024,-545.600,-2.337
return,4468.000,-672.034,-545.405,-2.327
return,4470.000,-670.043,-545.208,-2.319
return,4472.000,-668.054,-545.007,-2.312
return,4474.000,-666.065,-544.798,-2.304
return,4476.000,-664.076,-544.581,-2.296
return,4478.000,-662.089,-544.357,-2.289
return,4480.000,-660.102,-544.125,-2.282
return,4482.000,-658.117,-543.885,-2.272
return,4484.000,-656.132,-543.640,-2.261
return,4486.000,-654.148,-543.389,-2.250
return,4488.000,-652.164,-543.136,-2.237
return,4490.000,-650.180,-542.881,-2.225
return,4492.000,-648.196,-542.628,-2.213
return,4494.000,-646.213,-542.370,-2.203
return,4496.000,-644.231,-542.105,-2.195
return,4498.000,-642.249,-541.833,-2.188
return,4500.000,-640.269,-541.557,-2.180
return,4502.000,-638.288,-541.278,-2.171
return,4504.000,-636.308,-540.995,-2.161
return,4506.000,-634.329,-540.711,-2.151
return,4508.000,-632.348,-540.435,-2.140
return,4510.000,-630.365,-540.171,-2.127
return,4512.000,-628.382,-539.917,-2.111
return,4514.000,-626.397,-539.668,-2.092
return,4516.000,-624.412,-539.423,-2.072
return,4518.000,-622.427,-539.178,-2.051
return,4520.000,-620.443,-538.933,-2.026
return,4522.000,-618.459,-538.684,-1.997
return,4524.000,-616.475,-538.431,-1.967
return,4526.000,-614.492,-538.172,-1.938
return,4528.000,-612.510,-537.908,-1.911
return,4530.000,-610.528,-537.639,-1.886
return,4532.000,-608.546,-537.370,-1.861
return,4534.000,-606.564,-537.102,-1.836
return,4536.000,-604.582,-536.838,-1.810
return,4538.000,-602.599,-536.577,-1.784
return,4540.000,-600.617,-536.316,-1.759
return,4542.000,-598.634,-536.057,-1.734
return,4544.000,-596.651,-535.797,-1.711
return,4546.000,-594.668,-535.536,-1.687
return,4548.000,-592.686,-535.269,-1.659
return,4550.000,-590.705,-534.998,-1.628
return,4552.000,-588.724,-534.724,-1.594
return,4554.000,-586.743,-534.451,-1.561
return,4556.000,-584.761,-534.181,-1.530
return,4558.000,-582.779,-533.916,-1.498
return,4560.000,-580.797,-533.653,-1.467
return,4562.000,-578.814,-533.393,-1.436
return,4564.000,-576.831,-533.135,-1.408
return,4566.000,-574.848,-532.876,-1.381
return,4568.000,-572.866,-532.614,-1.351
return,4570.000,-570.883,-532.350,-1.318
return,4572.000,-568.902,-532.083,-1.283
return,4574.000,-566.920,-531.817,-1.247
return,4576.000,-564.938,-531.550,-1.211
return,4578.000,-562.956,-531.285,-1.175
return,4580.000,-560.974,-531.022,-1.140
return,4582.000,-558.991,-530.760,-1.110
return,4584.000,-557.008,-530.499,-1.082
return,4586.000,-555.026,-530.237,-1.055
return,4588.000,-553.043,-529.973,-1.023
return,4590.000,-551.062,-529.707,-0.987
return,4592.000,-549.080,-529.438,-0.949
return,4594.000,-547.099,-529.166,-0.914
return,4596.000,-545.118,-528.896,-0.881
return,4598.000,-543.136,-528.629,-0.849
return,4600.000,-541.153,-528.366,-0.816
return,4602.000,-539.171,-528.107,-0.783
return,4604.000,-537.187,-527.849,-0.750
return,4606.000,-535.204,-527.592,-0.717
return,4608.000,-533.221,-527.338,-0.682
return,4610.000,-531.237,-527.083,-0.649
return,4612.000,-529.255,-526.823,-0.618
return,4614.000,-527.273,-526.558,-0.587
return,4616.000,-525.291,-526.288,-0.555
return,4618.000,-523.310,-526.016,-0.521
return,4620.000,-521.329,-525.745,-0.487
return,4622.000,-519.347,-525.478,-0.455
return,4624.000,-517.364,-525.216,-0.426
return,4626.000,-515.381,-524.957,-0.396
return,4628.000,-513.398,-524.700,-0.366
return,4630.000,-511.415,-524.446,-0.333
return,4632.000,-509.431,-524.191,-0.299
return,4634.000,-507.448,-523.932,-0.263
return,4636.000,-505.467,-523.665,-0.227
return,4638.000,-503.486,-523.392,-0.190
return,4640.000,-501.505,-523.117,-0.153
return,4642.000,-499.524,-522.844,-0.114
return,4644.000,-497.543,-522.576,-0.073
return,4646.000,-495.560,-522.314,-0.029
return,4648.000,-493.578,-522.055,0.015
return,4650.000,-491.595,-521.794,0.060
return,4652.000,-489.613,-521.529,0.106
return,4654.000,-487.633,-521.257,0.152
return,4656.000,-485.653,-520.978,0.199
return,4658.000,-483.674,-520.693,0.245
return,4660.000,-481.695,-520.404,0.291
return,4662.000,-479.717,-520.114,0.337
return,4664.000,-477.739,-519.821,0.384
return,4666.000,-475.762,-519.523,0.431
return,4668.000,-473.786,-519.214,0.477
return,4670.000,-471.813,-518.892,0.521
return,4672.000,-469.842,-518.557,0.564
return,4674.000,-467.872,-518.214,0.606
return,4676.000,-465.902,-517.868,0.645
return,4678.000,-463.933,-517.522,0.684
return,4680.000,-461.964,-517.175,0.724
return,4682.000,-459.996,-516.822,0.769
return,4684.000,-458.029,-516.460,0.816
return,4686.000,-456.064,-516.092,0.862
return,4688.000,-454.099,-515.723,0.906
return,4690.000,-452.133,-515.355,0.947
return,4692.000,-450.168,-514.988,0.988
return,4694.000,-448.202,-514.619,1.029
return,4696.000,-446.239,-514.242,1.070
return,4698.000,-444.277,-513.855,1.113
return,4700.000,-442.317,-513.458,1.156
return,4702.000,-440.360,-513.050,1.200
return,4704.000,-438.404,-512.634,1.248
return,4706.000,-436.451,-512.208,1.298
return,4708.000,-434.500,-511.771,1.349
return,4710.000,-432.552,-511.318,1.401
return,4712.000,-430.609,-510.847,1.452
return,4714.000,-428.671,-510.356,1.499
return,4716.000,-426.738,-509.846,1.540
return,4718.000,-424.808,-509.320,1.578
return,4720.000,-422.884,-508.775,1.615
return,4722.000,-420.967,-508.209,1.655
return,4724.000,-419.055,-507.621,1.696
return,4726.000,-417.151,-507.013,1.738
return,4728.000,-415.251,-506.388,1.779
return,4730.000,-413.356,-505.749,1.821
return,4732.000,-411.465,-505.100,1.866
return,4734.000,-409.578,-504.439,1.914
return,4736.000,-407.695,-503.767,1.960
return,4738.000,-405.817,-503.082,2.002
return,4740.000,-403.943,-502.384,2.035
return,4742.000,-402.073,-501.675,2.063
return,4744.000,-400.207,-500.955,2.090
return,4746.000,-398.346,-500.223,2.117
return,4748.000,-396.489,-499.480,2.140
return,4750.000,-394.635,-498.732,2.164
return,4752.000,-392.780,-497.983,2.188
return,4754.000,-390.925,-497.235,2.215
return,4756.000,-389.070,-496.489,2.243
return,4758.000,-387.216,-495.740,2.269
return,4760.000,-385.363,-494.988,2.293
return,4762.000,-383.511,-494.232,2.314
return,4764.000,-381.660,-493.475,2.333
return,4766.000,-379.810,-492.715,2.353
return,4768.000,-377.961,-491.954,2.374
return,4770.000,-376.112,-491.191,2.397
return,4772.000,-374.267,-490.420,2.420
return,4774.000,-372.426,-489.640,2.442
return,4776.000,-370.588,-488.851,2.464
return,4778.000,-368.754,-488.052,2.483
return,4780.000,-366.927,-487.240,2.500
return,4782.000,-365.108,-486.409,2.513
return,4784.000,-363.296,-485.562,2.521
return,4786.000,-361.491,-484.700,2.527
return,4788.000,-359.693,-483.825,2.533
return,4790.000,-357.901,-482.937,2.540
return,4792.000,-356.114,-482.039,2.549
return,4794.000,-354.333,-481.129,2.558
return,4796.000,-352.557,-480.208,2.566
return,4798.000,-350.786,-479.279,2.572
return,4800.000,-349.019,-478.342,2.576
return,4802.000,-347.255,-477.400,2.580
return,4804.000,-345.496,-476.449,2.583
return,4806.000,-343.744,-475.484,2.588
return,4808.000,-342.002,-474.502,2.598
return,4810.000,-340.269,-473.503,2.612
return,4812.000,-338.546,-472.488,2.630
return,4814.000,-336.830,-471.460,2.648
return,4816.000,-335.122,-470.421,2.667
return,4818.000,-333.421,-469.368,2.685
return,4820.000,-331.730,-468.300,2.703
return,4822.000,-330.050,-467.216,2.720
return,4824.000,-328.381,-466.114,2.735
return,4826.000,-326.724,-464.995,2.748
return,4828.000,-325.075,-463.862,2.760
return,4830.000,-323.435,-462.718,2.776
return,4832.000,-321.800,-461.566,2.792
return,4834.000,-320.172,-460.404,2.807
return,4836.000,-318.552,-459.231,2.819
return,4838.000,-316.941,-458.046,2.832
return,4840.000,-315.338,-456.851,2.849
return,4842.000,-313.740,-455.649,2.872
return,4844.000,-312.146,-454.441,2.896
return,4846.000,-310.556,-453.227,2.914
return,4848.000,-308.971,-452.008,2.925
return,4850.000,-307.392,-450.781,2.926
return,4852.000,-305.821,-449.543,2.923
return,4854.000,-304.261,-448.290,2.920
return,4856.000,-302.716,-447.021,2.923
return,4858.000,-301.187,-445.731,2.931
return,4860.000,-299.676,-444.421,2.943
return,4862.000,-298.178,-443.096,2.953
return,4864.000,-296.689,-441.761,2.961
return,4866.000,-295.207,-440.418,2.970
return,4868.000,-293.731,-439.068,2.985
return,4870.000,-292.260,-437.713,3.005
return,4872.000,-290.796,-436.351,3.028
return,4874.000,-289.345,-434.975,3.048
return,4876.000,-287.911,-433.580,3.060
return,4878.000,-286.496,-432.167,3.064
return,4880.000,-285.098,-430.737,3.060
return,4882.000,-283.711,-429.296,3.053
return,4884.000,-282.337,-427.843,3.049
return,4886.000,-280.981,-426.373,3.050
return,4888.000,-279.642,-424.887,3.054
return,4890.000,-278.312,-423.394,3.059
return,4892.000,-276.981,-421.901,3.064
return,4894.000,-275.643,-420.414,3.070
return,4896.000,-274.304,-418.928,3.080
return,4898.000,-272.977,-417.433,3.091
return,4900.000,-271.667,-415.921,3.100
return,4902.000,-270.374,-414.395,3.105
return,4904.000,-269.096,-412.857,3.109
return,4906.000,-267.832,-411.307,3.111
return,4908.000,-266.586,-409.742,3.114
return,4910.000,-265.361,-408.162,3.118
return,4912.000,-264.155,-406.566,3.126
return,4914.000,-262.966,-404.958,3.136
return,4916.000,-261.788,-403.342,3.150
return,4918.000,-260.618,-401.720,3.168
return,4920.000,-259.456,-400.092,3.187
return,4922.000,-258.298,-398.461,3.205
return,4924.000,-257.144,-396.828,3.221
return,4926.000,-255.993,-395.193,3.235
return,4928.000,-254.846,-393.554,3.247
return,4930.000,-253.710,-391.908,3.259
return,4932.000,-252.589,-390.252,3.269
return,4934.000,-251.482,-388.586,3.277
return,4936.000,-250.386,-386.913,3.284
return,4938.000,-249.292,-385.239,3.290
return,4940.000,-248.194,-383.567,3.296
return,4942.000,-247.087,-381.901,3.302
return,4944.000,-245.973,-380.240,3.308
return,4946.000,-244.855,-378.582,3.317
return,4948.000,-243.738,-376.924,3.324
return,4950.000,-242.623,-375.263,3.330
return,4952.000,-241.512,-373.600,3.336
return,4954.000,-240.405,-371.934,3.343
return,4956.000,-239.302,-370.266,3.350
return,4958.000,-238.200,-368.597,3.358
return,4960.000,-237.096,-366.929,3.365
return,4962.000,-235.985,-365.266,3.370
return,4964.000,-234.866,-363.609,3.375
return,4966.000,-233.739,-361.956,3.378
return,4968.000,-232.611,-360.305,3.379
return,4970.000,-231.490,-358.649,3.380
return,4972.000,-230.379,-356.985,3.382
return,4974.000,-229.281,-355.314,3.386
return,4976.000,-228.191,-353.637,3.390
return,4978.000,-227.100,-351.961,3.393
return,4980.000,-226.000,-350.291,3.394
return,4982.000,-224.891,-348.626,3.396
return,4984.000,-223.777,-346.965,3.399
return,4986.000,-222.665,-345.303,3.403
return,4988.000,-221.556,-343.638,3.407
return,4990.000,-220.449,-341.972,3.412
return,4992.000,-219.341,-340.308,3.418
return,4994.000,-218.230,-338.645,3.425
return,4996.000,-217.117,-336.983,3.434
return,4998.000,-216.004,-335.321,3.443
return,5000.000,-214.894,-333.658,3.451
return,5002.000,-213.787,-331.992,3.455
return,5004.000,-212.682,-330.325,3.458
return,5006.000,-211.576,-328.659,3.461
return,5008.000,-210.466,-326.995,3.466
return,5010.000,-209.353,-325.334,3.472
return,5012.000,-208.237,-323.674,3.479
return,5014.000,-207.120,-322.015,3.488
return,5016.000,-206.005,-320.354,3.498
return,5018.000,-204.893,-318.692,3.511
return,5020.000,-203.786,-317.026,3.525
return,5022.000,-202.683,-315.358,3.539
return,5024.000,-201.583,-313.688,3.549
return,5026.000,-200.482,-312.018,3.556
return,5028.000,-199.379,-310.350,3.560
return,5030.000,-198.271,-308.685,3.562
return,5032.000,-197.158,-307.023,3.562
return,5034.000,-196.044,-305.362,3.560
return,5036.000,-194.932,-303.700,3.554
return,5038.000,-193.822,-302.036,3.548
return,5040.000,-192.718,-300.368,3.539
return,5042.000,-191.617,-298.699,3.530
return,5044.000,-190.515,-297.029,3.521
return,5046.000,-189.408,-295.364,3.512
return,5048.000,-188.294,-293.703,3.501
return,5050.000,-187.175,-292.045,3.486
return,5052.000,-186.057,-290.387,3.470
return,5054.000,-184.943,-288.726,3.456
return,5056.000,-183.833,-287.062,3.448
return,5058.000,-182.727,-285.396,3.444
return,5060.000,-181.622,-283.729,3.440
return,5062.000,-180.515,-282.064,3.434
return,5064.000,-179.401,-280.403,3.428
return,5066.000,-178.283,-278.744,3.419
return,5068.000,-177.166,-277.085,3.407
return,5070.000,-176.053,-275.424,3.394
return,5072.000,-174.943,-273.760,3.377
return,5074.000,-173.836,-272.094,3.361
return,5076.000,-172.729,-270.428,3.346
return,5078.000,-171.622,-268.763,3.333
return,5080.000,-170.514,-267.098,3.319
return,5082.000,-169.405,-265.433,3.307
return,5084.000,-168.294,-263.771,3.295
return,5086.000,-167.181,-262.109,3.281
return,5088.000,-166.068,-260.448,3.265
return,5090.000,-164.957,-258.785,3.246
return,5092.000,-163.849,-257.120,3.224
return,5094.000,-162.741,-255.455,3.200
return,5096.000,-161.634,-253.789,3.176
return,5098.000,-160.528,-252.123,3.152
return,5100.000,-159.423,-250.456,3.128
return,5102.000,-158.319,-248.789,3.101
return,5104.000,-157.214,-247.122,3.073
return,5106.000,-156.108,-245.456,3.044
return,5108.000,-154.999,-243.792,3.015
return,5110.000,-153.890,-242.128,2.987
return,5112.000,-152.781,-240.463,2.957
return,5114.000,-151.674,-238.798,2.929
return,5116.000,-150.569,-237.131,2.901
return,5118.000,-149.466,-235.463,2.875
return,5120.000,-148.363,-233.795,2.849
return,5122.000,-147.261,-232.126,2.825
return,5124.000,-146.158,-230.458,2.799
return,5126.000,-145.051,-228.792,2.770
return,5128.000,-143.942,-227.129,2.738
return,5130.000,-142.831,-225.466,2.704
return,5132.000,-141.720,-223.803,2.670
return,5134.000,-140.611,-222.139,2.639
return,5136.000,-139.502,-220.475,2.613
return,5138.000,-138.391,-218.812,2.588
return,5140.000,-137.278,-217.150,2.562
return,5142.000,-136.162,-215.491,2.534
return,5144.000,-135.046,-213.832,2.502
return,5146.000,-133.934,-212.170,2.469
return,5148.000,-132.827,-210.504,2.439
return,5150.000,-131.724,-208.836,2.411
return,5152.000,-130.618,-207.170,2.385
return,5154.000,-129.507,-205.507,2.359
return,5156.000,-128.393,-203.847,2.332
return,5158.000,-127.278,-202.186,2.303
return,5160.000,-126.166,-200.524,2.275
return,5162.000,-125.055,-198.861,2.249
return,5164.000,-123.946,-197.197,2.227
return,5166.000,-122.836,-195.534,2.202
return,5168.000,-121.723,-193.872,2.176
return,5170.000,-120.608,-192.212,2.146
return,5172.000,-119.495,-190.551,2.115
return,5174.000,-118.382,-188.889,2.083
return,5176.000,-117.272,-187.226,2.050
return,5178.000,-116.164,-185.561,2.016
return,5180.000,-115.058,-183.895,1.982
return,5182.000,-113.950,-182.230,1.946
return,5184.000,-112.839,-180.568,1.910
return,5186.000,-111.723,-178.909,1.871
return,5188.000,-110.603,-177.252,1.829
return,5190.000,-109.485,-175.594,1.786
return,5192.000,-108.371,-173.934,1.750
return,5194.000,-107.263,-172.269,1.719
return,5196.000,-106.158,-170.602,1.690
return,5198.000,-105.054,-168.935,1.660
return,5200.000,-103.949,-167.268,1.629
return,5202.000,-102.843,-165.602,1.599
return,5204.000,-101.735,-163.937,1.568
return,5206.000,-100.626,-162.273,1.537
return,5208.000,-99.513,-160.611,1.506
return,5210.000,-98.398,-158.952,1.477
return,5212.000,-97.280,-157.294,1.446
return,5214.000,-96.162,-155.635,1.414
return,5216.000,-95.047,-153.976,1.381
return,5218.000,-93.933,-152.315,1.348
return,5220.000,-92.821,-150.653,1.314
return,5222.000,-91.710,-148.990,1.281
return,5224.000,-90.602,-147.326,1.246
return,5226.000,-89.494,-145.661,1.212
return,5228.000,-88.384,-143.997,1.180
return,5230.000,-87.273,-142.334,1.149
return,5232.000,-86.163,-140.671,1.120
return,5234.000,-85.052,-139.008,1.095
return,5236.000,-83.941,-137.345,1.075
return,5238.000,-82.830,-135.683,1.060
return,5240.000,-81.719,-134.019,1.050
return,5242.000,-80.609,-132.356,1.046
return,5244.000,-79.499,-130.692,1.049
return,5246.000,-78.391,-129.027,1.055
return,5248.000,-77.287,-127.360,1.060
return,5250.000,-76.183,-125.692,1.066
return,5252.000,-75.073,-124.028,1.072
return,5254.000,-73.959,-122.367,1.075
return,5256.000,-72.845,-120.706,1.072
return,5258.000,-71.730,-119.045,1.070
return,5260.000,-70.616,-117.385,1.075
return,5262.000,-69.504,-115.722,1.081
return,5264.000,-68.396,-114.057,1.082
return,5266.000,-67.288,-112.392,1.080
return,5268.000,-66.178,-110.728,1.083
return,5270.000,-65.066,-109.066,1.098
return,5272.000,-63.952,-107.406,1.128
return,5274.000,-62.834,-105.747,1.154
return,5276.000,-61.710,-104.093,1.167
return,5278.000,-60.572,-102.448,1.173
return,5280.000,-59.414,-100.818,1.186
return,5282.000,-58.236,-99.202,1.219
return,5284.000,-57.060,-97.584,1.237
return,5286.000,-55.924,-95.939,1.244
return,5288.000,-54.863,-94.243,1.243
return,5290.000,-53.899,-92.491,1.233
return,5292.000,-53.041,-90.685,1.219
return,5294.000,-52.303,-88.826,1.205
return,5296.000,-51.707,-86.918,1.200
return,5298.000,-51.252,-84.971,1.202
return,5300.000,-50.949,-82.994,1.208
return,5302.000,-50.793,-81.001,1.213
return,5304.000,-50.759,-79.001,1.214
return,5306.000,-50.805,-77.002,1.209
return,5308.000,-50.896,-75.004,1.195
return,5310.000,-51.011,-73.007,1.172
return,5312.000,-51.125,-71.011,1.139
return,5314.000,-51.213,-69.013,1.100
return,5316.000,-51.249,-67.014,1.066
return,5318.000,-51.215,-65.014,1.039
return,5320.000,-51.104,-63.017,1.013
return,5322.000,-50.907,-61.027,1.010
return,5324.000,-50.622,-59.048,1.023
return,5326.000,-50.247,-57.084,1.020
return,5328.000,-49.781,-55.139,1.005
return,5330.000,-49.229,-53.217,0.983
return,5332.000,-48.591,-51.322,0.956
return,5334.000,-47.868,-49.458,0.927
return,5336.000,-47.056,-47.630,0.899
return,5338.000,-46.155,-45.845,0.872
return,5340.000,-45.165,-44.108,0.847
return,5342.000,-44.090,-42.422,0.822
return,5344.000,-42.935,-40.790,0.794
return,5346.000,-41.707,-39.212,0.761
return,5348.000,-40.423,-37.679,0.725
return,5350.000,-39.107,-36.172,0.687
return,5352.000,-37.783,-34.674,0.650
return,5354.000,-36.459,-33.176,0.614
return,5356.000,-35.130,-31.682,0.579
return,5358.000,-33.778,-30.209,0.544
return,5360.000,-32.377,-28.782,0.506
return,5362.000,-30.915,-27.418,0.467
return,5364.000,-29.396,-26.118,0.428
return,5366.000,-27.838,-24.864,0.392
return,5368.000,-26.261,-23.635,0.360
return,5370.000,-24.678,-22.412,0.330
return,5372.000,-23.100,-21.184,0.304
return,5374.000,-21.529,-19.946,0.279
return,5376.000,-19.964,-18.701,0.253
return,5378.000,-18.399,-17.456,0.222
return,5380.000,-16.828,-16.220,0.190
return,5382.000,-15.246,-14.996,0.161
return,5384.000,-13.655,-13.784,0.138
return,5386.000,-12.060,-12.578,0.117
return,5388.000,-10.472,-11.362,0.099
return,5390.000,-8.911,-10.112,0.082
return,5392.000,-7.393,-8.810,0.069
return,5394.000,-5.935,-7.442,0.054
return,5396.000,-4.546,-6.003,0.040
return,5398.000,-3.237,-4.492,0.031
return,5400.000,-2.014,-2.910,0.028
return,5402.000,-0.878,-1.264,0.028
return,5404.000,0.181,0.432,0.028
